{"type": "FeatureCollection", "features": [{"type": "Feature", "geometry": {"type": "Polygon", "coordinates": [[[141.15681, 42.98894], [141.15642, 42.99015], [141.1543, 42.9901], [141.15559, 42.99109], [141.1524, 42.99165], [141.14953, 42.9939], [141.14643, 42.99306], [141.14854, 42.99474], [141.14736, 42.99722], [141.14594, 42.99707], [141.147, 42.99813], [141.14671, 42.99897], [141.14434, 43.0008], [141.14204, 42.99991], [141.14299, 43.00149], [141.14165, 43.00195], [141.14256, 43.00306], [141.14095, 43.00614], [141.13985, 43.00698], [141.1381, 43.00675], [141.13909, 43.00795], [141.13437, 43.0129], [141.13246, 43.01344], [141.13235, 43.0156], [141.1338, 43.01882], [141.13205, 43.01888], [141.13305, 43.02031], [141.13202, 43.02088], [141.13241, 43.02231], [141.13077, 43.0265], [141.13436, 43.02099], [141.13561, 43.01808], [141.13467, 43.01519], [141.13768, 43.01063], [141.14195, 43.00938], [141.14264, 43.0073], [141.14528, 43.00645], [141.15076, 43.0093], [141.15182, 43.01091], [141.15231, 43.0096], [141.14845, 43.00674], [141.14808, 43.00597], [141.14876, 43.00559], [141.14702, 43.004], [141.15056, 43.00122], [141.15049, 42.99955], [141.15466, 43.0003], [141.15212, 42.99843], [141.15345, 42.99829], [141.15571, 42.99575], [141.1569, 42.99591], [141.15676, 42.99484], [141.16071, 42.99089], [141.16347, 42.99055], [141.1647, 42.9896], [141.16664, 42.9908], [141.16692, 42.99017], [141.16889, 42.99005], [141.16495, 42.98891], [141.16171, 42.98892], [141.15937, 42.98506], [141.15502, 42.98503], [141.15371, 42.98572], [141.1559, 42.98624], [141.15681, 42.98894]]]}, "properties": {"name": "さっぽろ湖"}}, {"type": "Feature", "geometry": {"type": "Polygon", "coordinates": [[[141.14571, 42.90153], [141.14467, 42.90328], [141.14319, 42.90328], [141.14398, 42.90452], [141.14324, 42.90885], [141.14756, 42.91329], [141.15146, 42.91464], [141.15199, 42.91612], [141.15506, 42.91564], [141.15547, 42.91454], [141.15406, 42.91455], [141.15334, 42.91347], [141.15638, 42.91013], [141.1504, 42.91083], [141.14928, 42.90835], [141.14986, 42.90585], [141.14863, 42.90474], [141.15113, 42.90128], [141.15243, 42.90111], [141.15165, 42.90029], [141.15186, 42.89927], [141.1537, 42.8985], [141.15204, 42.89802], [141.1541, 42.89606], [141.15416, 42.89297], [141.15519, 42.89154], [141.15761, 42.89122], [141.15449, 42.89034], [141.15417, 42.88925], [141.15744, 42.88823], [141.15723, 42.8865], [141.15814, 42.88542], [141.15664, 42.88579], [141.15603, 42.88471], [141.158, 42.88112], [141.15699, 42.87933], [141.15488, 42.87874], [141.15621, 42.88012], [141.15498, 42.88323], [141.15515, 42.88711], [141.15286, 42.88712], [141.15277, 42.88827], [141.15127, 42.88888], [141.15272, 42.89134], [141.15208, 42.8926], [141.15085, 42.89236], [141.15116, 42.89441], [141.14877, 42.89714], [141.14787, 42.89696], [141.14788, 42.89967], [141.14571, 42.90153]]]}, "properties": {"name": "定山湖"}}, {"type": "Feature", "geometry": {"type": "Polygon", "coordinates": [[[141.04395, 43.13354], [141.04482, 43.13204], [141.044, 43.12958], [141.03839, 43.12442], [141.03605, 43.12389], [141.03931, 43.12833], [141.03989, 43.13248], [141.04395, 43.13354]]]}, "properties": {"name": "オタルナイ湖"}}, {"type": "Feature", "geometry": {"type": "Polygon", "coordinates": [[[144.41118, 42.9769], [144.40399, 42.97152], [144.4002, 42.97202], [144.396, 42.96983], [144.39325, 42.97092], [144.39541, 42.97147], [144.39902, 42.974], [144.40375, 42.97257], [144.40481, 42.97397], [144.40699, 42.97485], [144.40585, 42.97698], [144.40698, 42.97826], [144.40858, 42.97715], [144.41035, 42.97805], [144.41118, 42.9769]]]}, "properties": {"name": "春採湖"}}, {"type": "Feature", "geometry": {"type": "Polygon", "coordinates": [[[143.74607, 43.86033], [143.74806, 43.85971], [143.75247, 43.85616], [143.75393, 43.85609], [143.75211, 43.85467], [143.74847, 43.85626], [143.74443, 43.85939], [143.73911, 43.86161], [143.74607, 43.86033]]]}, "properties": {"name": "富里湖"}}, {"type": "Feature", "geometry": {"type": "Polygon", "coordinates": [[[142.10021, 43.04094], [142.09952, 43.04128], [142.1007, 43.04175], [142.09863, 43.0441], [142.10143, 43.04472], [142.1016, 43.04554], [142.10433, 43.0415], [142.10549, 43.04145], [142.10755, 43.03941], [142.10968, 43.03894], [142.10902, 43.03856], [142.11042, 43.03625], [142.11443, 43.03749], [142.1105, 43.03528], [142.11102, 43.03461], [142.10826, 43.0345], [142.10885, 43.03448], [142.1074, 43.03132], [142.11208, 43.03117], [142.10753, 43.03058], [142.10768, 43.02854], [142.10849, 43.02851], [142.10721, 43.02713], [142.10904, 43.02548], [142.11186, 43.02648], [142.11345, 43.02576], [142.11494, 43.0269], [142.11474, 43.02609], [142.11923, 43.02468], [142.11778, 43.02414], [142.11722, 43.02285], [142.1219, 43.01943], [142.11984, 43.01737], [142.12099, 43.01558], [142.12012, 43.01459], [142.1225, 43.01563], [142.12297, 43.01767], [142.12375, 43.01782], [142.12431, 43.0176], [142.12322, 43.01758], [142.12364, 43.01646], [142.12201, 43.01448], [142.12242, 43.01348], [142.12483, 43.01279], [142.12758, 43.01393], [142.13012, 43.01258], [142.12891, 43.01053], [142.12704, 43.00964], [142.12811, 43.00802], [142.13017, 43.00808], [142.13217, 43.00971], [142.1398, 43.00726], [142.13779, 43.0068], [142.13266, 43.00844], [142.12822, 43.00669], [142.12548, 43.00744], [142.12377, 43.00881], [142.12227, 43.00831], [142.12339, 43.00908], [142.12181, 43.01122], [142.12089, 43.0117], [142.12042, 43.01096], [142.1202, 43.01193], [142.11708, 43.01313], [142.11594, 43.01279], [142.11319, 43.0148], [142.11385, 43.01694], [142.11141, 43.01803], [142.11196, 43.01848], [142.11149, 43.01903], [142.10906, 43.01896], [142.10623, 43.02122], [142.10457, 43.02469], [142.10314, 43.02507], [142.10239, 43.0241], [142.10057, 43.0252], [142.10278, 43.02742], [142.10024, 43.03203], [142.10129, 43.03495], [142.10068, 43.03535], [142.10193, 43.03662], [142.10012, 43.03925], [142.10021, 43.04094]], [[142.1244, 43.01111], [142.12455, 43.01049], [142.12713, 43.01087], [142.12796, 43.01212], [142.1244, 43.01111]]]}, "properties": {"name": "シューパロ湖（シュウパロ湖）"}}, {"type": "Feature", "geometry": {"type": "Polygon", "coordinates": [[[144.34565, 43.94562], [144.34589, 43.9466], [144.35764, 43.95056], [144.35945, 43.9527], [144.35943, 43.95437], [144.36339, 43.95572], [144.36001, 43.95394], [144.36012, 43.95287], [144.3671, 43.94877], [144.36916, 43.94997], [144.36808, 43.95188], [144.37224, 43.95059], [144.37747, 43.95013], [144.37907, 43.94825], [144.37828, 43.94592], [144.38342, 43.94279], [144.39469, 43.94216], [144.40244, 43.94053], [144.40815, 43.94098], [144.40871, 43.93944], [144.40762, 43.93914], [144.40807, 43.9384], [144.41322, 43.9366], [144.41737, 43.93633], [144.42055, 43.93455], [144.42707, 43.93449], [144.42888, 43.93371], [144.43998, 43.93446], [144.44015, 43.93319], [144.44182, 43.9322], [144.4412, 43.93082], [144.43828, 43.92922], [144.43573, 43.92663], [144.43403, 43.92642], [144.42983, 43.92359], [144.43175, 43.92294], [144.43642, 43.92401], [144.43847, 43.92272], [144.43768, 43.92365], [144.44141, 43.9222], [144.44291, 43.91954], [144.43953, 43.91638], [144.43883, 43.9141], [144.43723, 43.91416], [144.43804, 43.9148], [144.43672, 43.91569], [144.43683, 43.91417], [144.43619, 43.9139], [144.43561, 43.9164], [144.43456, 43.91697], [144.43517, 43.91779], [144.43132, 43.91813], [144.42993, 43.91969], [144.42891, 43.91978], [144.42807, 43.92192], [144.4292, 43.92332], [144.42749, 43.92316], [144.4203, 43.92697], [144.41957, 43.92868], [144.42175, 43.9289], [144.42259, 43.93012], [144.41804, 43.93191], [144.41408, 43.932], [144.40523, 43.92875], [144.40072, 43.92826], [144.39853, 43.92678], [144.39718, 43.92728], [144.39643, 43.92628], [144.39409, 43.92573], [144.38817, 43.92536], [144.38656, 43.92587], [144.38524, 43.92753], [144.38277, 43.92778], [144.38027, 43.93144], [144.3804, 43.93364], [144.38407, 43.93529], [144.37453, 43.93942], [144.37334, 43.94231], [144.36896, 43.94474], [144.36491, 43.94428], [144.36346, 43.94552], [144.36085, 43.94583], [144.35702, 43.94378], [144.35178, 43.94308], [144.34941, 43.94142], [144.34874, 43.94165], [144.34889, 43.94337], [144.34828, 43.94308], [144.34815, 43.94417], [144.34723, 43.94443], [144.34704, 43.94296], [144.34601, 43.94345], [144.34565, 43.94562]], [[144.37101, 43.94776], [144.3759, 43.94627], [144.37778, 43.94902], [144.37625, 43.94991], [144.37062, 43.9504], [144.36898, 43.9487], [144.37101, 43.94776]], [[144.36114, 43.95136], [144.36171, 43.95144], [144.36031, 43.95211], [144.36114, 43.95136]], [[144.38614, 43.93631], [144.38435, 43.9362], [144.38471, 43.93548], [144.38614, 43.93631]]]}, "properties": {"name": "涛沸湖"}}, {"type": "Feature", "geometry": {"type": "Polygon", "coordinates": [[[144.31457, 43.95329], [144.31681, 43.9556], [144.31547, 43.95702], [144.31578, 43.95787], [144.32071, 43.96083], [144.32062, 43.96233], [144.32023, 43.9611], [144.31876, 43.96146], [144.31892, 43.96329], [144.32613, 43.96424], [144.32895, 43.96278], [144.33199, 43.96387], [144.33199, 43.96468], [144.32901, 43.96418], [144.32727, 43.96527], [144.32786, 43.96823], [144.32856, 43.96809], [144.32763, 43.96558], [144.32935, 43.96464], [144.33248, 43.96462], [144.32866, 43.96192], [144.32723, 43.95988], [144.32852, 43.95621], [144.32702, 43.95446], [144.32492, 43.95403], [144.32341, 43.95481], [144.32008, 43.95215], [144.31815, 43.95243], [144.31723, 43.95115], [144.31492, 43.95224], [144.31457, 43.95329]], [[144.32769, 43.96184], [144.32822, 43.96137], [144.32897, 43.96233], [144.32769, 43.96184]]]}, "properties": {"name": "藻琴湖"}}, {"type": "Feature", "geometry": {"type": "Polygon", "coordinates": [[[144.1574, 44.00093], [144.16032, 43.99916], [144.16214, 43.99607], [144.15629, 43.9903], [144.15727, 43.99251], [144.15471, 43.99368], [144.15433, 43.99545], [144.1554, 44.00115], [144.1574, 44.00093]]]}, "properties": {"name": "リヤウシ湖"}}, {"type": "Feature", "geometry": {"type": "Polygon", "coordinates": [[[144.1783, 44.00027], [144.18114, 44.00121], [144.19013, 44.00732], [144.20975, 44.00754], [144.2255, 44.00246], [144.22218, 43.99983], [144.22329, 43.9979], [144.2229, 43.99386], [144.218, 43.99044], [144.22043, 43.98457], [144.21734, 43.98299], [144.21756, 43.98159], [144.21638, 43.98037], [144.21604, 43.97825], [144.21598, 43.97942], [144.21533, 43.97911], [144.21573, 43.97684], [144.21474, 43.97528], [144.21322, 43.9761], [144.21252, 43.97761], [144.21295, 43.97952], [144.21105, 43.98157], [144.21267, 43.98446], [144.21262, 43.98654], [144.2141, 43.98773], [144.21238, 43.98884], [144.21431, 43.99085], [144.21465, 43.99258], [144.21308, 43.99467], [144.21426, 43.99394], [144.21617, 43.99507], [144.21629, 43.99762], [144.21345, 43.99531], [144.21023, 43.99516], [144.2052, 43.99344], [144.20358, 43.99394], [144.20136, 43.99094], [144.19974, 43.99023], [144.19831, 43.98694], [144.19811, 43.98355], [144.20009, 43.98227], [144.20044, 43.98023], [144.19748, 43.97759], [144.19662, 43.9751], [144.19697, 43.9681], [144.19487, 43.96772], [144.19622, 43.96763], [144.19649, 43.96694], [144.19733, 43.96768], [144.20064, 43.96105], [144.19899, 43.95792], [144.19735, 43.95689], [144.19121, 43.95535], [144.18797, 43.95672], [144.18428, 43.95455], [144.18138, 43.95472], [144.17766, 43.95137], [144.1775, 43.94901], [144.18002, 43.94617], [144.18088, 43.94305], [144.17931, 43.93964], [144.17644, 43.93695], [144.17616, 43.93523], [144.17813, 43.92878], [144.17951, 43.92687], [144.18098, 43.92651], [144.1811, 43.92413], [144.17915, 43.92122], [144.17456, 43.91827], [144.16843, 43.91718], [144.16275, 43.9173], [144.16114, 43.91816], [144.16025, 43.91995], [144.16106, 43.92165], [144.15857, 43.92132], [144.161, 43.92184], [144.16128, 43.92263], [144.15899, 43.92275], [144.15751, 43.92434], [144.15776, 43.92544], [144.16148, 43.92825], [144.16474, 43.92805], [144.16619, 43.92614], [144.16611, 43.92741], [144.16473, 43.92867], [144.16168, 43.92927], [144.16301, 43.93042], [144.15997, 43.93197], [144.15874, 43.93482], [144.155, 43.9335], [144.15104, 43.93381], [144.14961, 43.93562], [144.14893, 43.93846], [144.14708, 43.93969], [144.14703, 43.94086], [144.145, 43.94161], [144.13934, 43.93952], [144.13587, 43.93725], [144.13136, 43.9385], [144.12679, 43.93728], [144.1251, 43.93866], [144.12488, 43.94045], [144.12765, 43.947], [144.12903, 43.94794], [144.12991, 43.9518], [144.13335, 43.95565], [144.13635, 43.95756], [144.14453, 43.96063], [144.14948, 43.96384], [144.15262, 43.97043], [144.16143, 43.98248], [144.16703, 43.99245], [144.1672, 43.99541], [144.16822, 43.99709], [144.17053, 43.99851], [144.17665, 43.99936], [144.1783, 44.00027]], [[144.16217, 43.93126], [144.1632, 43.93059], [144.16286, 43.93144], [144.16217, 43.93126]], [[144.16459, 43.93047], [144.16237, 43.92945], [144.16646, 43.9289], [144.16806, 43.92972], [144.16459, 43.93047]], [[144.16814, 43.92939], [144.16538, 43.92867], [144.16744, 43.92779], [144.16814, 43.92939]], [[144.16827, 43.92677], [144.16804, 43.92824], [144.16744, 43.92762], [144.16827, 43.92677]], [[144.16666, 43.92606], [144.16683, 43.92676], [144.16788, 43.9268], [144.16623, 43.92792], [144.16666, 43.92606]]]}, "properties": {"name": "網走湖"}}, {"type": "Feature", "geometry": {"type": "Polygon", "coordinates": [[[144.15857, 44.09726], [144.16237, 44.09769], [144.16509, 44.0968], [144.16968, 44.09746], [144.18067, 44.10088], [144.1817, 44.10081], [144.18121, 44.09924], [144.1768, 44.09957], [144.18281, 44.09896], [144.18314, 44.1022], [144.18558, 44.10245], [144.18615, 44.10406], [144.1892, 44.10358], [144.19031, 44.10248], [144.19048, 44.1009], [144.18814, 44.09838], [144.18848, 44.09751], [144.19165, 44.09675], [144.18916, 44.09819], [144.19097, 44.10146], [144.19238, 44.10201], [144.19531, 44.10148], [144.19498, 44.1002], [144.19622, 44.09971], [144.19609, 44.09857], [144.19825, 44.0991], [144.19458, 44.09747], [144.19253, 44.09497], [144.19261, 44.09571], [144.19156, 44.09126], [144.19148, 44.08352], [144.19297, 44.08071], [144.19659, 44.07683], [144.19718, 44.07471], [144.19634, 44.07325], [144.19782, 44.0694], [144.19538, 44.05698], [144.19289, 44.05142], [144.19338, 44.04972], [144.19157, 44.04718], [144.18975, 44.04771], [144.19142, 44.047], [144.19071, 44.04588], [144.18949, 44.04616], [144.18924, 44.04752], [144.1866, 44.04721], [144.18928, 44.04795], [144.18608, 44.04756], [144.18073, 44.03944], [144.17731, 44.0363], [144.17741, 44.03523], [144.18077, 44.03308], [144.17961, 44.03179], [144.16613, 44.02337], [144.16034, 44.02051], [144.15778, 44.02016], [144.15094, 44.01639], [144.13155, 44.01205], [144.1244, 44.0122], [144.11848, 44.01303], [144.11947, 44.01422], [144.12205, 44.01365], [144.11599, 44.01649], [144.11506, 44.01472], [144.11423, 44.01493], [144.11503, 44.01624], [144.1144, 44.01641], [144.11335, 44.0143], [144.11234, 44.01443], [144.10723, 44.01811], [144.10196, 44.01952], [144.10166, 44.02017], [144.10338, 44.02151], [144.10219, 44.02171], [144.10372, 44.02246], [144.10364, 44.02315], [144.09904, 44.02493], [144.09766, 44.03053], [144.10139, 44.03577], [144.0998, 44.03724], [144.10164, 44.04007], [144.10134, 44.0425], [144.1032, 44.04449], [144.10229, 44.04612], [144.10549, 44.05245], [144.1053, 44.05818], [144.10593, 44.05964], [144.10728, 44.06021], [144.10616, 44.06076], [144.10603, 44.06224], [144.10845, 44.06367], [144.10736, 44.06522], [144.10789, 44.06732], [144.11269, 44.07637], [144.11329, 44.0808], [144.11206, 44.08718], [144.11322, 44.08745], [144.11213, 44.08837], [144.1137, 44.09013], [144.11625, 44.09117], [144.11715, 44.09035], [144.11834, 44.09059], [144.1177, 44.09204], [144.11881, 44.09057], [144.11892, 44.09134], [144.12305, 44.09278], [144.134, 44.09468], [144.15857, 44.09726]]]}, "properties": {"name": "能取湖"}}, {"type": "Feature", "geometry": {"type": "Polygon", "coordinates": [[[141.72056, 42.70518], [141.7209, 42.70692], [141.72277, 42.70612], [141.72321, 42.69892], [141.71994, 42.69851], [141.71523, 42.69571], [141.71378, 42.68984], [141.71214, 42.69173], [141.70607, 42.69436], [141.70584, 42.6956], [141.69847, 42.69596], [141.69808, 42.69436], [141.69566, 42.69524], [141.6961, 42.69579], [141.69472, 42.69901], [141.6969, 42.70035], [141.70223, 42.70071], [141.70512, 42.70246], [141.7138, 42.70432], [141.7133, 42.70491], [141.71412, 42.70553], [141.71591, 42.70562], [141.71671, 42.70438], [141.71653, 42.70548], [141.71713, 42.70568], [141.71844, 42.70428], [141.72046, 42.70459], [141.72056, 42.70518]], [[141.70677, 42.7002], [141.70752, 42.69976], [141.70356, 42.6992], [141.70327, 42.69828], [141.70503, 42.69743], [141.70642, 42.69785], [141.70834, 42.69966], [141.70782, 42.70018], [141.70859, 42.70187], [141.70708, 42.70205], [141.7072, 42.70083], [141.70566, 42.7012], [141.70677, 42.7002]], [[141.71709, 42.69744], [141.71786, 42.6978], [141.7169, 42.698], [141.71709, 42.69744]]]}, "properties": {"name": "ウトナイ湖"}}, {"type": "Feature", "geometry": {"type": "Polygon", "coordinates": [[[141.77221, 45.38996], [141.77582, 45.38548], [141.77725, 45.38514], [141.7784, 45.38283], [141.77327, 45.37935], [141.77319, 45.37644], [141.77462, 45.37811], [141.7732, 45.37439], [141.76857, 45.37411], [141.76246, 45.37161], [141.76166, 45.36949], [141.76017, 45.36861], [141.75346, 45.36684], [141.74912, 45.36882], [141.74419, 45.37475], [141.74261, 45.37936], [141.74666, 45.3868], [141.74879, 45.38884], [141.76736, 45.38959], [141.77068, 45.3905], [141.77221, 45.38996]]]}, "properties": {"name": "大沼"}}, {"type": "Feature", "geometry": {"type": "Polygon", "coordinates": [[[141.98464, 43.3635], [141.98514, 43.36201], [141.98246, 43.3599], [141.98171, 43.35797], [141.98357, 43.35766], [141.98041, 43.35715], [141.98171, 43.35643], [141.98066, 43.35524], [141.98212, 43.35372], [141.98084, 43.35447], [141.98054, 43.35381], [141.97862, 43.35502], [141.98046, 43.35612], [141.97934, 43.35717], [141.98495, 43.36214], [141.98464, 43.3635]]]}, "properties": {"name": "びばい湖"}}, {"type": "Feature", "geometry": {"type": "Polygon", "coordinates": [[[142.10878, 43.27707], [142.10809, 43.27776], [142.1085, 43.27855], [142.106, 43.2783], [142.10336, 43.2799], [142.10149, 43.27885], [142.10201, 43.27776], [142.10052, 43.27655], [142.10085, 43.27407], [142.09997, 43.27444], [142.09988, 43.27647], [142.10125, 43.27773], [142.10026, 43.27971], [142.10157, 43.28026], [142.09909, 43.28433], [142.09986, 43.28436], [142.10288, 43.28058], [142.10524, 43.27979], [142.10623, 43.27862], [142.10939, 43.27909], [142.10835, 43.27778], [142.10878, 43.27707]]]}, "properties": {"name": "芦別湖"}}, {"type": "Feature", "geometry": {"type": "Polygon", "coordinates": [[[142.29015, 43.44615], [142.28952, 43.44572], [142.2905, 43.44391], [142.28585, 43.44381], [142.28355, 43.44669], [142.28362, 43.44943], [142.28814, 43.45222], [142.29673, 43.4529], [142.30123, 43.45172], [142.30021, 43.45127], [142.30141, 43.45019], [142.30511, 43.4516], [142.31395, 43.44994], [142.31655, 43.45074], [142.31591, 43.44993], [142.3193, 43.44894], [142.32049, 43.44674], [142.32469, 43.44404], [142.32762, 43.44102], [142.32772, 43.43842], [142.32945, 43.43896], [142.32913, 43.43761], [142.33166, 43.43493], [142.33111, 43.43256], [142.33438, 43.43155], [142.3323, 43.4309], [142.3334, 43.42945], [142.33269, 43.4284], [142.33397, 43.4259], [142.33365, 43.4191], [142.33275, 43.41764], [142.33323, 43.41553], [142.33176, 43.41483], [142.33018, 43.41651], [142.32847, 43.42501], [142.32743, 43.42574], [142.32693, 43.43034], [142.32431, 43.43372], [142.32317, 43.4339], [142.32361, 43.4347], [142.32064, 43.43884], [142.31751, 43.44017], [142.31388, 43.44343], [142.31168, 43.44346], [142.30992, 43.44248], [142.30119, 43.44328], [142.30039, 43.44445], [142.29312, 43.44844], [142.29201, 43.44833], [142.29015, 43.44615]]]}, "properties": {"name": "滝里湖"}}, {"type": "Feature", "geometry": {"type": "Polygon", "coordinates": [[[142.23382, 43.48718], [142.23585, 43.48686], [142.23803, 43.48931], [142.23665, 43.48585], [142.23375, 43.48248], [142.22952, 43.48257], [142.22608, 43.48408], [142.22679, 43.48332], [142.22564, 43.48328], [142.22387, 43.48746], [142.22137, 43.48719], [142.22126, 43.4854], [142.21913, 43.48691], [142.2175, 43.48527], [142.21871, 43.48693], [142.21836, 43.48768], [142.22037, 43.48891], [142.22133, 43.4887], [142.22248, 43.49026], [142.22539, 43.49007], [142.22788, 43.48837], [142.2321, 43.48781], [142.23276, 43.48691], [142.22956, 43.48662], [142.23007, 43.48642], [142.23382, 43.48718]], [[142.23043, 43.48539], [142.22917, 43.485], [142.2254, 43.48633], [142.22705, 43.4845], [142.23131, 43.48554], [142.23037, 43.48595], [142.23043, 43.48539]]]}, "properties": {"name": "野花南湖"}}, {"type": "Feature", "geometry": {"type": "Polygon", "coordinates": [[[143.54371, 44.25176], [143.54127, 44.25173], [143.54068, 44.25273], [143.54177, 44.25583], [143.5433, 44.25659], [143.56084, 44.25043], [143.56163, 44.24938], [143.5615, 44.24708], [143.55798, 44.23932], [143.55316, 44.23558], [143.55155, 44.23532], [143.55027, 44.23615], [143.55013, 44.23517], [143.54842, 44.23516], [143.54725, 44.23581], [143.54637, 44.23447], [143.54283, 44.23696], [143.54245, 44.23822], [143.54608, 44.23994], [143.5457, 44.24064], [143.54438, 44.24012], [143.54266, 44.24096], [143.54512, 44.24212], [143.54383, 44.24223], [143.54419, 44.24317], [143.54085, 44.24704], [143.54498, 44.24977], [143.54371, 44.25176]]]}, "properties": {"name": "シブノツナイ湖"}}, {"type": "Feature", "geometry": {"type": "Polygon", "coordinates": [[[143.51173, 44.26834], [143.51478, 44.2674], [143.51616, 44.26464], [143.51483, 44.26355], [143.51604, 44.26295], [143.51578, 44.26359], [143.51642, 44.26363], [143.51796, 44.25794], [143.51768, 44.25306], [143.5164, 44.2498], [143.51479, 44.24844], [143.50932, 44.24702], [143.50684, 44.24781], [143.50237, 44.24759], [143.50032, 44.24844], [143.49931, 44.25239], [143.49776, 44.25381], [143.48667, 44.25502], [143.48854, 44.25705], [143.49414, 44.26015], [143.49413, 44.26202], [143.49145, 44.26443], [143.49266, 44.26412], [143.49625, 44.26627], [143.50209, 44.26635], [143.50718, 44.26936], [143.51173, 44.26834]], [[143.45752, 44.28891], [143.45925, 44.28551], [143.46311, 44.28508], [143.46959, 44.28216], [143.47369, 44.28269], [143.48169, 44.2788], [143.49386, 44.27452], [143.4941, 44.27382], [143.48416, 44.27193], [143.48257, 44.27496], [143.48335, 44.27828], [143.47958, 44.27875], [143.47789, 44.28046], [143.47281, 44.27643], [143.46828, 44.2745], [143.46784, 44.28185], [143.46332, 44.28449], [143.45816, 44.28503], [143.45671, 44.28654], [143.45664, 44.2889], [143.45742, 44.28941], [143.45752, 44.28891]]]}, "properties": {"name": "コムケ湖"}}, {"type": "Feature", "geometry": {"type": "Polygon", "coordinates": [[[142.02906, 43.25226], [142.0283, 43.25083], [142.02653, 43.25057], [142.02654, 43.2497], [142.02545, 43.24931], [142.02763, 43.24866], [142.02524, 43.24884], [142.02224, 43.2453], [142.02156, 43.2429], [142.02298, 43.24164], [142.02178, 43.24175], [142.02061, 43.24016], [142.01903, 43.23957], [142.01896, 43.23844], [142.0134, 43.23811], [142.01279, 43.23711], [142.01365, 43.23642], [142.01202, 43.23599], [142.0127, 43.23522], [142.01173, 43.23493], [142.01229, 43.23423], [142.01114, 43.23428], [142.01093, 43.23294], [142.00906, 43.23227], [142.0161, 43.22925], [142.01955, 43.23028], [142.01935, 43.23106], [142.02078, 43.23067], [142.02326, 43.23168], [142.02563, 43.23336], [142.02464, 43.23457], [142.02684, 43.23389], [142.02969, 43.23609], [142.02964, 43.23502], [142.03189, 43.23511], [142.03222, 43.23613], [142.03441, 43.23741], [142.04402, 43.236], [142.04657, 43.23748], [142.04833, 43.24023], [142.0471, 43.24126], [142.04727, 43.24273], [142.04666, 43.24311], [142.04764, 43.24525], [142.04719, 43.24311], [142.04799, 43.24314], [142.04752, 43.24234], [142.0488, 43.24052], [142.04731, 43.23805], [142.05491, 43.2386], [142.0556, 43.23958], [142.05531, 43.23841], [142.0564, 43.23917], [142.05753, 43.23803], [142.06252, 43.23781], [142.05736, 43.23732], [142.05596, 43.23826], [142.05536, 43.23752], [142.05407, 43.23811], [142.05176, 43.23709], [142.05029, 43.23756], [142.04373, 43.23383], [142.04352, 43.23259], [142.04466, 43.23099], [142.04785, 43.23012], [142.04689, 43.229], [142.04758, 43.2277], [142.04988, 43.22821], [142.05108, 43.22763], [142.05204, 43.22463], [142.05023, 43.22343], [142.0501, 43.22225], [142.0543, 43.22221], [142.05492, 43.22058], [142.0536, 43.21911], [142.05678, 43.21816], [142.05635, 43.21598], [142.05557, 43.21635], [142.05626, 43.21747], [142.05579, 43.21806], [142.05234, 43.21845], [142.05209, 43.21935], [142.05344, 43.22034], [142.05328, 43.2212], [142.04886, 43.22137], [142.04865, 43.22424], [142.04949, 43.22498], [142.0484, 43.22618], [142.04589, 43.22573], [142.04324, 43.22724], [142.04226, 43.22951], [142.04017, 43.23093], [142.04006, 43.23239], [142.0372, 43.23441], [142.03386, 43.2325], [142.03305, 43.23109], [142.03152, 43.23074], [142.03213, 43.22987], [142.03045, 43.23047], [142.02698, 43.22894], [142.02781, 43.22745], [142.02573, 43.22824], [142.02634, 43.22484], [142.02414, 43.22761], [142.02126, 43.22662], [142.02137, 43.2254], [142.01995, 43.22641], [142.01871, 43.22393], [142.01766, 43.2262], [142.01707, 43.22492], [142.01604, 43.22537], [142.01526, 43.22474], [142.01292, 43.22585], [142.01287, 43.22429], [142.01462, 43.22212], [142.01435, 43.22016], [142.01612, 43.21959], [142.01467, 43.21874], [142.0153, 43.21822], [142.01454, 43.21757], [142.01475, 43.21602], [142.01869, 43.21462], [142.01439, 43.21497], [142.01409, 43.21337], [142.0148, 43.21186], [142.01379, 43.21158], [142.01376, 43.21071], [142.01594, 43.2074], [142.01318, 43.20835], [142.01325, 43.20983], [142.01219, 43.21035], [142.01201, 43.21177], [142.01074, 43.21207], [142.01239, 43.21262], [142.0128, 43.21607], [142.01246, 43.21889], [142.01118, 43.22075], [142.01146, 43.22221], [142.00925, 43.22452], [142.00636, 43.22567], [142.00454, 43.22347], [142.00368, 43.22551], [142.00428, 43.22629], [142.00343, 43.22674], [142.00043, 43.22636], [141.99503, 43.22384], [141.99563, 43.22339], [141.9953, 43.22222], [141.99061, 43.21954], [141.99167, 43.218], [141.99015, 43.21813], [141.98976, 43.21707], [141.98958, 43.21793], [141.98721, 43.21558], [141.98586, 43.21588], [141.9857, 43.21455], [141.98387, 43.21468], [141.98565, 43.21466], [141.98565, 43.2158], [141.9851, 43.21559], [141.98711, 43.21634], [141.98814, 43.21768], [141.98795, 43.2188], [141.98953, 43.21876], [141.98934, 43.22059], [141.98816, 43.22102], [141.99073, 43.22097], [141.99306, 43.22293], [141.99231, 43.22398], [141.9959, 43.22581], [141.99569, 43.22769], [141.99371, 43.22925], [141.99723, 43.2277], [141.99763, 43.22866], [141.9988, 43.22875], [141.99811, 43.23059], [142.0006, 43.22931], [142.00231, 43.22984], [142.00253, 43.23072], [142.00385, 43.23025], [142.00531, 43.23114], [142.005, 43.23254], [142.00615, 43.23582], [142.00232, 43.23665], [142.00109, 43.23939], [142.00465, 43.24008], [142.00748, 43.23951], [142.00962, 43.241], [142.01007, 43.24006], [142.011, 43.24133], [142.01182, 43.241], [142.01357, 43.24249], [142.0142, 43.24175], [142.01517, 43.2425], [142.01855, 43.24203], [142.01719, 43.24302], [142.01916, 43.24298], [142.02121, 43.2458], [142.02252, 43.24641], [142.02512, 43.25016], [142.02487, 43.2516], [142.0275, 43.25128], [142.02753, 43.25212], [142.02906, 43.25226]]]}, "properties": {"name": "桂沢湖"}}, {"type": "Feature", "geometry": {"type": "Polygon", "coordinates": [[[145.55157, 43.25061], [145.55067, 43.24971], [145.55201, 43.24874], [145.55169, 43.24623], [145.54924, 43.24412], [145.55013, 43.24379], [145.55042, 43.24138], [145.54658, 43.24264], [145.54391, 43.24033], [145.5428, 43.24058], [145.54351, 43.2424], [145.5451, 43.24325], [145.54232, 43.24395], [145.54641, 43.24621], [145.546, 43.24744], [145.54817, 43.25026], [145.55015, 43.25117], [145.55157, 43.25061]]]}, "properties": {"name": "長節湖"}}, {"type": "Feature", "geometry": {"type": "Polygon", "coordinates": [[[145.23966, 43.35509], [145.2413, 43.35596], [145.24228, 43.3555], [145.246, 43.35773], [145.26626, 43.35793], [145.28206, 43.35618], [145.29519, 43.35266], [145.30133, 43.34737], [145.30398, 43.34779], [145.30229, 43.34763], [145.30304, 43.34849], [145.30131, 43.34796], [145.30176, 43.34892], [145.30246, 43.34846], [145.30286, 43.34997], [145.30168, 43.35034], [145.30183, 43.35119], [145.30372, 43.35146], [145.30299, 43.34942], [145.30446, 43.34892], [145.30687, 43.34627], [145.30712, 43.34327], [145.30605, 43.34071], [145.30575, 43.34155], [145.30632, 43.3348], [145.30841, 43.33093], [145.31089, 43.32967], [145.31718, 43.32951], [145.32213, 43.32644], [145.32097, 43.3256], [145.32097, 43.32465], [145.32695, 43.32406], [145.33056, 43.32152], [145.33051, 43.32086], [145.33272, 43.32004], [145.33477, 43.32017], [145.33518, 43.32123], [145.33352, 43.32566], [145.33375, 43.32684], [145.33477, 43.32753], [145.33783, 43.32738], [145.34623, 43.32052], [145.34826, 43.31626], [145.34952, 43.31681], [145.3503, 43.31633], [145.35108, 43.31733], [145.35292, 43.31389], [145.35801, 43.31224], [145.3585, 43.31268], [145.35781, 43.31396], [145.35943, 43.31246], [145.36003, 43.31363], [145.35728, 43.31594], [145.358, 43.31596], [145.35748, 43.31674], [145.36189, 43.31487], [145.36348, 43.31287], [145.37272, 43.30915], [145.37484, 43.30698], [145.3781, 43.30589], [145.37912, 43.30389], [145.38124, 43.30258], [145.38091, 43.30004], [145.38164, 43.29951], [145.38087, 43.29872], [145.38155, 43.29804], [145.38356, 43.29693], [145.38593, 43.29738], [145.39688, 43.29102], [145.39303, 43.28886], [145.391, 43.28657], [145.39152, 43.28604], [145.39372, 43.28657], [145.39386, 43.28855], [145.39276, 43.28806], [145.39718, 43.29], [145.39674, 43.2905], [145.40572, 43.29193], [145.42217, 43.28782], [145.42728, 43.28541], [145.42541, 43.28604], [145.42657, 43.28525], [145.42383, 43.28545], [145.42351, 43.28463], [145.40538, 43.29088], [145.40172, 43.29075], [145.39775, 43.28898], [145.39818, 43.28836], [145.4007, 43.28888], [145.40266, 43.28829], [145.40413, 43.28965], [145.40683, 43.2892], [145.41005, 43.28785], [145.41258, 43.28527], [145.41756, 43.28568], [145.42507, 43.28199], [145.42273, 43.28115], [145.41149, 43.28409], [145.40567, 43.28411], [145.40307, 43.28305], [145.40328, 43.28155], [145.40499, 43.28038], [145.40809, 43.27933], [145.42383, 43.27716], [145.42858, 43.27539], [145.43547, 43.27097], [145.44375, 43.26918], [145.44886, 43.26901], [145.4562, 43.26438], [145.46161, 43.26604], [145.46491, 43.26858], [145.4658, 43.27047], [145.46443, 43.27168], [145.46624, 43.2718], [145.46758, 43.27373], [145.4725, 43.27227], [145.47289, 43.27066], [145.47077, 43.26974], [145.47021, 43.26863], [145.45807, 43.26279], [145.45112, 43.26422], [145.44344, 43.26224], [145.4395, 43.26217], [145.42317, 43.26564], [145.40276, 43.26618], [145.3954, 43.26584], [145.39001, 43.26249], [145.38882, 43.26409], [145.38758, 43.26311], [145.38507, 43.26349], [145.3784, 43.26888], [145.37378, 43.27047], [145.37087, 43.27062], [145.36745, 43.27375], [145.35816, 43.27825], [145.3474, 43.27941], [145.33116, 43.28464], [145.32587, 43.28471], [145.31989, 43.28244], [145.31983, 43.28027], [145.32299, 43.27694], [145.32193, 43.27595], [145.32068, 43.27656], [145.3111, 43.2757], [145.30984, 43.27647], [145.30949, 43.27822], [145.30638, 43.28073], [145.30129, 43.28345], [145.29454, 43.28532], [145.29307, 43.28813], [145.29064, 43.28969], [145.29292, 43.28915], [145.29628, 43.29011], [145.30108, 43.28962], [145.30207, 43.29029], [145.30286, 43.29309], [145.30264, 43.29583], [145.29984, 43.30194], [145.29576, 43.30629], [145.29288, 43.30671], [145.29368, 43.30709], [145.29417, 43.30891], [145.29666, 43.30737], [145.29925, 43.30702], [145.30634, 43.30863], [145.31358, 43.30724], [145.3219, 43.30366], [145.3264, 43.30315], [145.3298, 43.30136], [145.33412, 43.30575], [145.3338, 43.30751], [145.3257, 43.31287], [145.30918, 43.31885], [145.30541, 43.32107], [145.28909, 43.32432], [145.28412, 43.32415], [145.27086, 43.32168], [145.26426, 43.32442], [145.26114, 43.32418], [145.26125, 43.32512], [145.26029, 43.32543], [145.25906, 43.32515], [145.2583, 43.32328], [145.25576, 43.32196], [145.25497, 43.32288], [145.25043, 43.32251], [145.24925, 43.32349], [145.24659, 43.32246], [145.24606, 43.32126], [145.24759, 43.31924], [145.24673, 43.31794], [145.24773, 43.31693], [145.24773, 43.31482], [145.24653, 43.31445], [145.24713, 43.31508], [145.2461, 43.3157], [145.24607, 43.315], [145.24531, 43.31509], [145.24549, 43.31569], [145.24481, 43.31452], [145.24476, 43.31525], [145.24402, 43.31514], [145.24548, 43.31598], [145.24494, 43.31704], [145.24611, 43.3171], [145.2445, 43.3175], [145.24394, 43.31593], [145.2429, 43.31847], [145.24457, 43.32036], [145.24461, 43.31943], [145.24542, 43.31925], [145.2449, 43.32065], [145.24203, 43.32034], [145.24011, 43.32201], [145.24366, 43.32071], [145.24464, 43.32105], [145.24484, 43.32253], [145.24282, 43.32211], [145.24112, 43.32311], [145.24203, 43.32297], [145.24145, 43.32335], [145.24212, 43.32366], [145.24003, 43.32427], [145.2412, 43.32664], [145.24079, 43.32722], [145.23973, 43.3262], [145.23979, 43.32728], [145.23903, 43.32754], [145.23975, 43.32894], [145.23797, 43.32821], [145.23733, 43.32872], [145.23819, 43.32869], [145.238, 43.33001], [145.2372, 43.32958], [145.23656, 43.33085], [145.23389, 43.33242], [145.22971, 43.33323], [145.22989, 43.3342], [145.23078, 43.33376], [145.23083, 43.33542], [145.23201, 43.33581], [145.23181, 43.33816], [145.23367, 43.34026], [145.2345, 43.34293], [145.23398, 43.34337], [145.23532, 43.34442], [145.23749, 43.34446], [145.23534, 43.34512], [145.23528, 43.34608], [145.2366, 43.34734], [145.23564, 43.35029], [145.2349, 43.35047], [145.23747, 43.35148], [145.23762, 43.3525], [145.23844, 43.35212], [145.2383, 43.35407], [145.23966, 43.35509]], [[145.24903, 43.33908], [145.24179, 43.33871], [145.24185, 43.33931], [145.23896, 43.33993], [145.23535, 43.34208], [145.23444, 43.34159], [145.23557, 43.3412], [145.23438, 43.34139], [145.23387, 43.33997], [145.23821, 43.33724], [145.2475, 43.33743], [145.25103, 43.33834], [145.25615, 43.33774], [145.25517, 43.33788], [145.25555, 43.33904], [145.25406, 43.33946], [145.24903, 43.33908]], [[145.34041, 43.31895], [145.34206, 43.31911], [145.34222, 43.31981], [145.33986, 43.32013], [145.33947, 43.31939], [145.34041, 43.31895]], [[145.24535, 43.31832], [145.24461, 43.31815], [145.24566, 43.31784], [145.24547, 43.31912], [145.2446, 43.31897], [145.24535, 43.31832]], [[145.35088, 43.31042], [145.34968, 43.30938], [145.35155, 43.30984], [145.35253, 43.31111], [145.35088, 43.31042]], [[145.39413, 43.28831], [145.39648, 43.28842], [145.39554, 43.28915], [145.39413, 43.28831]]]}, "properties": {"name": "風蓮湖"}}, {"type": "Feature", "geometry": {"type": "Polygon", "coordinates": [[[145.50612, 43.25011], [145.50857, 43.25357], [145.50701, 43.25555], [145.49893, 43.25985], [145.49562, 43.26049], [145.49243, 43.26017], [145.49199, 43.25929], [145.49193, 43.26057], [145.48997, 43.26081], [145.48597, 43.26387], [145.48474, 43.26339], [145.48601, 43.26399], [145.4885, 43.26245], [145.48822, 43.2636], [145.48695, 43.26418], [145.48756, 43.26484], [145.48639, 43.26561], [145.48882, 43.2661], [145.48738, 43.26635], [145.49284, 43.26658], [145.49423, 43.26514], [145.49744, 43.26512], [145.50005, 43.26564], [145.5003, 43.26646], [145.50206, 43.26709], [145.5046, 43.26684], [145.50505, 43.26791], [145.50971, 43.26931], [145.5143, 43.26503], [145.51504, 43.26323], [145.52376, 43.25591], [145.5242, 43.25189], [145.52846, 43.24655], [145.52891, 43.24448], [145.53115, 43.24357], [145.53142, 43.2423], [145.52408, 43.2367], [145.52056, 43.23076], [145.51582, 43.2301], [145.51154, 43.23079], [145.50964, 43.23146], [145.51054, 43.23376], [145.51539, 43.2377], [145.51529, 43.23909], [145.5137, 43.24215], [145.51394, 43.24368], [145.51305, 43.24559], [145.50499, 43.25018], [145.50612, 43.25011]]]}, "properties": {"name": "温根沼"}}, {"type": "Feature", "geometry": {"type": "Polygon", "coordinates": [[[141.25647, 42.80404], [141.2584, 42.80429], [141.26128, 42.80253], [141.26499, 42.80189], [141.26028, 42.80005], [141.25876, 42.80035], [141.25819, 42.79877], [141.25957, 42.79712], [141.25536, 42.796], [141.25333, 42.79732], [141.25323, 42.7994], [141.25552, 42.80183], [141.25491, 42.80437], [141.25633, 42.80515], [141.25647, 42.80404]]]}, "properties": {"name": "オコタンペ湖"}}, {"type": "Feature", "geometry": {"type": "Polygon", "coordinates": [[[141.33103, 42.80341], [141.33667, 42.80393], [141.34432, 42.80321], [141.35885, 42.79838], [141.36912, 42.79298], [141.38744, 42.7809], [141.39266, 42.77926], [141.39473, 42.77707], [141.39867, 42.77664], [141.40329, 42.7713], [141.40226, 42.76953], [141.40291, 42.76769], [141.4017, 42.76535], [141.4016, 42.75894], [141.40284, 42.7571], [141.4027, 42.75447], [141.40414, 42.75095], [141.40832, 42.74724], [141.40787, 42.74409], [141.40616, 42.7432], [141.40171, 42.74312], [141.39305, 42.74119], [141.38539, 42.74146], [141.38109, 42.74012], [141.37461, 42.73584], [141.3705, 42.73742], [141.36369, 42.73689], [141.35871, 42.7383], [141.35224, 42.73746], [141.34989, 42.7359], [141.34254, 42.73435], [141.33829, 42.73219], [141.33506, 42.72827], [141.33225, 42.72694], [141.32969, 42.72243], [141.32644, 42.71877], [141.32148, 42.7176], [141.31214, 42.70976], [141.30766, 42.70785], [141.30296, 42.70441], [141.29703, 42.70384], [141.2925, 42.70513], [141.28661, 42.70911], [141.28539, 42.71092], [141.28048, 42.71212], [141.27648, 42.71407], [141.27437, 42.714], [141.26402, 42.72002], [141.26231, 42.72204], [141.26237, 42.72308], [141.26686, 42.72809], [141.26691, 42.73009], [141.25835, 42.73775], [141.25813, 42.74092], [141.25561, 42.7437], [141.2545, 42.74398], [141.25141, 42.7521], [141.25223, 42.754], [141.25391, 42.755], [141.25482, 42.76174], [141.25764, 42.76594], [141.26443, 42.77032], [141.26906, 42.76972], [141.27358, 42.77124], [141.27864, 42.76989], [141.281, 42.7705], [141.2823, 42.76929], [141.2827, 42.7672], [141.28204, 42.7662], [141.28299, 42.76559], [141.28948, 42.76861], [141.29379, 42.76708], [141.29792, 42.76888], [141.30356, 42.76892], [141.30476, 42.77103], [141.30317, 42.77344], [141.30365, 42.77534], [141.30489, 42.77658], [141.30983, 42.77822], [141.31141, 42.7809], [141.31299, 42.7819], [141.31442, 42.78558], [141.31322, 42.78748], [141.31436, 42.78902], [141.31708, 42.79148], [141.32354, 42.79466], [141.32389, 42.79683], [141.32589, 42.79829], [141.32807, 42.80229], [141.33103, 42.80341]]]}, "properties": {"name": "支笏湖"}}, {"type": "Feature", "geometry": {"type": "Polygon", "coordinates": [[[141.70631, 42.79296], [141.70412, 42.7908], [141.70372, 42.79122], [141.70078, 42.78978], [141.70631, 42.79296]], [[141.70442, 42.79399], [141.70708, 42.79353], [141.70715, 42.79261], [141.70367, 42.7942], [141.70442, 42.79399]]]}, "properties": {"name": "千歳湖"}}, {"type": "Feature", "geometry": {"type": "Polygon", "coordinates": [[[141.127, 42.51832], [141.12528, 42.51718], [141.12179, 42.51769], [141.12197, 42.51892], [141.12335, 42.51953], [141.12586, 42.51963], [141.127, 42.51832]]]}, "properties": {"name": "橘湖"}}, {"type": "Feature", "geometry": {"type": "Polygon", "coordinates": [[[141.07828, 42.43433], [141.08039, 42.42956], [141.08324, 42.42753], [141.08362, 42.42492], [141.08237, 42.4226], [141.07808, 42.42151], [141.07567, 42.42238], [141.07533, 42.42375], [141.07436, 42.42359], [141.07468, 42.42493], [141.07338, 42.4257], [141.07421, 42.42578], [141.07126, 42.43326], [141.07177, 42.43441], [141.07121, 42.43674], [141.07278, 42.4376], [141.07289, 42.43858], [141.07828, 42.43433]]]}, "properties": {"name": "室蘭工業用水池"}}, {"type": "Feature", "geometry": {"type": "Polygon", "coordinates": [[[141.42288, 42.85466], [141.42682, 42.85052], [141.43245, 42.8477], [141.43987, 42.84734], [141.44056, 42.84791], [141.44275, 42.84647], [141.44839, 42.84639], [141.44731, 42.84449], [141.44501, 42.84428], [141.44011, 42.84613], [141.43611, 42.84542], [141.43062, 42.84618], [141.42528, 42.84842], [141.42175, 42.84736], [141.42444, 42.84972], [141.42051, 42.8546], [141.42031, 42.85595], [141.42135, 42.85607], [141.42288, 42.85466]]]}, "properties": {"name": "えにわ湖"}}, {"type": "Feature", "geometry": {"type": "Polygon", "coordinates": [[[141.58899, 43.48229], [141.59357, 43.48222], [141.59253, 43.48397], [141.59349, 43.48456], [141.59346, 43.48372], [141.59436, 43.48361], [141.59411, 43.48552], [141.59546, 43.48728], [141.59124, 43.48748], [141.59264, 43.48694], [141.58978, 43.48675], [141.58804, 43.48918], [141.58853, 43.49071], [141.58729, 43.49095], [141.58681, 43.49202], [141.58373, 43.49278], [141.5849, 43.49386], [141.58398, 43.49611], [141.58468, 43.49853], [141.58853, 43.4995], [141.59033, 43.4991], [141.591, 43.49582], [141.59238, 43.49437], [141.59214, 43.49266], [141.59322, 43.49117], [141.59441, 43.4932], [141.59391, 43.49462], [141.59656, 43.49562], [141.59654, 43.49664], [141.5982, 43.49719], [141.59872, 43.4982], [141.59854, 43.49717], [141.59698, 43.49628], [141.5959, 43.49315], [141.59434, 43.49224], [141.59487, 43.49074], [141.59345, 43.4886], [141.59497, 43.48818], [141.59639, 43.48925], [141.59895, 43.4873], [141.59976, 43.48743], [141.60023, 43.48646], [141.60206, 43.48671], [141.60201, 43.48604], [141.59921, 43.48374], [141.59948, 43.48317], [141.59766, 43.48408], [141.59608, 43.4837], [141.59571, 43.48162], [141.59394, 43.48005], [141.59587, 43.47803], [141.59268, 43.47668], [141.59057, 43.47799], [141.5877, 43.47807], [141.58835, 43.48144], [141.58682, 43.48152], [141.58794, 43.48229], [141.58763, 43.48281], [141.58899, 43.48229]]]}, "properties": {"name": "青山貯水池"}}, {"type": "Feature", "geometry": {"type": "Polygon", "coordinates": [[[141.64397, 43.21136], [141.64275, 43.21018], [141.64159, 43.21278], [141.63846, 43.21379], [141.63536, 43.2131], [141.63295, 43.21138], [141.62972, 43.20548], [141.63037, 43.20326], [141.63357, 43.20024], [141.63275, 43.19937], [141.62854, 43.20359], [141.62872, 43.20691], [141.63308, 43.21335], [141.63702, 43.21466], [141.64062, 43.21454], [141.64242, 43.2136], [141.64397, 43.21136]]]}, "properties": {"name": "しのつ湖"}}, {"type": "Feature", "geometry": {"type": "Polygon", "coordinates": [[[140.66696, 41.98908], [140.66631, 41.98855], [140.66673, 41.98739], [140.66584, 41.98776], [140.66695, 41.9868], [140.66663, 41.98548], [140.66392, 41.98548], [140.66471, 41.98434], [140.66393, 41.9834], [140.66468, 41.98321], [140.66427, 41.98159], [140.66215, 41.98152], [140.66033, 41.97917], [140.66086, 41.9785], [140.66193, 41.97937], [140.66227, 41.97772], [140.66495, 41.97802], [140.66575, 41.9789], [140.66609, 41.97829], [140.66771, 41.97947], [140.67036, 41.97901], [140.67073, 41.97829], [140.6697, 41.97688], [140.67026, 41.97596], [140.66946, 41.97562], [140.66969, 41.97493], [140.66676, 41.9741], [140.66467, 41.97251], [140.66437, 41.9715], [140.66554, 41.96935], [140.66407, 41.96729], [140.66527, 41.9665], [140.66543, 41.96453], [140.66365, 41.96258], [140.65187, 41.95649], [140.6488, 41.96019], [140.64809, 41.96276], [140.65067, 41.96354], [140.65132, 41.96806], [140.65271, 41.9684], [140.65479, 41.96652], [140.65712, 41.96752], [140.6575, 41.97108], [140.65703, 41.97174], [140.65144, 41.97084], [140.6512, 41.9732], [140.64853, 41.97311], [140.64359, 41.97584], [140.64718, 41.97844], [140.65003, 41.98279], [140.65348, 41.98468], [140.65678, 41.98776], [140.65914, 41.98736], [140.65879, 41.98649], [140.66061, 41.98482], [140.66361, 41.98684], [140.66358, 41.98821], [140.66696, 41.98908]], [[140.65902, 41.97144], [140.65922, 41.97072], [140.65981, 41.97137], [140.65902, 41.97144]]]}, "properties": {"name": "小沼"}}, {"type": "Feature", "geometry": {"type": "Polygon", "coordinates": [[[140.70891, 42.01195], [140.70932, 42.01339], [140.71159, 42.01408], [140.71524, 42.01269], [140.71592, 42.01174], [140.71354, 42.01144], [140.71336, 42.00877], [140.71607, 42.00529], [140.71614, 42.00413], [140.71411, 42.00247], [140.71186, 42.00236], [140.71131, 42.00083], [140.70984, 42.00133], [140.70776, 41.99911], [140.70619, 41.99914], [140.70709, 41.99824], [140.70647, 41.99751], [140.70718, 41.99613], [140.70456, 41.99669], [140.70403, 41.9953], [140.70312, 41.99626], [140.70199, 41.9956], [140.70246, 41.99612], [140.70175, 41.99618], [140.69943, 41.99449], [140.69957, 41.99594], [140.6981, 41.99592], [140.69968, 41.99697], [140.69882, 41.99744], [140.69737, 41.9953], [140.69601, 41.99434], [140.69554, 41.99554], [140.69512, 41.99421], [140.69314, 41.99383], [140.69254, 41.99268], [140.69027, 41.99335], [140.68782, 41.99239], [140.68528, 41.98917], [140.682, 41.98907], [140.67942, 41.99033], [140.67532, 41.98732], [140.67581, 41.98673], [140.67711, 41.98725], [140.67634, 41.9866], [140.67893, 41.98613], [140.67876, 41.98552], [140.67422, 41.98504], [140.67471, 41.98389], [140.6725, 41.98456], [140.67041, 41.98318], [140.67034, 41.9824], [140.66965, 41.98258], [140.66925, 41.98546], [140.67156, 41.9841], [140.67139, 41.98546], [140.6723, 41.98577], [140.67109, 41.98588], [140.6691, 41.98787], [140.66777, 41.98741], [140.66794, 41.98844], [140.66691, 41.98951], [140.66742, 41.99027], [140.66666, 41.99034], [140.66707, 41.99162], [140.66566, 41.99305], [140.66661, 41.99637], [140.66813, 41.9967], [140.66987, 41.99935], [140.67265, 41.99873], [140.67327, 42.0009], [140.67449, 42.00138], [140.67705, 41.99993], [140.68071, 42.002], [140.68588, 42.00164], [140.68649, 42.00265], [140.69284, 42.00492], [140.69584, 42.00711], [140.69717, 42.00645], [140.69652, 42.00615], [140.69703, 42.0053], [140.69466, 42.0061], [140.69647, 42.00385], [140.69725, 42.00499], [140.69955, 42.0045], [140.70016, 42.00587], [140.69937, 42.00659], [140.70353, 42.00884], [140.70482, 42.01055], [140.70891, 42.01195]], [[140.66991, 41.98464], [140.67008, 41.98396], [140.67083, 41.98451], [140.66991, 41.98464]]]}, "properties": {"name": "大沼"}}, {"type": "Feature", "geometry": {"type": "Polygon", "coordinates": [[[140.12783, 42.10219], [140.12887, 42.10339], [140.13043, 42.10281], [140.13133, 42.10144], [140.1331, 42.10132], [140.13223, 42.10243], [140.13266, 42.10321], [140.13377, 42.10059], [140.12396, 42.10013], [140.12424, 42.10073], [140.12308, 42.10122], [140.12676, 42.10207], [140.12631, 42.10359], [140.12695, 42.10189], [140.12783, 42.10219]]]}, "properties": {"name": "相沼湖"}}, {"type": "Feature", "geometry": {"type": "Polygon", "coordinates": [[[140.4289, 42.89414], [140.42634, 42.89196], [140.42502, 42.89209], [140.42812, 42.89474], [140.4289, 42.89414]]]}, "properties": {"name": "コックリ湖"}}, {"type": "Feature", "geometry": {"type": "Polygon", "coordinates": [[[140.75711, 42.84841], [140.75572, 42.84776], [140.7543, 42.84827], [140.75377, 42.85001], [140.75746, 42.84918], [140.75711, 42.84841]]]}, "properties": {"name": "半月湖"}}, {"type": "Feature", "geometry": {"type": "Polygon", "coordinates": [[[141.67936, 43.08579], [141.68036, 43.08462], [141.67927, 43.08344], [141.67563, 43.08695], [141.67728, 43.08782], [141.67936, 43.08579]]]}, "properties": {"name": "三重湖"}}, {"type": "Feature", "geometry": {"type": "Polygon", "coordinates": [[[141.8628, 43.07392], [141.86328, 43.0731], [141.85704, 43.07372], [141.85409, 43.07665], [141.85603, 43.077], [141.8572, 43.07882], [141.85742, 43.07832], [141.85922, 43.07944], [141.85931, 43.07861], [141.85956, 43.08015], [141.86255, 43.08222], [141.86258, 43.08331], [141.86236, 43.08096], [141.86053, 43.08003], [141.8589, 43.07574], [141.8628, 43.07392]]]}, "properties": {"name": "くりやま湖"}}, {"type": "Feature", "geometry": {"type": "Polygon", "coordinates": [[[141.77423, 43.67223], [141.77575, 43.67081], [141.773, 43.66994], [141.77193, 43.67063], [141.76952, 43.67003], [141.76922, 43.67072], [141.76735, 43.67062], [141.76555, 43.67204], [141.76331, 43.67168], [141.76227, 43.67042], [141.76392, 43.6725], [141.76284, 43.67419], [141.76199, 43.67409], [141.7591, 43.67767], [141.75342, 43.67885], [141.75648, 43.67916], [141.76483, 43.67798], [141.77002, 43.67616], [141.77107, 43.67687], [141.77091, 43.6757], [141.77478, 43.6735], [141.77497, 43.67254], [141.77423, 43.67223]], [[141.75664, 43.67839], [141.75487, 43.67879], [141.75711, 43.67805], [141.75664, 43.67839]]]}, "properties": {"name": "暑寒湖"}}, {"type": "Feature", "geometry": {"type": "Polygon", "coordinates": [[[141.72547, 43.58573], [141.72699, 43.58561], [141.72727, 43.58491], [141.71758, 43.58472], [141.71428, 43.58431], [141.71217, 43.58317], [141.71153, 43.58423], [141.70898, 43.58396], [141.70687, 43.58521], [141.70619, 43.58345], [141.70779, 43.58298], [141.70591, 43.58117], [141.7003, 43.58215], [141.70121, 43.5828], [141.70551, 43.58268], [141.70375, 43.58351], [141.70627, 43.58623], [141.71285, 43.58577], [141.71408, 43.58674], [141.71904, 43.58774], [141.72285, 43.58712], [141.72547, 43.58573]]]}, "properties": {"name": "留久貯水池"}}, {"type": "Feature", "geometry": {"type": "Polygon", "coordinates": [[[141.92394, 43.94281], [141.92404, 43.94444], [141.92523, 43.94243], [141.9274, 43.94192], [141.92917, 43.9431], [141.92918, 43.94418], [141.93118, 43.94444], [141.92952, 43.94382], [141.93089, 43.94246], [141.92906, 43.94209], [141.92798, 43.9399], [141.9294, 43.93731], [141.92931, 43.93417], [141.93083, 43.93303], [141.93266, 43.9329], [141.93089, 43.93269], [141.92906, 43.93113], [141.92853, 43.92787], [141.93505, 43.92723], [141.92985, 43.92643], [141.93135, 43.9241], [141.92826, 43.92584], [141.92292, 43.92416], [141.92236, 43.92128], [141.9191, 43.9185], [141.92001, 43.9176], [141.92349, 43.91774], [141.92289, 43.91586], [141.92378, 43.91369], [141.92609, 43.91143], [141.92792, 43.91229], [141.92818, 43.91172], [141.92332, 43.91071], [141.92145, 43.91358], [141.91846, 43.91385], [141.91477, 43.91717], [141.91122, 43.91648], [141.91162, 43.91555], [141.91035, 43.91466], [141.9069, 43.91526], [141.906, 43.91332], [141.9058, 43.91486], [141.89939, 43.91587], [141.89847, 43.91851], [141.90014, 43.92248], [141.89933, 43.91793], [141.90113, 43.91627], [141.9027, 43.916], [141.90706, 43.91711], [141.90635, 43.91876], [141.90852, 43.91747], [141.91141, 43.9188], [141.91191, 43.92055], [141.91349, 43.92052], [141.91149, 43.92383], [141.91013, 43.92459], [141.90788, 43.9245], [141.9088, 43.92523], [141.90882, 43.92642], [141.91076, 43.92584], [141.91135, 43.9265], [141.91151, 43.92541], [141.91343, 43.92514], [141.91412, 43.92419], [141.91697, 43.92412], [141.91716, 43.92608], [141.9186, 43.92837], [141.91423, 43.93209], [141.9187, 43.9315], [141.92374, 43.9348], [141.92341, 43.93764], [141.92207, 43.93859], [141.92275, 43.93896], [141.92169, 43.94011], [141.92193, 43.94126], [141.92394, 43.94281]]]}, "properties": {"name": "ホロピリ湖"}}, {"type": "Feature", "geometry": {"type": "Polygon", "coordinates": [[[142.14856, 44.32598], [142.14637, 44.32687], [142.14406, 44.32516], [142.14042, 44.32527], [142.14541, 44.3264], [142.14711, 44.32804], [142.14773, 44.32794], [142.1478, 44.3265], [142.14988, 44.3268], [142.14961, 44.32812], [142.14797, 44.32936], [142.14566, 44.3295], [142.14628, 44.32985], [142.14554, 44.33114], [142.14694, 44.33429], [142.14375, 44.33486], [142.14445, 44.33528], [142.14289, 44.33717], [142.14006, 44.33772], [142.14028, 44.33902], [142.13949, 44.33971], [142.13799, 44.33842], [142.13661, 44.33866], [142.13735, 44.34146], [142.14054, 44.34386], [142.14105, 44.3437], [142.13999, 44.3414], [142.14182, 44.34206], [142.14358, 44.33992], [142.14833, 44.33805], [142.14948, 44.33558], [142.15147, 44.33453], [142.15256, 44.33504], [142.15204, 44.33412], [142.15431, 44.33244], [142.15586, 44.3328], [142.1549, 44.33206], [142.15615, 44.33154], [142.15767, 44.32931], [142.15877, 44.32996], [142.1581, 44.32891], [142.16468, 44.3304], [142.16029, 44.32853], [142.16063, 44.32812], [142.15882, 44.32836], [142.15976, 44.32622], [142.15907, 44.32517], [142.16188, 44.32466], [142.15979, 44.32424], [142.15689, 44.32502], [142.1548, 44.32396], [142.15503, 44.32244], [142.15714, 44.3217], [142.15599, 44.32149], [142.1559, 44.31992], [142.15796, 44.31844], [142.15804, 44.31664], [142.15454, 44.3181], [142.15304, 44.32283], [142.15183, 44.32296], [142.15284, 44.32349], [142.15182, 44.32482], [142.14856, 44.32598]]]}, "properties": {"name": "朱鞠内湖（宇津内湖）"}}, {"type": "Feature", "geometry": {"type": "Polygon", "coordinates": [[[142.21458, 44.36876], [142.21846, 44.37021], [142.21953, 44.36864], [142.22148, 44.36851], [142.21935, 44.36712], [142.21595, 44.36688], [142.21568, 44.3658], [142.21743, 44.36371], [142.21593, 44.3622], [142.21731, 44.36096], [142.21993, 44.36196], [142.22388, 44.3667], [142.22574, 44.36786], [142.22927, 44.36746], [142.23017, 44.36781], [142.22985, 44.36838], [142.2346, 44.36943], [142.23686, 44.36854], [142.23662, 44.36656], [142.23738, 44.36556], [142.24043, 44.36559], [142.24243, 44.36657], [142.24758, 44.36634], [142.25002, 44.36493], [142.2544, 44.36396], [142.25127, 44.36366], [142.25437, 44.36266], [142.25338, 44.36222], [142.25386, 44.36121], [142.25296, 44.36048], [142.25326, 44.35948], [142.25179, 44.35821], [142.25165, 44.36052], [142.24969, 44.36057], [142.24812, 44.36181], [142.24565, 44.36126], [142.24513, 44.36287], [142.23927, 44.36324], [142.23648, 44.36552], [142.23512, 44.3689], [142.22965, 44.36564], [142.22508, 44.36651], [142.21888, 44.36036], [142.21991, 44.36034], [142.21957, 44.35932], [142.22127, 44.35827], [142.22073, 44.35665], [142.21657, 44.35497], [142.21561, 44.35336], [142.21612, 44.3528], [142.21462, 44.35315], [142.21541, 44.35193], [142.21464, 44.35135], [142.21617, 44.34979], [142.2157, 44.34833], [142.21472, 44.3489], [142.20997, 44.34868], [142.21306, 44.34727], [142.2135, 44.3451], [142.21444, 44.34434], [142.21708, 44.34379], [142.21739, 44.34226], [142.2188, 44.34262], [142.2184, 44.33757], [142.21666, 44.33643], [142.21637, 44.33527], [142.21834, 44.33447], [142.22005, 44.33597], [142.22001, 44.33431], [142.22157, 44.33397], [142.22021, 44.33374], [142.22135, 44.33304], [142.2204, 44.33141], [142.22308, 44.33223], [142.22665, 44.33541], [142.22592, 44.33361], [142.22713, 44.33355], [142.22466, 44.33195], [142.22567, 44.33116], [142.22347, 44.3309], [142.22501, 44.32987], [142.22157, 44.3297], [142.21949, 44.32782], [142.21991, 44.32692], [142.22278, 44.32739], [142.22279, 44.32659], [142.22415, 44.32651], [142.22281, 44.32602], [142.22267, 44.32483], [142.2203, 44.32431], [142.22002, 44.32334], [142.22301, 44.32218], [142.22235, 44.32197], [142.22336, 44.32043], [142.22657, 44.32368], [142.2256, 44.32469], [142.22699, 44.32434], [142.22955, 44.33064], [142.23299, 44.33169], [142.23428, 44.3333], [142.23057, 44.33507], [142.23358, 44.33451], [142.23482, 44.33507], [142.23412, 44.33608], [142.23491, 44.33763], [142.23386, 44.33814], [142.23482, 44.33911], [142.23441, 44.34089], [142.23591, 44.34077], [142.23549, 44.34246], [142.23895, 44.34222], [142.23725, 44.34149], [142.2362, 44.33635], [142.23878, 44.33377], [142.2384, 44.33239], [142.23939, 44.33178], [142.2388, 44.33103], [142.24259, 44.33275], [142.24251, 44.33194], [142.24535, 44.33182], [142.24723, 44.33086], [142.24425, 44.33073], [142.23865, 44.32832], [142.23856, 44.32614], [142.24368, 44.32657], [142.24441, 44.32595], [142.23969, 44.32473], [142.23976, 44.32317], [142.23826, 44.32461], [142.23763, 44.3227], [142.23829, 44.31838], [142.24006, 44.31742], [142.23804, 44.31709], [142.23896, 44.31431], [142.23829, 44.31357], [142.2436, 44.3123], [142.23952, 44.3117], [142.24045, 44.3105], [142.23872, 44.31033], [142.23814, 44.30893], [142.23619, 44.30771], [142.24127, 44.30724], [142.24043, 44.30609], [142.24247, 44.30574], [142.2458, 44.30744], [142.2465, 44.30901], [142.25041, 44.30864], [142.25256, 44.31026], [142.25435, 44.31057], [142.25779, 44.309], [142.25353, 44.30897], [142.25185, 44.30776], [142.2486, 44.30704], [142.25386, 44.30562], [142.24689, 44.30594], [142.24492, 44.305], [142.24505, 44.30415], [142.24085, 44.30433], [142.23991, 44.30355], [142.23804, 44.30509], [142.23267, 44.3055], [142.2331, 44.30618], [142.23255, 44.3066], [142.22744, 44.3084], [142.22684, 44.31032], [142.21872, 44.30884], [142.2174, 44.30652], [142.21349, 44.30473], [142.21067, 44.30494], [142.20899, 44.30393], [142.21233, 44.30352], [142.21663, 44.30595], [142.22272, 44.30745], [142.22236, 44.30649], [142.22756, 44.30476], [142.22734, 44.30405], [142.22856, 44.30282], [142.21899, 44.30384], [142.21807, 44.30299], [142.2227, 44.3014], [142.22368, 44.3019], [142.22471, 44.30073], [142.2238, 44.29994], [142.22477, 44.29971], [142.22429, 44.29938], [142.22496, 44.29861], [142.22323, 44.29803], [142.22359, 44.29733], [142.22171, 44.29804], [142.22117, 44.29721], [142.22132, 44.29856], [142.22075, 44.29862], [142.22059, 44.29718], [142.21985, 44.29792], [142.21955, 44.29657], [142.21503, 44.29793], [142.21454, 44.297], [142.21375, 44.29774], [142.21319, 44.29699], [142.21303, 44.29793], [142.2113, 44.29754], [142.21083, 44.29851], [142.20963, 44.29776], [142.20921, 44.2989], [142.20257, 44.29852], [142.20216, 44.29768], [142.20053, 44.29764], [142.20121, 44.29699], [142.20036, 44.29665], [142.20226, 44.29567], [142.20472, 44.29624], [142.20301, 44.29474], [142.20532, 44.29502], [142.20539, 44.29417], [142.20395, 44.29331], [142.20564, 44.29369], [142.20016, 44.29116], [142.19732, 44.29236], [142.19722, 44.29341], [142.196, 44.29297], [142.19659, 44.29409], [142.19435, 44.29451], [142.19316, 44.29655], [142.18964, 44.29592], [142.1907, 44.29724], [142.18762, 44.29723], [142.18618, 44.29611], [142.18721, 44.3], [142.18518, 44.29933], [142.18501, 44.3004], [142.18258, 44.29994], [142.18192, 44.30132], [142.18282, 44.30227], [142.18171, 44.30231], [142.18134, 44.30293], [142.18214, 44.30409], [142.18078, 44.30498], [142.18314, 44.30501], [142.18264, 44.30572], [142.18376, 44.30572], [142.18336, 44.30752], [142.18174, 44.30734], [142.18304, 44.30938], [142.1802, 44.3095], [142.1809, 44.31044], [142.17913, 44.31114], [142.17931, 44.31177], [142.17742, 44.31268], [142.1776, 44.3134], [142.17678, 44.31385], [142.17964, 44.31317], [142.17948, 44.3121], [142.18268, 44.31356], [142.18275, 44.31223], [142.1852, 44.31098], [142.18548, 44.31432], [142.18846, 44.31498], [142.18456, 44.31675], [142.18266, 44.31574], [142.18189, 44.317], [142.18015, 44.31626], [142.1792, 44.31721], [142.18034, 44.31723], [142.17918, 44.31782], [142.18114, 44.31745], [142.18212, 44.31817], [142.18282, 44.31763], [142.18317, 44.31846], [142.17895, 44.32132], [142.18086, 44.32089], [142.18137, 44.32144], [142.18246, 44.32005], [142.18332, 44.32085], [142.18319, 44.3199], [142.18469, 44.32017], [142.18411, 44.31921], [142.18533, 44.3186], [142.18626, 44.31943], [142.18592, 44.32023], [142.18696, 44.32005], [142.1864, 44.31875], [142.18781, 44.31832], [142.18886, 44.31906], [142.18945, 44.31824], [142.19052, 44.31909], [142.19169, 44.31873], [142.19257, 44.32032], [142.1961, 44.31861], [142.19745, 44.31916], [142.19699, 44.32018], [142.19372, 44.32045], [142.19133, 44.32286], [142.19192, 44.32169], [142.19067, 44.32246], [142.18973, 44.32195], [142.19042, 44.32295], [142.18815, 44.32389], [142.18807, 44.32465], [142.18724, 44.32416], [142.18724, 44.32517], [142.18435, 44.3246], [142.18537, 44.32589], [142.1822, 44.32755], [142.18234, 44.32849], [142.18868, 44.32602], [142.18898, 44.32656], [142.19205, 44.32469], [142.19592, 44.32467], [142.19664, 44.32302], [142.19862, 44.32219], [142.19967, 44.32267], [142.19878, 44.32476], [142.19565, 44.32543], [142.19587, 44.32648], [142.19368, 44.32768], [142.18552, 44.32946], [142.18399, 44.3307], [142.17822, 44.33208], [142.17511, 44.33497], [142.17178, 44.335], [142.16936, 44.33392], [142.17274, 44.33544], [142.17091, 44.33617], [142.17452, 44.33622], [142.1695, 44.33966], [142.17154, 44.34022], [142.1771, 44.33864], [142.17669, 44.33713], [142.17958, 44.33634], [142.17964, 44.33423], [142.18265, 44.33344], [142.18512, 44.33377], [142.18469, 44.33508], [142.1854, 44.33472], [142.18377, 44.33663], [142.1845, 44.33781], [142.18337, 44.33911], [142.1824, 44.33912], [142.18334, 44.33968], [142.18127, 44.34125], [142.17976, 44.34135], [142.18081, 44.34185], [142.17899, 44.34379], [142.17945, 44.34464], [142.17782, 44.34586], [142.17813, 44.34766], [142.17718, 44.34797], [142.17797, 44.34817], [142.1815, 44.34575], [142.18388, 44.34198], [142.1862, 44.34269], [142.18557, 44.34076], [142.18772, 44.34056], [142.18762, 44.33909], [142.18915, 44.33833], [142.18792, 44.33766], [142.18861, 44.3364], [142.18988, 44.33656], [142.18936, 44.33585], [142.19046, 44.33506], [142.18976, 44.33412], [142.19171, 44.33436], [142.19094, 44.33365], [142.19145, 44.33256], [142.19386, 44.33245], [142.1947, 44.33331], [142.19666, 44.3327], [142.19552, 44.33463], [142.19626, 44.33519], [142.19523, 44.33531], [142.19545, 44.33603], [142.19446, 44.33641], [142.19492, 44.33751], [142.19365, 44.33854], [142.19474, 44.33862], [142.19498, 44.33963], [142.19335, 44.34003], [142.19538, 44.34029], [142.19518, 44.34108], [142.19634, 44.34173], [142.196, 44.34235], [142.19698, 44.34266], [142.1947, 44.34437], [142.19724, 44.34409], [142.19934, 44.34532], [142.19535, 44.34868], [142.19624, 44.34873], [142.19545, 44.35021], [142.19131, 44.34945], [142.1945, 44.35139], [142.19041, 44.35427], [142.19173, 44.35455], [142.19065, 44.35602], [142.19403, 44.35484], [142.19464, 44.35552], [142.1976, 44.35382], [142.1979, 44.35203], [142.1992, 44.35194], [142.19862, 44.35264], [142.19991, 44.35234], [142.20089, 44.35354], [142.20136, 44.35239], [142.20285, 44.35238], [142.20323, 44.35145], [142.2049, 44.35091], [142.20633, 44.35278], [142.2096, 44.35477], [142.20945, 44.35576], [142.21044, 44.35516], [142.21076, 44.35598], [142.21101, 44.35476], [142.21334, 44.35438], [142.21429, 44.35523], [142.21251, 44.35507], [142.21417, 44.35587], [142.21351, 44.35656], [142.21423, 44.3571], [142.21756, 44.35713], [142.21892, 44.35821], [142.21519, 44.35841], [142.21352, 44.36131], [142.20902, 44.36046], [142.20905, 44.35972], [142.20824, 44.36016], [142.20825, 44.35947], [142.20707, 44.35915], [142.2056, 44.36035], [142.20361, 44.35985], [142.20454, 44.36071], [142.20237, 44.36168], [142.20332, 44.36291], [142.20231, 44.36307], [142.20321, 44.36387], [142.20147, 44.36411], [142.20161, 44.36523], [142.1983, 44.36649], [142.19655, 44.36606], [142.19687, 44.36663], [142.19521, 44.36751], [142.19049, 44.36869], [142.1891, 44.36994], [142.19091, 44.37098], [142.18962, 44.37214], [142.18641, 44.37302], [142.18497, 44.37239], [142.18619, 44.3733], [142.1909, 44.37325], [142.19845, 44.37161], [142.20084, 44.36965], [142.20134, 44.37142], [142.20331, 44.37098], [142.20229, 44.37058], [142.20209, 44.36928], [142.20708, 44.36775], [142.20783, 44.36627], [142.20704, 44.36517], [142.21002, 44.3661], [142.21306, 44.36334], [142.21434, 44.36343], [142.21366, 44.36434], [142.21496, 44.36468], [142.21367, 44.36722], [142.21458, 44.36876]], [[142.20002, 44.35132], [142.20059, 44.35006], [142.20176, 44.35014], [142.20067, 44.35172], [142.19957, 44.35189], [142.20002, 44.35132]], [[142.20218, 44.33567], [142.20181, 44.33511], [142.20403, 44.3332], [142.20578, 44.33364], [142.20435, 44.33602], [142.20548, 44.33794], [142.20369, 44.33828], [142.20296, 44.34049], [142.2022, 44.34074], [142.20246, 44.34161], [142.20133, 44.34209], [142.2005, 44.34159], [142.19948, 44.33838], [142.20218, 44.33567]], [[142.19949, 44.3297], [142.20037, 44.32908], [142.20101, 44.32996], [142.19983, 44.33033], [142.19949, 44.3297]], [[142.21853, 44.32833], [142.21951, 44.32946], [142.21601, 44.32922], [142.21487, 44.32561], [142.21753, 44.32686], [142.21853, 44.32833]], [[142.21302, 44.31635], [142.21348, 44.31846], [142.21091, 44.31732], [142.21026, 44.3148], [142.21116, 44.31339], [142.21268, 44.31339], [142.21249, 44.31453], [142.21439, 44.31548], [142.21404, 44.31665], [142.21302, 44.31635]], [[142.20135, 44.31208], [142.20144, 44.31268], [142.20074, 44.3125], [142.20135, 44.31208]], [[142.19543, 44.30961], [142.19239, 44.30878], [142.19216, 44.30782], [142.19479, 44.30848], [142.19543, 44.30961]], [[142.18973, 44.30649], [142.18847, 44.30562], [142.19036, 44.30474], [142.19069, 44.30649], [142.18973, 44.30649]], [[142.19787, 44.30446], [142.2005, 44.30813], [142.20016, 44.31], [142.19854, 44.31021], [142.19751, 44.30758], [142.19456, 44.30639], [142.19494, 44.30493], [142.19416, 44.30439], [142.19598, 44.30399], [142.19353, 44.30301], [142.19468, 44.3022], [142.19358, 44.30099], [142.19775, 44.30109], [142.19856, 44.30413], [142.19787, 44.30446]], [[142.21403, 44.30026], [142.21758, 44.29896], [142.21934, 44.29914], [142.21688, 44.30025], [142.21403, 44.30026]], [[142.19685, 44.29781], [142.19814, 44.29774], [142.19749, 44.29875], [142.19685, 44.29781]], [[142.19941, 44.29779], [142.1982, 44.29633], [142.19934, 44.29687], [142.19941, 44.29779]]]}, "properties": {"name": "朱鞠内湖"}}, {"type": "Feature", "geometry": {"type": "Polygon", "coordinates": [[[143.03816, 43.66846], [143.0365, 43.6716], [143.03614, 43.67473], [143.03814, 43.67744], [143.03991, 43.67706], [143.04161, 43.67415], [143.04437, 43.67233], [143.04541, 43.67252], [143.04642, 43.67145], [143.0499, 43.67142], [143.05088, 43.66863], [143.04535, 43.66561], [143.04717, 43.66368], [143.04864, 43.66366], [143.04743, 43.6631], [143.04673, 43.66151], [143.04789, 43.66036], [143.04386, 43.65852], [143.04611, 43.65734], [143.04561, 43.65704], [143.0471, 43.65546], [143.04204, 43.65286], [143.04254, 43.65063], [143.04194, 43.64871], [143.03639, 43.64491], [143.02258, 43.64055], [143.02014, 43.64086], [143.02191, 43.64505], [143.03506, 43.65032], [143.03915, 43.65467], [143.04425, 43.65536], [143.04424, 43.65653], [143.04282, 43.65811], [143.04355, 43.66389], [143.04201, 43.66473], [143.0416, 43.66282], [143.0403, 43.66219], [143.03559, 43.66276], [143.03595, 43.66388], [143.03809, 43.66438], [143.03722, 43.66448], [143.03878, 43.66601], [143.04215, 43.66691], [143.04451, 43.66882], [143.04036, 43.66705], [143.03901, 43.66722], [143.03816, 43.66846]]]}, "properties": {"name": "大雪湖"}}, {"type": "Feature", "geometry": {"type": "Polygon", "coordinates": [[[142.49387, 43.15764], [142.4967, 43.1575], [142.49752, 43.15881], [142.49857, 43.15734], [142.50087, 43.15619], [142.50743, 43.15644], [142.5108, 43.15868], [142.51235, 43.16076], [142.51342, 43.16412], [142.51233, 43.16739], [142.51373, 43.16831], [142.51472, 43.17051], [142.51752, 43.17185], [142.52851, 43.17401], [142.53469, 43.17365], [142.53466, 43.173], [142.5366, 43.17224], [142.53576, 43.16934], [142.53918, 43.16745], [142.54247, 43.16681], [142.54555, 43.16719], [142.54036, 43.16657], [142.53623, 43.1686], [142.53616, 43.16785], [142.53109, 43.16871], [142.52625, 43.16681], [142.52077, 43.1633], [142.51632, 43.15818], [142.51236, 43.15761], [142.51209, 43.15621], [142.50959, 43.15449], [142.51017, 43.15396], [142.50875, 43.15378], [142.5068, 43.15139], [142.508, 43.15062], [142.5062, 43.15133], [142.50479, 43.15083], [142.50488, 43.15012], [142.50435, 43.15069], [142.50058, 43.14912], [142.50004, 43.15065], [142.49595, 43.15079], [142.4945, 43.14894], [142.48902, 43.14678], [142.48541, 43.14348], [142.48543, 43.14243], [142.48345, 43.14148], [142.48057, 43.14184], [142.4801, 43.14024], [142.48124, 43.13957], [142.4801, 43.1396], [142.48206, 43.13815], [142.48256, 43.13614], [142.4816, 43.13701], [142.4794, 43.13725], [142.47834, 43.13577], [142.47628, 43.1352], [142.47641, 43.13413], [142.47288, 43.13464], [142.469, 43.13396], [142.46964, 43.13341], [142.46812, 43.13378], [142.46733, 43.13279], [142.46481, 43.13289], [142.46418, 43.13113], [142.46342, 43.13161], [142.46236, 43.13076], [142.46286, 43.12989], [142.46173, 43.12925], [142.46202, 43.12848], [142.4612, 43.12868], [142.46021, 43.12741], [142.46147, 43.12557], [142.46072, 43.12556], [142.46088, 43.12221], [142.45841, 43.1265], [142.45493, 43.12765], [142.45448, 43.12984], [142.45001, 43.12886], [142.45197, 43.12732], [142.45277, 43.12537], [142.45177, 43.12568], [142.44997, 43.12432], [142.45046, 43.12393], [142.44923, 43.12402], [142.44891, 43.12246], [142.44305, 43.12149], [142.44254, 43.1196], [142.44335, 43.11923], [142.44221, 43.11847], [142.44325, 43.11776], [142.442, 43.11798], [142.44344, 43.11447], [142.44176, 43.11309], [142.44137, 43.11155], [142.44221, 43.11548], [142.44144, 43.1165], [142.44007, 43.11615], [142.44112, 43.11695], [142.44047, 43.11817], [142.44072, 43.12061], [142.43983, 43.12037], [142.44085, 43.12128], [142.43959, 43.12166], [142.44115, 43.12278], [142.44065, 43.12526], [142.44139, 43.12679], [142.43982, 43.12664], [142.44227, 43.12777], [142.44251, 43.12835], [142.44184, 43.1285], [142.44345, 43.13039], [142.44602, 43.12895], [142.44737, 43.13083], [142.45186, 43.13319], [142.45615, 43.13154], [142.45788, 43.13163], [142.45991, 43.13428], [142.45961, 43.13625], [142.46288, 43.13806], [142.46309, 43.13932], [142.46396, 43.13709], [142.46639, 43.13835], [142.47423, 43.13725], [142.47866, 43.14095], [142.47836, 43.14416], [142.47968, 43.14572], [142.48135, 43.14625], [142.48107, 43.1471], [142.48173, 43.14689], [142.48302, 43.14904], [142.48248, 43.1499], [142.48587, 43.15189], [142.48983, 43.15606], [142.4925, 43.15672], [142.49341, 43.15834], [142.49387, 43.15764]]]}, "properties": {"name": "かなやま湖"}}, {"type": "Feature", "geometry": {"type": "Polygon", "coordinates": [[[142.55917, 42.96515], [142.55712, 42.96412], [142.55687, 42.96115], [142.55131, 42.96121], [142.55078, 42.9606], [142.55138, 42.95961], [142.55058, 42.96015], [142.54946, 42.95752], [142.54658, 42.95637], [142.54816, 42.95408], [142.54493, 42.95335], [142.54614, 42.9551], [142.54552, 42.9567], [142.54876, 42.95841], [142.54797, 42.9588], [142.54922, 42.95872], [142.55011, 42.96204], [142.5526, 42.96254], [142.55508, 42.9616], [142.5564, 42.963], [142.55657, 42.96442], [142.55917, 42.96515]]]}, "properties": {"name": "双珠別湖"}}, {"type": "Feature", "geometry": {"type": "Polygon", "coordinates": [[[142.76308, 43.97689], [142.75743, 43.9753], [142.75343, 43.97623], [142.75379, 43.97741], [142.75294, 43.97783], [142.75351, 43.9785], [142.75699, 43.97843], [142.76202, 43.97789], [142.76308, 43.97689]]]}, "properties": {"name": "ポンテシオ湖"}}, {"type": "Feature", "geometry": {"type": "Polygon", "coordinates": [[[142.72896, 44.13078], [142.72442, 44.13072], [142.72434, 44.12994], [142.72616, 44.12981], [142.72466, 44.12905], [142.72376, 44.12609], [142.72443, 44.12545], [142.72276, 44.12466], [142.72189, 44.12205], [142.71921, 44.121], [142.72, 44.1202], [142.71799, 44.12038], [142.71759, 44.11871], [142.7154, 44.11716], [142.71845, 44.11608], [142.71341, 44.11515], [142.71606, 44.11213], [142.71522, 44.1113], [142.71885, 44.11157], [142.71763, 44.11047], [142.71914, 44.10941], [142.72169, 44.11016], [142.71959, 44.10869], [142.72212, 44.10758], [142.72276, 44.10558], [142.72611, 44.10544], [142.72271, 44.10454], [142.72329, 44.10241], [142.72475, 44.10084], [142.72987, 44.10057], [142.73204, 44.09944], [142.73741, 44.09863], [142.74204, 44.09904], [142.73795, 44.09576], [142.7324, 44.09631], [142.72873, 44.09798], [142.72588, 44.09618], [142.72646, 44.0959], [142.72611, 44.09472], [142.72878, 44.09304], [142.73763, 44.09228], [142.74096, 44.0905], [142.7423, 44.08833], [142.73613, 44.08784], [142.73928, 44.08683], [142.74291, 44.0835], [142.74434, 44.07893], [142.74321, 44.07794], [142.74426, 44.07702], [142.74397, 44.07527], [142.73992, 44.07786], [142.738, 44.08083], [142.73253, 44.08245], [142.73118, 44.08193], [142.73175, 44.08289], [142.72888, 44.0836], [142.72492, 44.08595], [142.72454, 44.08741], [142.72212, 44.08897], [142.72049, 44.09194], [142.71752, 44.08907], [142.71952, 44.09244], [142.71912, 44.09362], [142.71605, 44.0977], [142.71508, 44.09758], [142.71553, 44.09825], [142.71128, 44.10558], [142.71132, 44.10718], [142.70907, 44.10926], [142.70671, 44.11339], [142.70844, 44.11662], [142.71009, 44.1173], [142.70973, 44.11893], [142.711, 44.11946], [142.71061, 44.11845], [142.71138, 44.11786], [142.71218, 44.11982], [142.7159, 44.12333], [142.71827, 44.12367], [142.7179, 44.12459], [142.71929, 44.1242], [142.72163, 44.12745], [142.72291, 44.13141], [142.72754, 44.13196], [142.72677, 44.13366], [142.72718, 44.13548], [142.72568, 44.13868], [142.72854, 44.13547], [142.72896, 44.13078]]]}, "properties": {"name": "岩尾内湖"}}, {"type": "Feature", "geometry": {"type": "Polygon", "coordinates": [[[141.91506, 44.07128], [141.91686, 44.0713], [141.91642, 44.07064], [141.91794, 44.06965], [141.922, 44.06905], [141.9247, 44.07076], [141.9241, 44.07207], [141.92489, 44.07103], [141.93017, 44.07223], [141.93204, 44.07492], [141.93166, 44.07615], [141.93565, 44.07691], [141.93505, 44.0787], [141.93696, 44.08032], [141.93862, 44.08003], [141.93856, 44.07707], [141.93832, 44.07978], [141.93752, 44.08017], [141.93565, 44.07817], [141.93621, 44.07627], [141.93307, 44.07573], [141.93205, 44.07281], [141.93231, 44.06993], [141.92763, 44.0705], [141.92447, 44.06862], [141.92491, 44.0676], [141.92342, 44.06576], [141.92446, 44.06763], [141.92275, 44.06794], [141.91852, 44.06682], [141.91438, 44.06809], [141.91345, 44.06612], [141.90657, 44.06309], [141.90594, 44.06568], [141.90839, 44.06701], [141.90784, 44.06787], [141.90936, 44.06777], [141.90828, 44.06942], [141.90624, 44.06993], [141.90864, 44.0748], [141.90747, 44.07673], [141.90592, 44.07752], [141.90828, 44.07647], [141.91281, 44.07623], [141.91344, 44.07365], [141.91438, 44.07346], [141.91402, 44.07262], [141.91533, 44.07284], [141.91426, 44.07213], [141.91506, 44.07128]], [[141.91342, 44.06942], [141.91283, 44.07041], [141.912, 44.0701], [141.91342, 44.06942]]]}, "properties": {"name": "小平蘂湖"}}, {"type": "Feature", "geometry": {"type": "Polygon", "coordinates": [[[141.8576, 44.40682], [141.85785, 44.40536], [141.85403, 44.40486], [141.85231, 44.40361], [141.85339, 44.40207], [141.85185, 44.4008], [141.84979, 44.40166], [141.85022, 44.40398], [141.85159, 44.40522], [141.85636, 44.4065], [141.85618, 44.40737], [141.85497, 44.40714], [141.85527, 44.40785], [141.8576, 44.40682]]]}, "properties": {"name": "東山湖"}}, {"type": "Feature", "geometry": {"type": "Polygon", "coordinates": [[[141.90569, 44.93533], [141.90693, 44.93604], [141.90676, 44.93687], [141.9042, 44.93772], [141.907, 44.93727], [141.90718, 44.93551], [141.90482, 44.93472], [141.90569, 44.93533]]]}, "properties": {"name": "犬吼湖"}}, {"type": "Feature", "geometry": {"type": "Polygon", "coordinates": [[[141.72129, 45.04276], [141.72463, 45.04108], [141.7249, 45.03925], [141.72856, 45.03784], [141.73167, 45.03372], [141.73244, 45.0315], [141.7285, 45.0292], [141.72462, 45.02485], [141.72121, 45.02365], [141.71305, 45.02435], [141.70662, 45.02364], [141.70331, 45.02588], [141.70196, 45.02803], [141.70245, 45.02907], [141.70344, 45.0292], [141.7031, 45.02859], [141.70371, 45.02911], [141.70241, 45.03256], [141.70491, 45.03602], [141.71007, 45.03987], [141.71521, 45.04017], [141.72129, 45.04276]]]}, "properties": {"name": "パンケ沼"}}, {"type": "Feature", "geometry": {"type": "Polygon", "coordinates": [[[141.70531, 45.07221], [141.71015, 45.06944], [141.70997, 45.06646], [141.71077, 45.06741], [141.71194, 45.06707], [141.71339, 45.06972], [141.71442, 45.06786], [141.71279, 45.06321], [141.70709, 45.06052], [141.70853, 45.0582], [141.70434, 45.05697], [141.69918, 45.06087], [141.70009, 45.0642], [141.69898, 45.06799], [141.70082, 45.07042], [141.70031, 45.07151], [141.69857, 45.07172], [141.70055, 45.07273], [141.70531, 45.07221]]]}, "properties": {"name": "ペンケ沼"}}, {"type": "Feature", "geometry": {"type": "Polygon", "coordinates": [[[142.21254, 45.28276], [142.2226, 45.27731], [142.21934, 45.27789], [142.21674, 45.27675], [142.21544, 45.27507], [142.21104, 45.27337], [142.19976, 45.27248], [142.19341, 45.27383], [142.19322, 45.27722], [142.19442, 45.27871], [142.19393, 45.27971], [142.19989, 45.28349], [142.20794, 45.28419], [142.21254, 45.28276]]]}, "properties": {"name": "ポロ沼"}}, {"type": "Feature", "geometry": {"type": "Polygon", "coordinates": [[[142.31331, 45.12872], [142.31064, 45.1335], [142.30964, 45.13899], [142.30845, 45.1413], [142.30879, 45.14213], [142.30524, 45.14708], [142.30058, 45.15076], [142.30178, 45.15343], [142.30362, 45.15254], [142.30575, 45.15289], [142.30701, 45.15188], [142.31034, 45.15319], [142.31148, 45.15241], [142.31761, 45.15264], [142.32218, 45.14867], [142.33105, 45.14518], [142.33369, 45.1425], [142.33403, 45.14317], [142.33575, 45.14032], [142.33886, 45.13964], [142.34206, 45.1372], [142.34898, 45.13622], [142.35218, 45.13713], [142.35309, 45.13632], [142.3473, 45.12997], [142.34337, 45.11952], [142.34302, 45.11671], [142.33676, 45.11747], [142.33582, 45.11881], [142.33252, 45.11902], [142.32861, 45.12118], [142.32103, 45.12315], [142.32079, 45.12407], [142.31636, 45.12592], [142.31331, 45.12872]]]}, "properties": {"name": "クッチャロ湖（大沼）"}}, {"type": "Feature", "geometry": {"type": "Polygon", "coordinates": [[[142.27145, 45.14577], [142.26494, 45.15239], [142.26568, 45.15452], [142.26268, 45.15554], [142.26116, 45.15926], [142.26698, 45.16558], [142.28122, 45.17251], [142.28398, 45.17203], [142.29076, 45.16891], [142.29657, 45.16536], [142.29671, 45.16355], [142.29832, 45.16229], [142.29883, 45.15932], [142.29544, 45.15911], [142.28556, 45.15579], [142.28118, 45.15393], [142.27897, 45.15191], [142.27979, 45.15165], [142.27916, 45.15081], [142.28017, 45.14955], [142.27989, 45.14491], [142.28317, 45.14168], [142.27927, 45.14511], [142.27951, 45.14437], [142.28488, 45.13948], [142.286, 45.13982], [142.285, 45.14037], [142.28636, 45.14049], [142.28617, 45.13857], [142.28673, 45.1391], [142.28711, 45.13872], [142.28633, 45.13838], [142.28745, 45.13793], [142.28811, 45.13849], [142.28935, 45.13622], [142.28336, 45.13704], [142.28081, 45.13653], [142.28071, 45.13556], [142.28156, 45.13869], [142.28071, 45.14027], [142.27932, 45.14067], [142.27982, 45.14211], [142.27887, 45.14355], [142.27612, 45.14465], [142.27323, 45.1447], [142.27145, 45.14577]]]}, "properties": {"name": "クッチャロ湖（小沼）"}}, {"type": "Feature", "geometry": {"type": "Polygon", "coordinates": [[[141.69752, 45.21904], [141.69881, 45.21859], [141.6981, 45.21739], [141.69924, 45.21513], [141.69894, 45.21417], [141.69776, 45.21318], [141.69454, 45.21311], [141.69209, 45.21056], [141.68797, 45.21164], [141.6856, 45.21564], [141.68645, 45.21937], [141.68712, 45.22012], [141.68797, 45.21987], [141.68827, 45.2208], [141.69095, 45.22034], [141.69311, 45.21824], [141.69752, 45.21904]]]}, "properties": {"name": "兜沼"}}, {"type": "Feature", "geometry": {"type": "Polygon", "coordinates": [[[141.03691, 45.43547], [141.03781, 45.43406], [141.04041, 45.43288], [141.0425, 45.43012], [141.04202, 45.42841], [141.04055, 45.42736], [141.03791, 45.42701], [141.03666, 45.42872], [141.0369, 45.42968], [141.03575, 45.43047], [141.03179, 45.42999], [141.02978, 45.4318], [141.02958, 45.43391], [141.03043, 45.43486], [141.033, 45.43449], [141.03691, 45.43547]]]}, "properties": {"name": "久種湖"}}, {"type": "Feature", "geometry": {"type": "Polygon", "coordinates": [[[143.86514, 43.6455], [143.86658, 43.64631], [143.8691, 43.6459], [143.86981, 43.64643], [143.87161, 43.64569], [143.87279, 43.64632], [143.87431, 43.64442], [143.87383, 43.64193], [143.87434, 43.64072], [143.87618, 43.64018], [143.87637, 43.63917], [143.87831, 43.63813], [143.88028, 43.63544], [143.87967, 43.6347], [143.88349, 43.63364], [143.88474, 43.6345], [143.88408, 43.63232], [143.88686, 43.63138], [143.8869, 43.63048], [143.88549, 43.6293], [143.88367, 43.62955], [143.88083, 43.63104], [143.88077, 43.63194], [143.87742, 43.63098], [143.8769, 43.62922], [143.87385, 43.62738], [143.87386, 43.63056], [143.87629, 43.63191], [143.87637, 43.63371], [143.87506, 43.6345], [143.8726, 43.6343], [143.87371, 43.63586], [143.87054, 43.63689], [143.8708, 43.6381], [143.87251, 43.63814], [143.872, 43.64019], [143.8691, 43.64216], [143.86907, 43.64297], [143.86534, 43.6439], [143.86462, 43.64523], [143.86514, 43.6455]]]}, "properties": {"name": "チミケップ湖"}}, {"type": "Feature", "geometry": {"type": "Polygon", "coordinates": [[[145.07675, 44.12446], [145.07826, 44.12509], [145.07886, 44.12448], [145.07819, 44.12354], [145.07675, 44.12446]]]}, "properties": {"name": "一湖（知床五湖）"}}, {"type": "Feature", "geometry": {"type": "Polygon", "coordinates": [[[145.0812, 44.12469], [145.0794, 44.12529], [145.08042, 44.12532], [145.07999, 44.12594], [145.08094, 44.12692], [145.08343, 44.12774], [145.0812, 44.12469]]]}, "properties": {"name": "二湖（知床五湖）"}}, {"type": "Feature", "geometry": {"type": "Polygon", "coordinates": [[[145.08517, 44.12767], [145.08665, 44.12858], [145.08818, 44.12835], [145.08559, 44.1272], [145.08517, 44.12767]]]}, "properties": {"name": "四湖（知床五湖）"}}, {"type": "Feature", "geometry": {"type": "Polygon", "coordinates": [[[145.07954, 44.1273], [145.08017, 44.12883], [145.08202, 44.12941], [145.08303, 44.12888], [145.07954, 44.1273]]]}, "properties": {"name": "三湖（知床五湖）"}}, {"type": "Feature", "geometry": {"type": "Polygon", "coordinates": [[[144.56905, 43.91405], [144.57116, 43.91273], [144.56742, 43.9094], [144.5601, 43.91129], [144.5586, 43.91343], [144.56426, 43.91502], [144.56905, 43.91405]]]}, "properties": {"name": "涛釣沼"}}, {"type": "Feature", "geometry": {"type": "Polygon", "coordinates": [[[143.37256, 43.61098], [143.37102, 43.61128], [143.37102, 43.61248], [143.3673, 43.61322], [143.36543, 43.61278], [143.36275, 43.61418], [143.35575, 43.61487], [143.35399, 43.61411], [143.35496, 43.61634], [143.35726, 43.61533], [143.35978, 43.61547], [143.36079, 43.61659], [143.36671, 43.61617], [143.36763, 43.61662], [143.3674, 43.6175], [143.37426, 43.61639], [143.3774, 43.6151], [143.37931, 43.61342], [143.37915, 43.61278], [143.38407, 43.61224], [143.38594, 43.61058], [143.38864, 43.61254], [143.38753, 43.60916], [143.38841, 43.60755], [143.38595, 43.60678], [143.38592, 43.60541], [143.38706, 43.6046], [143.38678, 43.60259], [143.38602, 43.60342], [143.38634, 43.60432], [143.38448, 43.60642], [143.38248, 43.60586], [143.38055, 43.60749], [143.37997, 43.60623], [143.37792, 43.60506], [143.37893, 43.60828], [143.37675, 43.60991], [143.37457, 43.60972], [143.37447, 43.6105], [143.37256, 43.61098]]]}, "properties": {"name": "おけと湖"}}, {"type": "Feature", "geometry": {"type": "Polygon", "coordinates": [[[143.68286, 44.19942], [143.68465, 44.19879], [143.68777, 44.19435], [143.68738, 44.19544], [143.68981, 44.1943], [143.70403, 44.19412], [143.70767, 44.19516], [143.71287, 44.1954], [143.71938, 44.1945], [143.72065, 44.19376], [143.71888, 44.1919], [143.71954, 44.19156], [143.72075, 44.19371], [143.7251, 44.1906], [143.72873, 44.18617], [143.73165, 44.18735], [143.73926, 44.18765], [143.73937, 44.18404], [143.74218, 44.18407], [143.73973, 44.18426], [143.73961, 44.18609], [143.74083, 44.18611], [143.741, 44.18527], [143.74099, 44.18612], [143.74209, 44.18613], [143.74211, 44.18502], [143.74295, 44.18502], [143.74293, 44.18623], [143.74494, 44.18629], [143.74495, 44.1875], [143.75343, 44.18723], [143.76302, 44.18581], [143.77401, 44.18157], [143.77915, 44.18042], [143.77777, 44.17766], [143.77989, 44.17714], [143.78026, 44.17794], [143.77981, 44.17729], [143.77794, 44.17773], [143.77851, 44.17894], [143.78043, 44.17835], [143.78082, 44.17919], [143.77892, 44.17964], [143.77928, 44.18041], [143.78258, 44.17913], [143.78153, 44.17843], [143.78365, 44.17967], [143.78729, 44.17897], [143.78717, 44.1764], [143.79821, 44.17593], [143.8341, 44.16667], [143.83939, 44.16434], [143.84255, 44.16436], [143.8509, 44.1624], [143.85868, 44.16012], [143.87487, 44.15341], [143.90232, 44.14652], [143.90658, 44.14359], [143.91075, 44.14221], [143.9176, 44.1445], [143.9235, 44.14458], [143.92471, 44.14522], [143.92764, 44.14477], [143.9291, 44.14699], [143.92852, 44.14467], [143.94071, 44.14201], [143.95288, 44.13672], [143.96024, 44.13489], [143.96307, 44.13299], [143.96554, 44.12833], [143.96727, 44.1288], [143.96625, 44.13023], [143.96841, 44.13141], [143.96954, 44.13314], [143.97097, 44.13269], [143.96993, 44.13326], [143.97169, 44.13446], [143.96803, 44.13327], [143.96385, 44.13491], [143.96318, 44.13594], [143.96924, 44.13691], [143.98272, 44.13579], [143.99846, 44.13244], [144.00361, 44.13243], [144.00499, 44.13106], [144.00659, 44.13183], [144.01282, 44.13078], [144.00545, 44.13072], [144.00417, 44.13138], [143.99782, 44.13049], [143.99154, 44.13144], [143.98696, 44.12947], [143.98737, 44.13003], [143.98625, 44.1311], [143.98461, 44.13163], [143.97614, 44.13091], [143.97638, 44.13165], [143.98034, 44.13209], [143.97618, 44.13315], [143.97743, 44.13371], [143.97893, 44.13293], [143.97708, 44.13404], [143.97223, 44.13205], [143.97172, 44.13061], [143.97053, 44.13061], [143.97125, 44.13047], [143.96955, 44.12042], [143.96181, 44.10352], [143.9552, 44.09515], [143.94383, 44.08583], [143.94119, 44.08618], [143.93891, 44.0854], [143.93795, 44.08672], [143.93428, 44.08526], [143.92809, 44.08967], [143.9301, 44.09204], [143.9281, 44.09271], [143.92983, 44.09176], [143.92929, 44.09097], [143.9275, 44.09196], [143.92761, 44.09256], [143.92505, 44.09214], [143.91585, 44.093], [143.90901, 44.0967], [143.90711, 44.09822], [143.90649, 44.10032], [143.90701, 44.10225], [143.9059, 44.10447], [143.90665, 44.10487], [143.90553, 44.10543], [143.91215, 44.10773], [143.91092, 44.10936], [143.88815, 44.09915], [143.88603, 44.099], [143.88564, 44.09993], [143.88566, 44.09927], [143.88437, 44.09879], [143.87515, 44.09807], [143.86467, 44.10081], [143.86018, 44.1009], [143.84448, 44.10734], [143.83991, 44.10795], [143.83482, 44.10698], [143.81905, 44.10125], [143.80897, 44.0967], [143.80688, 44.0963], [143.80613, 44.09695], [143.80628, 44.09628], [143.80495, 44.0961], [143.80457, 44.09712], [143.80784, 44.09793], [143.80725, 44.09882], [143.80736, 44.09793], [143.80637, 44.09753], [143.80381, 44.09758], [143.80348, 44.0989], [143.80786, 44.09953], [143.80238, 44.0988], [143.80275, 44.09641], [143.79858, 44.0955], [143.79527, 44.09613], [143.79044, 44.09574], [143.78854, 44.09689], [143.78526, 44.09683], [143.78215, 44.09783], [143.78122, 44.09915], [143.78249, 44.10004], [143.78209, 44.10066], [143.77894, 44.10097], [143.77665, 44.10236], [143.776, 44.10389], [143.77692, 44.10674], [143.77577, 44.10774], [143.76981, 44.10446], [143.7677, 44.101], [143.76554, 44.09909], [143.76363, 44.09952], [143.76482, 44.0988], [143.76438, 44.09798], [143.76092, 44.09776], [143.75748, 44.09923], [143.75781, 44.09988], [143.75664, 44.10004], [143.75729, 44.10036], [143.75645, 44.10038], [143.7561, 44.1022], [143.75724, 44.10623], [143.75896, 44.10799], [143.75993, 44.11058], [143.75873, 44.11461], [143.7558, 44.11585], [143.75521, 44.11706], [143.74981, 44.12024], [143.74673, 44.12112], [143.73452, 44.12092], [143.73546, 44.11777], [143.73416, 44.11401], [143.73406, 44.11052], [143.73481, 44.11278], [143.73581, 44.11315], [143.73649, 44.1124], [143.73533, 44.10445], [143.73406, 44.10496], [143.73333, 44.10839], [143.73111, 44.10699], [143.72774, 44.10918], [143.72465, 44.11399], [143.72327, 44.11397], [143.72363, 44.11612], [143.72097, 44.12072], [143.72155, 44.12525], [143.7223, 44.1261], [143.72331, 44.12579], [143.72275, 44.12642], [143.72368, 44.1259], [143.72273, 44.12889], [143.72305, 44.13124], [143.71936, 44.13587], [143.71554, 44.13658], [143.71401, 44.13786], [143.7131, 44.13907], [143.71403, 44.13966], [143.71122, 44.13952], [143.70912, 44.14411], [143.70925, 44.14564], [143.71044, 44.14692], [143.70977, 44.14853], [143.71528, 44.14981], [143.70897, 44.14928], [143.70812, 44.15047], [143.70619, 44.15025], [143.70565, 44.1538], [143.7074, 44.16021], [143.70588, 44.15869], [143.70743, 44.16089], [143.70497, 44.15921], [143.69772, 44.16556], [143.68583, 44.16959], [143.68234, 44.17463], [143.67584, 44.18038], [143.67464, 44.18348], [143.66924, 44.18385], [143.67114, 44.1833], [143.67203, 44.18166], [143.6685, 44.17919], [143.66982, 44.18104], [143.66819, 44.18667], [143.66955, 44.19098], [143.67398, 44.19602], [143.67684, 44.19796], [143.68286, 44.19942]], [[143.96729, 44.12823], [143.96966, 44.12629], [143.97037, 44.1272], [143.97049, 44.12777], [143.9682, 44.12907], [143.96729, 44.12823]]]}, "properties": {"name": "サロマ湖"}}, {"type": "Feature", "geometry": {"type": "Polygon", "coordinates": [[[142.83409, 44.6413], [142.82934, 44.63948], [142.82886, 44.63724], [142.82756, 44.63573], [142.82056, 44.63297], [142.82285, 44.63474], [142.81954, 44.63503], [142.82213, 44.63541], [142.8238, 44.63443], [142.82396, 44.63634], [142.82236, 44.63596], [142.82054, 44.63677], [142.81941, 44.63591], [142.82059, 44.6373], [142.81894, 44.63726], [142.82438, 44.63828], [142.82602, 44.64079], [142.83096, 44.64293], [142.83259, 44.64299], [142.83409, 44.6413]]]}, "properties": {"name": "幌内ダム貯水池"}}, {"type": "Feature", "geometry": {"type": "Polygon", "coordinates": [[[140.82525, 42.64068], [140.82928, 42.64433], [140.83625, 42.64728], [140.83816, 42.64696], [140.83931, 42.64557], [140.84402, 42.64513], [140.84654, 42.64189], [140.85079, 42.63969], [140.85691, 42.6396], [140.86226, 42.64204], [140.86233, 42.64305], [140.86482, 42.64555], [140.86742, 42.64655], [140.8717, 42.64589], [140.87494, 42.6432], [140.87792, 42.64307], [140.88192, 42.64066], [140.88509, 42.6407], [140.88992, 42.63641], [140.89054, 42.63467], [140.89294, 42.63339], [140.89628, 42.63305], [140.90278, 42.62741], [140.90378, 42.62592], [140.90332, 42.6238], [140.90437, 42.62153], [140.91171, 42.61877], [140.91436, 42.61577], [140.91596, 42.61195], [140.91736, 42.6111], [140.91954, 42.61146], [140.92128, 42.6099], [140.92276, 42.604], [140.92229, 42.59765], [140.91789, 42.5926], [140.91781, 42.59086], [140.914, 42.58618], [140.90857, 42.58224], [140.90668, 42.58228], [140.90492, 42.57695], [140.90179, 42.57251], [140.89269, 42.57178], [140.89221, 42.56923], [140.88943, 42.56899], [140.88948, 42.56725], [140.88791, 42.56532], [140.88588, 42.56506], [140.88539, 42.56323], [140.88093, 42.56523], [140.87797, 42.56335], [140.87746, 42.56019], [140.87494, 42.5578], [140.86202, 42.55771], [140.85779, 42.55655], [140.85302, 42.56002], [140.84716, 42.56213], [140.84478, 42.56382], [140.83512, 42.56601], [140.82992, 42.56519], [140.82713, 42.56578], [140.82597, 42.56491], [140.82693, 42.56586], [140.82555, 42.56657], [140.81687, 42.56628], [140.81692, 42.56529], [140.81616, 42.56593], [140.81589, 42.56525], [140.81568, 42.56609], [140.80915, 42.56607], [140.80583, 42.56838], [140.80507, 42.57047], [140.80639, 42.57173], [140.80153, 42.57016], [140.79876, 42.57188], [140.79813, 42.57498], [140.79854, 42.57702], [140.79624, 42.58068], [140.79299, 42.58926], [140.79275, 42.59297], [140.78932, 42.59575], [140.78967, 42.59714], [140.78887, 42.59736], [140.78994, 42.60131], [140.78911, 42.60406], [140.79068, 42.60657], [140.79301, 42.60822], [140.79533, 42.60825], [140.79943, 42.61105], [140.80305, 42.61083], [140.80314, 42.61366], [140.80233, 42.61504], [140.80342, 42.61737], [140.80597, 42.61928], [140.80936, 42.61891], [140.81132, 42.62373], [140.8164, 42.62546], [140.81714, 42.62727], [140.81896, 42.62695], [140.82036, 42.63174], [140.81886, 42.63295], [140.81962, 42.63503], [140.8232, 42.6382], [140.82558, 42.63895], [140.82525, 42.64068]], [[140.82682, 42.63849], [140.82668, 42.63913], [140.82594, 42.63894], [140.82682, 42.63849]], [[140.84643, 42.61106], [140.845, 42.61121], [140.84166, 42.6087], [140.83669, 42.60659], [140.8352, 42.60449], [140.83686, 42.59904], [140.84113, 42.59649], [140.84318, 42.59323], [140.84422, 42.59335], [140.84438, 42.59483], [140.84587, 42.59533], [140.85366, 42.59102], [140.86001, 42.59263], [140.86211, 42.5915], [140.86376, 42.59161], [140.86672, 42.59297], [140.86712, 42.59585], [140.86913, 42.5981], [140.86965, 42.60055], [140.86749, 42.60297], [140.8639, 42.6047], [140.86427, 42.60635], [140.86687, 42.60804], [140.86494, 42.6109], [140.8589, 42.61028], [140.85537, 42.61285], [140.8529, 42.61346], [140.85046, 42.61292], [140.84795, 42.61086], [140.84643, 42.61106]], [[140.84003, 42.5927], [140.83837, 42.5932], [140.83888, 42.59253], [140.83788, 42.59157], [140.83812, 42.58993], [140.83524, 42.59014], [140.83229, 42.5882], [140.83492, 42.5876], [140.83853, 42.5898], [140.84299, 42.58976], [140.84253, 42.59269], [140.84003, 42.5927]], [[140.85446, 42.58805], [140.85291, 42.58784], [140.853, 42.58684], [140.85557, 42.58676], [140.85446, 42.58805]]]}, "properties": {"name": "洞爺湖"}}, {"type": "Feature", "geometry": {"type": "Polygon", "coordinates": [[[141.18016, 42.51077], [141.18739, 42.51035], [141.19362, 42.50732], [141.19562, 42.50453], [141.19707, 42.49868], [141.19631, 42.49533], [141.19447, 42.49301], [141.19011, 42.49064], [141.18148, 42.48912], [141.1743, 42.49038], [141.1694, 42.49405], [141.16705, 42.49915], [141.16893, 42.50624], [141.17421, 42.5096], [141.18016, 42.51077]]]}, "properties": {"name": "倶多楽湖"}}, {"type": "Feature", "geometry": {"type": "Polygon", "coordinates": [[[141.36621, 42.56413], [141.36533, 42.56326], [141.36616, 42.56133], [141.36489, 42.55995], [141.36198, 42.56075], [141.35973, 42.5651], [141.36012, 42.56667], [141.35796, 42.56768], [141.35926, 42.56891], [141.36121, 42.56909], [141.3639, 42.56547], [141.36621, 42.56413]]]}, "properties": {"name": "ポロト湖"}}, {"type": "Feature", "geometry": {"type": "Polygon", "coordinates": [[[142.05397, 42.80758], [142.05295, 42.81047], [142.05501, 42.80838], [142.0596, 42.8104], [142.06191, 42.81026], [142.06132, 42.8124], [142.0642, 42.8128], [142.06146, 42.81235], [142.06212, 42.81024], [142.05951, 42.81019], [142.05917, 42.80839], [142.05663, 42.80557], [142.05785, 42.80242], [142.05521, 42.80314], [142.05394, 42.80155], [142.05086, 42.80077], [142.05153, 42.79952], [142.04864, 42.80144], [142.04609, 42.80025], [142.04624, 42.79974], [142.04554, 42.80018], [142.04408, 42.79844], [142.04259, 42.79529], [142.04321, 42.79202], [142.04764, 42.78988], [142.04819, 42.78844], [142.04731, 42.78956], [142.04139, 42.79145], [142.04054, 42.79409], [142.03713, 42.79428], [142.03725, 42.796], [142.03955, 42.79621], [142.04196, 42.79862], [142.04124, 42.79906], [142.04249, 42.79913], [142.04599, 42.80253], [142.04828, 42.80267], [142.04924, 42.80364], [142.04945, 42.80308], [142.05202, 42.80362], [142.05393, 42.80478], [142.0555, 42.80399], [142.05397, 42.80758]]]}, "properties": {"name": "厚真ダム貯水池"}}, {"type": "Feature", "geometry": {"type": "Polygon", "coordinates": [[[142.14779, 42.64272], [142.14812, 42.64412], [142.151, 42.64711], [142.16133, 42.65374], [142.16732, 42.65902], [142.16962, 42.66464], [142.17574, 42.67184], [142.17694, 42.67238], [142.17879, 42.67167], [142.18271, 42.67419], [142.18459, 42.67295], [142.18069, 42.6694], [142.18115, 42.66854], [142.1801, 42.66884], [142.17523, 42.66372], [142.17428, 42.6606], [142.17484, 42.6601], [142.17122, 42.65804], [142.16748, 42.65286], [142.16367, 42.65], [142.16424, 42.64992], [142.16422, 42.64855], [142.16582, 42.6496], [142.16793, 42.64963], [142.16867, 42.64891], [142.16558, 42.64875], [142.16358, 42.64748], [142.16219, 42.64518], [142.16336, 42.64803], [142.16266, 42.64911], [142.16174, 42.64894], [142.15768, 42.64462], [142.15552, 42.63868], [142.1563, 42.63802], [142.15547, 42.6384], [142.1547, 42.6373], [142.15379, 42.63333], [142.15777, 42.63287], [142.1588, 42.6335], [142.1595, 42.63251], [142.15861, 42.63329], [142.15825, 42.63251], [142.15506, 42.63233], [142.15535, 42.63176], [142.15384, 42.63269], [142.15005, 42.62834], [142.14711, 42.63023], [142.14765, 42.6326], [142.14654, 42.63435], [142.14779, 42.64272]]]}, "properties": {"name": "二風谷湖（にぶたに湖）"}}, {"type": "Feature", "geometry": {"type": "Polygon", "coordinates": [[[142.56167, 42.63661], [142.56216, 42.63723], [142.56152, 42.6379], [142.56413, 42.64015], [142.56382, 42.64107], [142.56711, 42.6419], [142.56784, 42.64415], [142.56775, 42.64593], [142.56655, 42.64779], [142.56277, 42.64919], [142.56537, 42.64815], [142.56658, 42.64869], [142.56485, 42.65529], [142.56594, 42.6593], [142.56384, 42.66175], [142.56404, 42.66269], [142.56527, 42.66397], [142.56717, 42.66921], [142.57228, 42.66929], [142.56791, 42.66829], [142.56651, 42.66349], [142.56534, 42.66243], [142.56759, 42.65932], [142.5665, 42.65308], [142.5698, 42.64889], [142.56953, 42.64751], [142.57022, 42.64726], [142.56956, 42.64629], [142.57133, 42.6414], [142.57995, 42.64036], [142.57711, 42.63985], [142.57416, 42.64083], [142.56998, 42.63929], [142.56869, 42.63663], [142.56532, 42.63303], [142.56711, 42.63231], [142.56347, 42.63161], [142.56258, 42.62995], [142.56313, 42.62936], [142.56206, 42.62925], [142.56203, 42.62697], [142.56061, 42.62461], [142.56133, 42.62433], [142.56036, 42.62207], [142.56037, 42.61549], [142.56745, 42.61587], [142.57009, 42.61453], [142.57334, 42.61419], [142.57351, 42.61296], [142.56297, 42.61366], [142.55979, 42.6122], [142.56118, 42.61127], [142.55924, 42.61067], [142.56015, 42.60911], [142.56438, 42.60909], [142.56315, 42.60807], [142.56362, 42.6063], [142.5625, 42.60766], [142.56004, 42.60804], [142.55888, 42.60784], [142.55828, 42.60633], [142.55532, 42.60747], [142.55522, 42.61128], [142.55236, 42.61502], [142.55238, 42.62167], [142.55321, 42.62325], [142.55238, 42.62496], [142.55422, 42.62769], [142.55334, 42.62888], [142.55571, 42.62815], [142.55356, 42.63157], [142.55528, 42.63041], [142.55685, 42.63205], [142.5585, 42.63623], [142.5608, 42.63705], [142.56082, 42.63627], [142.56167, 42.63661]]]}, "properties": {"name": "新冠湖"}}, {"type": "Feature", "geometry": {"type": "Polygon", "coordinates": [[[142.68909, 42.68334], [142.68645, 42.68237], [142.68571, 42.68125], [142.68498, 42.67618], [142.68306, 42.67429], [142.68412, 42.67182], [142.68204, 42.67378], [142.67782, 42.67363], [142.67901, 42.67502], [142.68125, 42.67558], [142.68383, 42.67999], [142.68376, 42.68174], [142.68521, 42.6846], [142.68592, 42.68368], [142.68909, 42.68334]]]}, "properties": {"name": "幌尻湖"}}, {"type": "Feature", "geometry": {"type": "Polygon", "coordinates": [[[142.65394, 42.48743], [142.65304, 42.4883], [142.6549, 42.49165], [142.65398, 42.49316], [142.6554, 42.49204], [142.6548, 42.49075], [142.65591, 42.48761], [142.65543, 42.48676], [142.65623, 42.48676], [142.65555, 42.4863], [142.65745, 42.48484], [142.65723, 42.48407], [142.65791, 42.48408], [142.65849, 42.48265], [142.65761, 42.48179], [142.65941, 42.48106], [142.65913, 42.47947], [142.66013, 42.47834], [142.66261, 42.47881], [142.66222, 42.47799], [142.65987, 42.4773], [142.66056, 42.47624], [142.65973, 42.47421], [142.66115, 42.47228], [142.66074, 42.47125], [142.66159, 42.47095], [142.65986, 42.46853], [142.65946, 42.46633], [142.66095, 42.46619], [142.66449, 42.4678], [142.6615, 42.46531], [142.66999, 42.46162], [142.67218, 42.4619], [142.67347, 42.46307], [142.67532, 42.46302], [142.67556, 42.46606], [142.67679, 42.4656], [142.6767, 42.46279], [142.67918, 42.46264], [142.67963, 42.46196], [142.68164, 42.4617], [142.68515, 42.46378], [142.68726, 42.46387], [142.68273, 42.46169], [142.67496, 42.46174], [142.67062, 42.46008], [142.67305, 42.45694], [142.67699, 42.45419], [142.67713, 42.453], [142.67969, 42.45231], [142.6801, 42.45279], [142.68232, 42.45076], [142.68431, 42.45126], [142.6846, 42.45045], [142.68876, 42.44822], [142.69319, 42.44663], [142.69532, 42.44698], [142.6953, 42.44938], [142.69827, 42.44992], [142.69849, 42.45099], [142.69921, 42.45054], [142.69906, 42.44889], [142.70069, 42.44543], [142.70192, 42.44451], [142.70358, 42.44885], [142.70552, 42.44928], [142.70786, 42.45229], [142.71353, 42.4519], [142.71473, 42.45289], [142.71555, 42.4523], [142.7133, 42.45056], [142.70985, 42.45062], [142.70666, 42.44853], [142.70539, 42.44628], [142.70646, 42.44575], [142.70427, 42.4455], [142.70259, 42.4411], [142.70075, 42.44093], [142.69812, 42.44134], [142.69655, 42.44431], [142.69074, 42.44481], [142.6902, 42.44581], [142.68701, 42.4474], [142.68462, 42.44687], [142.68457, 42.4451], [142.68558, 42.44387], [142.68408, 42.44491], [142.68357, 42.4467], [142.68161, 42.44581], [142.68115, 42.44667], [142.6794, 42.44623], [142.67695, 42.44774], [142.67519, 42.44724], [142.67259, 42.44848], [142.6713, 42.44839], [142.6711, 42.44738], [142.66953, 42.44686], [142.67156, 42.44446], [142.66896, 42.44612], [142.66626, 42.44457], [142.66726, 42.44666], [142.66808, 42.44649], [142.66776, 42.44714], [142.66906, 42.44828], [142.66927, 42.44964], [142.66567, 42.45113], [142.66268, 42.45559], [142.66164, 42.45557], [142.66121, 42.45794], [142.66187, 42.4588], [142.6612, 42.46001], [142.65623, 42.46296], [142.65441, 42.46255], [142.65254, 42.46034], [142.65442, 42.45637], [142.65105, 42.45878], [142.64602, 42.45833], [142.64462, 42.45666], [142.64275, 42.45608], [142.64301, 42.45556], [142.64175, 42.45614], [142.641, 42.4544], [142.64044, 42.45624], [142.63805, 42.456], [142.63902, 42.45971], [142.6383, 42.46137], [142.64512, 42.46194], [142.64402, 42.46298], [142.64517, 42.46354], [142.64516, 42.46455], [142.64692, 42.46608], [142.64832, 42.46626], [142.64784, 42.46731], [142.64883, 42.46673], [142.64983, 42.46792], [142.65286, 42.46616], [142.65589, 42.46634], [142.65663, 42.46722], [142.65598, 42.46781], [142.6585, 42.47063], [142.65881, 42.47224], [142.65676, 42.47407], [142.65821, 42.47573], [142.65659, 42.47953], [142.65733, 42.48033], [142.65563, 42.48071], [142.65448, 42.48216], [142.65523, 42.48312], [142.65425, 42.48343], [142.65613, 42.48446], [142.65408, 42.48622], [142.65453, 42.48739], [142.65394, 42.48743]]]}, "properties": {"name": "高見湖"}}, {"type": "Feature", "geometry": {"type": "Polygon", "coordinates": [[[142.83344, 42.25146], [142.83136, 42.25049], [142.83141, 42.24814], [142.829, 42.24654], [142.82896, 42.2433], [142.8308, 42.24156], [142.82805, 42.2427], [142.82703, 42.24045], [142.82496, 42.23871], [142.82377, 42.24059], [142.8248, 42.24112], [142.82415, 42.24376], [142.82603, 42.24704], [142.8246, 42.24885], [142.82749, 42.24806], [142.83104, 42.25072], [142.83344, 42.25146]]]}, "properties": {"name": "うらら湖"}}, {"type": "Feature", "geometry": {"type": "Polygon", "coordinates": [[[143.08881, 42.14061], [143.09022, 42.14002], [143.08917, 42.13998], [143.08392, 42.13502], [143.08255, 42.13491], [143.07925, 42.13268], [143.08086, 42.12947], [143.07729, 42.132], [143.07284, 42.12901], [143.0721, 42.12624], [143.07079, 42.12495], [143.06891, 42.12524], [143.06917, 42.12691], [143.06833, 42.12815], [143.0701, 42.13125], [143.07167, 42.13305], [143.07518, 42.13501], [143.07451, 42.13844], [143.07761, 42.13775], [143.08011, 42.13956], [143.08296, 42.14039], [143.08715, 42.13998], [143.08813, 42.14145], [143.08865, 42.14133], [143.08812, 42.1403], [143.08881, 42.14061]]]}, "properties": {"name": "幌満湖"}}, {"type": "Feature", "geometry": {"type": "Polygon", "coordinates": [[[142.96133, 42.19246], [142.96327, 42.19121], [142.96183, 42.189], [142.96473, 42.18616], [142.9631, 42.18438], [142.96042, 42.18387], [142.95877, 42.18481], [142.95884, 42.18567], [142.96211, 42.186], [142.96226, 42.18712], [142.95968, 42.18878], [142.96186, 42.19132], [142.96133, 42.19246]]]}, "properties": {"name": "さまに湖"}}, {"type": "Feature", "geometry": {"type": "Polygon", "coordinates": [[[143.27058, 42.09075], [143.27215, 42.09018], [143.27302, 42.08859], [143.27188, 42.08899], [143.27058, 42.08819], [143.27058, 42.09075]]]}, "properties": {"name": "豊似湖"}}, {"type": "Feature", "geometry": {"type": "Polygon", "coordinates": [[[143.13629, 43.26902], [143.13897, 43.26912], [143.13948, 43.26843], [143.13708, 43.2673], [143.13629, 43.26902]]]}, "properties": {"name": "東雲湖（東小沼）"}}, {"type": "Feature", "geometry": {"type": "Polygon", "coordinates": [[[143.11596, 43.2974], [143.11595, 43.29814], [143.11631, 43.29745], [143.11962, 43.29802], [143.1206, 43.2965], [143.12268, 43.29642], [143.1216, 43.29325], [143.11933, 43.29141], [143.11962, 43.28918], [143.12124, 43.28819], [143.12051, 43.28654], [143.12171, 43.28532], [143.12279, 43.2857], [143.1246, 43.28339], [143.12173, 43.27992], [143.12132, 43.27697], [143.13024, 43.27719], [143.12942, 43.27258], [143.12237, 43.27115], [143.12134, 43.26867], [143.11951, 43.2679], [143.11685, 43.26498], [143.11409, 43.26545], [143.11244, 43.26858], [143.10992, 43.26805], [143.10843, 43.26653], [143.10261, 43.26505], [143.10059, 43.26865], [143.10079, 43.26982], [143.10643, 43.26926], [143.10441, 43.27219], [143.10616, 43.27371], [143.10897, 43.27319], [143.10935, 43.27393], [143.10724, 43.27567], [143.10764, 43.27687], [143.11182, 43.2772], [143.10957, 43.27834], [143.11087, 43.28326], [143.11675, 43.28481], [143.11514, 43.28572], [143.11632, 43.28701], [143.11305, 43.28919], [143.11118, 43.29172], [143.11127, 43.29296], [143.11393, 43.29402], [143.11273, 43.29474], [143.11269, 43.29588], [143.11596, 43.2974]]]}, "properties": {"name": "然別湖"}}, {"type": "Feature", "geometry": {"type": "Polygon", "coordinates": [[[143.17083, 43.42493], [143.17278, 43.42523], [143.17401, 43.42374], [143.18007, 43.42018], [143.18202, 43.41993], [143.18334, 43.41819], [143.18766, 43.41646], [143.18939, 43.41671], [143.19102, 43.41839], [143.19145, 43.42034], [143.19252, 43.42058], [143.19288, 43.41868], [143.19099, 43.41492], [143.19406, 43.41519], [143.19792, 43.41212], [143.19878, 43.40995], [143.20256, 43.4086], [143.20667, 43.40529], [143.20849, 43.40114], [143.21103, 43.4016], [143.20916, 43.39949], [143.21033, 43.39801], [143.21084, 43.39453], [143.21222, 43.39399], [143.21144, 43.39222], [143.21285, 43.39099], [143.21257, 43.3854], [143.21373, 43.38426], [143.21573, 43.38513], [143.2152, 43.38359], [143.21614, 43.38364], [143.21575, 43.38301], [143.21653, 43.38214], [143.21791, 43.38234], [143.21514, 43.38168], [143.21465, 43.38038], [143.21731, 43.37849], [143.21951, 43.37777], [143.22088, 43.3782], [143.22174, 43.3765], [143.2253, 43.37694], [143.22472, 43.37563], [143.22234, 43.37532], [143.22222, 43.37397], [143.223, 43.3736], [143.22095, 43.37254], [143.21952, 43.37346], [143.21765, 43.37325], [143.21627, 43.37125], [143.21547, 43.372], [143.214, 43.37183], [143.21393, 43.37096], [143.21119, 43.37096], [143.20474, 43.368], [143.19867, 43.3664], [143.19845, 43.36721], [143.19286, 43.36808], [143.20294, 43.37003], [143.20295, 43.37065], [143.20423, 43.37061], [143.20665, 43.37232], [143.20555, 43.37373], [143.207, 43.37325], [143.20941, 43.37426], [143.20938, 43.3754], [143.21374, 43.37633], [143.21061, 43.37849], [143.2104, 43.37747], [143.20874, 43.37731], [143.20822, 43.37804], [143.20585, 43.37753], [143.20359, 43.38022], [143.20126, 43.37911], [143.20046, 43.38209], [143.19884, 43.38259], [143.19721, 43.38168], [143.19786, 43.38288], [143.19747, 43.3838], [143.19568, 43.38361], [143.19671, 43.38435], [143.19415, 43.38706], [143.19288, 43.38694], [143.19206, 43.3883], [143.1922, 43.39102], [143.19071, 43.39247], [143.1878, 43.393], [143.18905, 43.39808], [143.18764, 43.40146], [143.18477, 43.40098], [143.18529, 43.4029], [143.18712, 43.40297], [143.18728, 43.40373], [143.1852, 43.40554], [143.18298, 43.40612], [143.18558, 43.40635], [143.18569, 43.4072], [143.1868, 43.40751], [143.18602, 43.40917], [143.18632, 43.41189], [143.18038, 43.414], [143.17433, 43.42149], [143.17018, 43.42437], [143.17032, 43.42617], [143.17083, 43.42493]]]}, "properties": {"name": "糠平湖"}}, {"type": "Feature", "geometry": {"type": "Polygon", "coordinates": [[[143.09479, 43.25703], [143.09339, 43.25587], [143.09241, 43.2575], [143.09479, 43.25703]]]}, "properties": {"name": "駒止湖（西小沼）"}}, {"type": "Feature", "geometry": {"type": "Polygon", "coordinates": [[[142.83869, 43.1791], [142.83959, 43.17704], [142.83842, 43.17376], [142.83925, 43.17277], [142.84079, 43.17285], [142.83953, 43.17069], [142.83746, 43.17016], [142.83481, 43.17331], [142.83264, 43.17415], [142.83536, 43.1737], [142.83701, 43.17671], [142.83654, 43.17813], [142.8348, 43.17913], [142.83621, 43.17974], [142.83438, 43.1799], [142.8355, 43.18021], [142.83501, 43.18047], [142.83869, 43.1791]]]}, "properties": {"name": "サホロ湖"}}, {"type": "Feature", "geometry": {"type": "Polygon", "coordinates": [[[142.94319, 43.22355], [142.94379, 43.22235], [142.94194, 43.22093], [142.94065, 43.21736], [142.93994, 43.21721], [142.94047, 43.21688], [142.93984, 43.21689], [142.94147, 43.21077], [142.94327, 43.21086], [142.94228, 43.21306], [142.94141, 43.21304], [142.94125, 43.21478], [142.94266, 43.21388], [142.94226, 43.21237], [142.94304, 43.21126], [142.94365, 43.21126], [142.9432, 43.21213], [142.94405, 43.21182], [142.94377, 43.21248], [142.94468, 43.21189], [142.9419, 43.20946], [142.94159, 43.20767], [142.93834, 43.20415], [142.93615, 43.19977], [142.94051, 43.20045], [142.94117, 43.20201], [142.94268, 43.20223], [142.94136, 43.20019], [142.93745, 43.19905], [142.9356, 43.19645], [142.93402, 43.19743], [142.93331, 43.20017], [142.93629, 43.20572], [142.93728, 43.20651], [142.93757, 43.20567], [142.93814, 43.20772], [142.93655, 43.20945], [142.93656, 43.21067], [142.94035, 43.22076], [142.94319, 43.22355]], [[142.93948, 43.20985], [142.94004, 43.20848], [142.94049, 43.21297], [142.93958, 43.21286], [142.94016, 43.21099], [142.93948, 43.20985]]]}, "properties": {"name": "岩松湖"}}, {"type": "Feature", "geometry": {"type": "Polygon", "coordinates": [[[142.92563, 43.27949], [142.92637, 43.28191], [142.92466, 43.28366], [142.92671, 43.28306], [142.92727, 43.28145], [142.92514, 43.27667], [142.92574, 43.27568], [142.92427, 43.27324], [142.92416, 43.27086], [142.92566, 43.26803], [142.92569, 43.2653], [142.92679, 43.26482], [142.9256, 43.26361], [142.92567, 43.2621], [142.92896, 43.25949], [142.93289, 43.25339], [142.9366, 43.25035], [142.93903, 43.2438], [142.94072, 43.24185], [142.93665, 43.24013], [142.93168, 43.24267], [142.93212, 43.24305], [142.93086, 43.24439], [142.93085, 43.24736], [142.93019, 43.24783], [142.93069, 43.24868], [142.92809, 43.25229], [142.92865, 43.25321], [142.92506, 43.25447], [142.92477, 43.25643], [142.92226, 43.26054], [142.92324, 43.2615], [142.92115, 43.26327], [142.92242, 43.26448], [142.92104, 43.26661], [142.92182, 43.26771], [142.92148, 43.26911], [142.9177, 43.27073], [142.92003, 43.27073], [142.92085, 43.27346], [142.92237, 43.27444], [142.92165, 43.27563], [142.92208, 43.27656], [142.92379, 43.27669], [142.92563, 43.27949]]]}, "properties": {"name": "東大雪湖"}}, {"type": "Feature", "geometry": {"type": "Polygon", "coordinates": [[[142.87822, 42.79425], [142.87862, 42.79339], [142.87751, 42.79309], [142.87492, 42.79436], [142.877, 42.79341], [142.87822, 42.79425]]]}, "properties": {"name": "伏美湖"}}, {"type": "Feature", "geometry": {"type": "Polygon", "coordinates": [[[143.46257, 42.53362], [143.46579, 42.53167], [143.46859, 42.5314], [143.47046, 42.53232], [143.46974, 42.5301], [143.47386, 42.52634], [143.47793, 42.52568], [143.47561, 42.52454], [143.47513, 42.52217], [143.47044, 42.52439], [143.46515, 42.52969], [143.45406, 42.52978], [143.45563, 42.53022], [143.45585, 42.5297], [143.46039, 42.5315], [143.46051, 42.53316], [143.45899, 42.53361], [143.45981, 42.53394], [143.45862, 42.53447], [143.45785, 42.5342], [143.45817, 42.53378], [143.45622, 42.53397], [143.45814, 42.53447], [143.45753, 42.53491], [143.46257, 42.53362]]]}, "properties": {"name": "ホロカヤントウ"}}, {"type": "Feature", "geometry": {"type": "Polygon", "coordinates": [[[143.51472, 42.59194], [143.51616, 42.59163], [143.51899, 42.59319], [143.5224, 42.59147], [143.52342, 42.59012], [143.53057, 42.59028], [143.53617, 42.59617], [143.537, 42.59836], [143.5365, 42.6002], [143.53292, 42.60097], [143.52663, 42.60679], [143.52561, 42.60881], [143.52782, 42.6131], [143.53225, 42.61435], [143.53385, 42.61348], [143.53359, 42.60978], [143.53419, 42.60894], [143.53441, 42.61289], [143.53583, 42.61316], [143.53678, 42.61441], [143.53573, 42.61576], [143.53299, 42.61627], [143.53298, 42.61909], [143.53662, 42.61607], [143.53487, 42.61849], [143.53719, 42.61982], [143.53947, 42.618], [143.54232, 42.61717], [143.5437, 42.61506], [143.54416, 42.61223], [143.54077, 42.61055], [143.54807, 42.60799], [143.55102, 42.60578], [143.55089, 42.60395], [143.54837, 42.60059], [143.54426, 42.59812], [143.53847, 42.59648], [143.53937, 42.59517], [143.54247, 42.59592], [143.54059, 42.59538], [143.54036, 42.59451], [143.5396, 42.59476], [143.53887, 42.59357], [143.53763, 42.59357], [143.53712, 42.59155], [143.53643, 42.59132], [143.53639, 42.58884], [143.53256, 42.58484], [143.52686, 42.57682], [143.52333, 42.57431], [143.52322, 42.57638], [143.52087, 42.57716], [143.52018, 42.57843], [143.52254, 42.57933], [143.52223, 42.57989], [143.52471, 42.57918], [143.52607, 42.57995], [143.5262, 42.5821], [143.5257, 42.58308], [143.52347, 42.58377], [143.51975, 42.58938], [143.51825, 42.59032], [143.51757, 42.5895], [143.51622, 42.59136], [143.5131, 42.59296], [143.51386, 42.5926], [143.51415, 42.59331], [143.51396, 42.59221], [143.51472, 42.59194]], [[143.53542, 42.60976], [143.53555, 42.61143], [143.53478, 42.61194], [143.53435, 42.6098], [143.53525, 42.60692], [143.53583, 42.60732], [143.53542, 42.60976]]]}, "properties": {"name": "湧洞沼"}}, {"type": "Feature", "geometry": {"type": "Polygon", "coordinates": [[[143.47784, 42.55528], [143.47301, 42.55875], [143.47627, 42.55665], [143.47864, 42.55667], [143.47815, 42.55608], [143.47916, 42.55559], [143.47929, 42.55706], [143.47733, 42.5583], [143.4791, 42.55786], [143.47935, 42.55526], [143.48164, 42.55522], [143.4831, 42.55638], [143.48379, 42.55846], [143.48518, 42.55906], [143.48444, 42.55988], [143.4854, 42.55939], [143.48689, 42.56081], [143.48701, 42.56294], [143.48843, 42.56326], [143.48729, 42.56444], [143.48881, 42.5634], [143.48742, 42.56262], [143.48762, 42.5611], [143.49006, 42.56233], [143.49057, 42.56303], [143.48985, 42.56376], [143.49087, 42.56441], [143.49092, 42.56193], [143.49389, 42.5606], [143.49363, 42.55982], [143.49475, 42.55923], [143.49591, 42.56037], [143.49514, 42.55915], [143.49558, 42.55735], [143.49472, 42.55627], [143.49531, 42.55658], [143.49768, 42.55229], [143.49791, 42.55007], [143.49966, 42.54837], [143.49113, 42.53865], [143.49072, 42.53904], [143.48708, 42.53526], [143.49562, 42.54557], [143.49115, 42.54713], [143.49135, 42.5484], [143.49015, 42.54852], [143.49115, 42.5488], [143.49019, 42.55137], [143.48744, 42.55411], [143.48075, 42.55383], [143.47806, 42.55421], [143.47784, 42.55528]], [[143.4974, 42.54956], [143.49765, 42.5491], [143.49695, 42.54947], [143.49678, 42.54892], [143.49724, 42.54709], [143.49892, 42.54876], [143.4988, 42.54948], [143.4974, 42.54956]]]}, "properties": {"name": "生花苗沼"}}, {"type": "Feature", "geometry": {"type": "Polygon", "coordinates": [[[143.60432, 42.65426], [143.60113, 42.65537], [143.60297, 42.65502], [143.60321, 42.65614], [143.6064, 42.65681], [143.60552, 42.66026], [143.6077, 42.66066], [143.60915, 42.65859], [143.60791, 42.66159], [143.60324, 42.66262], [143.60157, 42.66571], [143.6005, 42.66606], [143.60062, 42.66773], [143.60241, 42.66773], [143.60311, 42.66658], [143.60171, 42.67001], [143.59732, 42.67132], [143.6009, 42.67064], [143.60278, 42.66908], [143.60421, 42.66952], [143.6041, 42.67142], [143.60147, 42.6717], [143.60291, 42.67228], [143.60241, 42.6729], [143.60494, 42.67072], [143.60444, 42.66923], [143.60756, 42.66387], [143.60949, 42.66219], [143.60783, 42.66456], [143.60668, 42.66873], [143.61156, 42.66772], [143.61294, 42.66607], [143.61219, 42.66515], [143.61406, 42.66538], [143.61479, 42.66638], [143.61632, 42.66603], [143.61724, 42.66386], [143.62014, 42.66295], [143.61655, 42.66332], [143.61539, 42.66257], [143.61739, 42.66234], [143.61461, 42.66112], [143.6147, 42.66028], [143.61351, 42.65947], [143.61347, 42.65735], [143.6093, 42.65366], [143.60777, 42.64996], [143.60694, 42.65025], [143.60558, 42.65401], [143.60432, 42.65426]], [[143.60256, 42.66893], [143.6035, 42.66463], [143.60681, 42.66376], [143.60464, 42.66848], [143.60256, 42.66893]], [[143.6057, 42.65982], [143.60713, 42.65788], [143.60819, 42.65765], [143.60732, 42.6604], [143.6057, 42.65982]], [[143.60193, 42.66658], [143.60284, 42.6649], [143.60314, 42.66638], [143.60193, 42.66658]]]}, "properties": {"name": "長節湖"}}, {"type": "Feature", "geometry": {"type": "Polygon", "coordinates": [[[143.47611, 43.23721], [143.47513, 43.23905], [143.47402, 43.23943], [143.4747, 43.24079], [143.47242, 43.24431], [143.47252, 43.24676], [143.46984, 43.24895], [143.46998, 43.24981], [143.45931, 43.25204], [143.45738, 43.25286], [143.45738, 43.25408], [143.46326, 43.25254], [143.47125, 43.25298], [143.48129, 43.24729], [143.48176, 43.24483], [143.48348, 43.24432], [143.48231, 43.24375], [143.4813, 43.24134], [143.48235, 43.24066], [143.48226, 43.23815], [143.48021, 43.23716], [143.48157, 43.2357], [143.48149, 43.23472], [143.47973, 43.23423], [143.4796, 43.23322], [143.47824, 43.23347], [143.4788, 43.23485], [143.47714, 43.23551], [143.47611, 43.23721]]]}, "properties": {"name": "活込貯水池"}}, {"type": "Feature", "geometry": {"type": "Polygon", "coordinates": [[[144.47761, 43.10676], [144.47586, 43.10899], [144.47694, 43.11171], [144.48385, 43.11207], [144.48817, 43.109], [144.48881, 43.10694], [144.49167, 43.10311], [144.4918, 43.10199], [144.49083, 43.10108], [144.49378, 43.10012], [144.4942, 43.09817], [144.48869, 43.09762], [144.48446, 43.09922], [144.48192, 43.10297], [144.47942, 43.10422], [144.47761, 43.10676]]]}, "properties": {"name": "達古武湖"}}, {"type": "Feature", "geometry": {"type": "Polygon", "coordinates": [[[144.85229, 43.06468], [144.84996, 43.06967], [144.85124, 43.07356], [144.85361, 43.0753], [144.85567, 43.07446], [144.86307, 43.07424], [144.86267, 43.07349], [144.86419, 43.07177], [144.867, 43.07253], [144.87126, 43.07221], [144.88326, 43.06872], [144.89295, 43.06995], [144.90723, 43.06788], [144.91867, 43.06383], [144.92861, 43.05626], [144.93557, 43.05386], [144.9365, 43.05223], [144.93886, 43.0513], [144.93891, 43.04933], [144.94148, 43.04526], [144.94373, 43.0439], [144.94176, 43.04163], [144.93455, 43.03843], [144.93394, 43.03569], [144.93587, 43.03028], [144.93269, 43.02621], [144.9332, 43.02439], [144.92612, 43.02665], [144.92268, 43.02882], [144.91661, 43.02887], [144.91506, 43.0277], [144.91569, 43.02465], [144.91525, 43.02334], [144.90971, 43.01879], [144.90517, 43.01739], [144.8968, 43.01713], [144.89216, 43.01998], [144.88928, 43.02], [144.88245, 43.02193], [144.87975, 43.02391], [144.87928, 43.02569], [144.87285, 43.03006], [144.86408, 43.02911], [144.86436, 43.02961], [144.86166, 43.03128], [144.86175, 43.03208], [144.86092, 43.03176], [144.86106, 43.03262], [144.85841, 43.03642], [144.85802, 43.03907], [144.85454, 43.04226], [144.85413, 43.04391], [144.8517, 43.04546], [144.85405, 43.04884], [144.85711, 43.04885], [144.85744, 43.05124], [144.85373, 43.05287], [144.84862, 43.05692], [144.85039, 43.05813], [144.84923, 43.05905], [144.85229, 43.06468]]]}, "properties": {"name": "厚岸湖"}}, {"type": "Feature", "geometry": {"type": "Polygon", "coordinates": [[[144.99927, 43.04953], [144.99143, 43.05214], [144.98766, 43.05113], [144.98697, 43.05206], [144.98776, 43.05396], [144.98901, 43.05455], [144.98902, 43.05654], [144.99194, 43.05541], [144.99434, 43.05556], [144.99612, 43.05627], [144.9964, 43.05825], [144.99712, 43.05864], [144.99853, 43.05833], [144.99923, 43.05291], [145.00345, 43.05434], [145.00742, 43.05463], [145.0105, 43.05637], [145.01147, 43.05624], [145.01036, 43.05582], [145.0109, 43.05528], [145.01363, 43.05561], [145.01706, 43.05416], [145.01865, 43.05179], [145.01762, 43.0467], [145.01976, 43.04614], [145.02125, 43.04684], [145.02176, 43.04814], [145.02611, 43.04468], [145.02528, 43.04178], [145.023, 43.0407], [145.02038, 43.03783], [145.02415, 43.03501], [145.02425, 43.03362], [145.02287, 43.03312], [145.02313, 43.0326], [145.02843, 43.03013], [145.0294, 43.02693], [145.02828, 43.0273], [145.02717, 43.02914], [145.01422, 43.03649], [145.01169, 43.03581], [145.01055, 43.03457], [145.01358, 43.03336], [145.01628, 43.03115], [145.01025, 43.03467], [145.01001, 43.03393], [145.01244, 43.0334], [145.01008, 43.03365], [145.01094, 43.03308], [145.00858, 43.03076], [145.00658, 43.03064], [145.00661, 43.03354], [145.00858, 43.03363], [145.01027, 43.03582], [145.01331, 43.03695], [145.01146, 43.03914], [145.00825, 43.03993], [145.00425, 43.03755], [145.00445, 43.03916], [145.00734, 43.04017], [145.00791, 43.04122], [145.00631, 43.04303], [145.00692, 43.04585], [145.00606, 43.04699], [145.00033, 43.0481], [144.99927, 43.04953]]]}, "properties": {"name": "火散布沼"}}, {"type": "Feature", "geometry": {"type": "Polygon", "coordinates": [[[144.51415, 43.15073], [144.51197, 43.15134], [144.51089, 43.1533], [144.5084, 43.15324], [144.50703, 43.15501], [144.50438, 43.15603], [144.50266, 43.15471], [144.50148, 43.15692], [144.50227, 43.15715], [144.49915, 43.15977], [144.49986, 43.16166], [144.49916, 43.16314], [144.50877, 43.16204], [144.51076, 43.16024], [144.51287, 43.156], [144.51664, 43.15818], [144.51964, 43.15675], [144.52219, 43.15698], [144.52406, 43.15584], [144.52648, 43.15583], [144.52801, 43.15305], [144.53198, 43.14891], [144.53225, 43.14985], [144.53362, 43.15004], [144.53538, 43.14879], [144.53944, 43.14823], [144.54052, 43.14714], [144.54088, 43.14897], [144.5429, 43.14975], [144.54447, 43.15286], [144.54716, 43.15425], [144.55359, 43.15358], [144.5571, 43.15445], [144.56303, 43.15267], [144.56841, 43.15486], [144.57145, 43.15459], [144.57388, 43.15324], [144.57539, 43.15125], [144.57626, 43.14515], [144.57712, 43.14268], [144.57852, 43.14137], [144.57849, 43.14019], [144.57725, 43.13868], [144.57592, 43.13986], [144.57326, 43.14035], [144.57311, 43.14152], [144.56954, 43.141], [144.56585, 43.14173], [144.55711, 43.14621], [144.55407, 43.14554], [144.55179, 43.14214], [144.55048, 43.14161], [144.54803, 43.14125], [144.54561, 43.14212], [144.53913, 43.14031], [144.53344, 43.1425], [144.5313, 43.14476], [144.52941, 43.1444], [144.52687, 43.14549], [144.52602, 43.14738], [144.52226, 43.14708], [144.52186, 43.15099], [144.51973, 43.15026], [144.51716, 43.15155], [144.51415, 43.15073]]]}, "properties": {"name": "塘路湖"}}, {"type": "Feature", "geometry": {"type": "Polygon", "coordinates": [[[144.49966, 43.19049], [144.50328, 43.19174], [144.50192, 43.19203], [144.50155, 43.1932], [144.50291, 43.19309], [144.50367, 43.19414], [144.50524, 43.19438], [144.50522, 43.19338], [144.50723, 43.19276], [144.50662, 43.19227], [144.50705, 43.19006], [144.50645, 43.18771], [144.50255, 43.18509], [144.50326, 43.18354], [144.5057, 43.18179], [144.50433, 43.17644], [144.50335, 43.17557], [144.50491, 43.17416], [144.50503, 43.17261], [144.50365, 43.17148], [144.50052, 43.17107], [144.49056, 43.1734], [144.48769, 43.17122], [144.48493, 43.17059], [144.4871, 43.17248], [144.4868, 43.17558], [144.4854, 43.17645], [144.48408, 43.17564], [144.48369, 43.17432], [144.48366, 43.17672], [144.48234, 43.17744], [144.4858, 43.17644], [144.48695, 43.17697], [144.4923, 43.17638], [144.49376, 43.1774], [144.49527, 43.1765], [144.49537, 43.17516], [144.49736, 43.17428], [144.49674, 43.1769], [144.49962, 43.17763], [144.49884, 43.17852], [144.49918, 43.18079], [144.49659, 43.18202], [144.49558, 43.18349], [144.49823, 43.18651], [144.49735, 43.18913], [144.49966, 43.19049]]]}, "properties": {"name": "シラルトロ沼"}}, {"type": "Feature", "geometry": {"type": "Polygon", "coordinates": [[[144.55257, 43.60684], [144.56173, 43.60384], [144.56914, 43.5976], [144.57219, 43.59234], [144.57022, 43.58576], [144.5707, 43.58148], [144.56968, 43.58043], [144.56643, 43.57971], [144.56423, 43.58306], [144.55943, 43.58482], [144.55607, 43.58391], [144.5537, 43.58078], [144.54693, 43.57815], [144.54331, 43.57493], [144.54115, 43.5708], [144.53987, 43.56325], [144.5367, 43.5619], [144.53772, 43.56002], [144.5375, 43.55809], [144.53208, 43.55404], [144.52375, 43.55109], [144.52132, 43.55094], [144.51738, 43.55212], [144.51125, 43.55552], [144.5073, 43.56213], [144.50747, 43.56757], [144.50636, 43.57273], [144.50805, 43.5768], [144.50585, 43.58009], [144.50867, 43.58248], [144.50824, 43.58486], [144.50971, 43.58828], [144.51367, 43.58936], [144.51844, 43.59228], [144.52043, 43.59708], [144.52562, 43.60179], [144.53294, 43.60498], [144.53727, 43.60525], [144.54476, 43.60429], [144.54635, 43.60561], [144.55257, 43.60684]]]}, "properties": {"name": "摩周湖"}}, {"type": "Feature", "geometry": {"type": "Polygon", "coordinates": [[[144.2824, 43.65613], [144.28433, 43.65656], [144.28686, 43.65848], [144.2903, 43.65879], [144.29416, 43.66026], [144.29729, 43.65973], [144.29994, 43.65821], [144.30232, 43.65836], [144.30479, 43.66067], [144.30904, 43.66166], [144.31213, 43.6646], [144.3162, 43.67035], [144.32051, 43.67204], [144.3256, 43.67191], [144.33053, 43.67061], [144.34185, 43.67092], [144.35457, 43.6731], [144.35812, 43.67481], [144.36399, 43.67463], [144.36598, 43.67524], [144.3703, 43.6746], [144.37826, 43.67151], [144.38211, 43.67201], [144.38546, 43.67377], [144.39089, 43.67428], [144.39342, 43.67323], [144.39781, 43.66929], [144.40011, 43.66822], [144.40427, 43.66767], [144.40813, 43.66927], [144.41181, 43.66858], [144.4144, 43.66447], [144.41517, 43.65791], [144.4142, 43.65174], [144.41112, 43.64741], [144.40014, 43.6454], [144.39644, 43.64571], [144.39072, 43.64462], [144.38742, 43.64587], [144.38717, 43.64734], [144.3858, 43.64824], [144.38311, 43.6488], [144.38116, 43.64834], [144.37865, 43.64645], [144.37588, 43.64183], [144.37117, 43.63911], [144.36566, 43.63401], [144.36241, 43.63288], [144.35993, 43.62914], [144.36097, 43.62648], [144.35865, 43.6229], [144.35766, 43.61751], [144.35886, 43.61737], [144.35931, 43.61546], [144.36011, 43.61533], [144.36026, 43.61162], [144.35831, 43.60853], [144.35478, 43.6052], [144.34835, 43.60084], [144.34895, 43.59911], [144.34785, 43.5934], [144.34816, 43.58666], [144.35017, 43.58207], [144.34875, 43.57744], [144.34616, 43.57356], [144.34076, 43.56834], [144.3416, 43.56257], [144.33697, 43.55893], [144.32873, 43.55772], [144.32505, 43.55814], [144.32264, 43.55971], [144.32371, 43.56541], [144.32115, 43.57316], [144.31322, 43.57606], [144.31143, 43.57762], [144.31142, 43.57933], [144.31264, 43.58118], [144.31512, 43.58186], [144.31834, 43.58428], [144.31723, 43.58624], [144.31414, 43.58715], [144.30803, 43.58479], [144.3092, 43.58382], [144.30899, 43.58253], [144.31092, 43.58176], [144.31009, 43.58089], [144.31081, 43.58035], [144.30996, 43.57988], [144.31043, 43.5791], [144.30843, 43.57786], [144.30363, 43.57594], [144.29772, 43.57598], [144.2932, 43.57767], [144.29249, 43.58055], [144.29038, 43.58253], [144.2769, 43.58417], [144.26359, 43.59699], [144.25997, 43.60278], [144.25918, 43.60822], [144.25999, 43.61015], [144.25988, 43.61352], [144.26165, 43.61601], [144.26198, 43.61926], [144.26531, 43.62354], [144.26777, 43.62467], [144.27032, 43.62884], [144.26777, 43.63258], [144.26885, 43.63629], [144.27523, 43.64067], [144.27626, 43.64903], [144.27868, 43.65072], [144.27949, 43.65442], [144.2824, 43.65613]], [[144.30261, 43.64339], [144.29864, 43.64283], [144.29, 43.63716], [144.2855, 43.6356], [144.28755, 43.63371], [144.29151, 43.62646], [144.29853, 43.6208], [144.30421, 43.61886], [144.30824, 43.61845], [144.31691, 43.62392], [144.32272, 43.63064], [144.32246, 43.63741], [144.32369, 43.63878], [144.31951, 43.63992], [144.31573, 43.6423], [144.30743, 43.64387], [144.30261, 43.64339]]]}, "properties": {"name": "屈斜路湖"}}, {"type": "Feature", "geometry": {"type": "Polygon", "coordinates": [[[143.97938, 43.25714], [143.98347, 43.25632], [143.98168, 43.25465], [143.97985, 43.25506], [143.97988, 43.25331], [143.9785, 43.25319], [143.97838, 43.25528], [143.97672, 43.25745], [143.97938, 43.25714]]]}, "properties": {"name": "シュンクシタカラ湖"}}, {"type": "Feature", "geometry": {"type": "Polygon", "coordinates": [[[144.1408, 43.43499], [144.13863, 43.43649], [144.14004, 43.43654], [144.1408, 43.43499]]]}, "properties": {"name": "次郎湖"}}, {"type": "Feature", "geometry": {"type": "Polygon", "coordinates": [[[144.10516, 43.47219], [144.10802, 43.4735], [144.10919, 43.47627], [144.11115, 43.47662], [144.11432, 43.47573], [144.1159, 43.47295], [144.11771, 43.4724], [144.1183, 43.47538], [144.11582, 43.47805], [144.11576, 43.47936], [144.11713, 43.48006], [144.12131, 43.47996], [144.12296, 43.47843], [144.12411, 43.47923], [144.12287, 43.47816], [144.12448, 43.47811], [144.12385, 43.47824], [144.12306, 43.47632], [144.12606, 43.47162], [144.12291, 43.46904], [144.12344, 43.46679], [144.12245, 43.46553], [144.12385, 43.4632], [144.12292, 43.46238], [144.12365, 43.46084], [144.11906, 43.46148], [144.11805, 43.45953], [144.11989, 43.45634], [144.1171, 43.45645], [144.11375, 43.45416], [144.11261, 43.45178], [144.1139, 43.44972], [144.11837, 43.44902], [144.12166, 43.44742], [144.11998, 43.44526], [144.12141, 43.44208], [144.12545, 43.44119], [144.12656, 43.43937], [144.13244, 43.43897], [144.13181, 43.43815], [144.13306, 43.43725], [144.13151, 43.43653], [144.13705, 43.43622], [144.13604, 43.43502], [144.13751, 43.43463], [144.13841, 43.43275], [144.1368, 43.43205], [144.13527, 43.43323], [144.13692, 43.43312], [144.13506, 43.43448], [144.13481, 43.43578], [144.1307, 43.43617], [144.12938, 43.43702], [144.12809, 43.43519], [144.12602, 43.4354], [144.12141, 43.43318], [144.11735, 43.43413], [144.11277, 43.43352], [144.11011, 43.43433], [144.11037, 43.43523], [144.1087, 43.43506], [144.10621, 43.43621], [144.10583, 43.43797], [144.1036, 43.4387], [144.09698, 43.43757], [144.09884, 43.43466], [144.09786, 43.43363], [144.0922, 43.43462], [144.08941, 43.43594], [144.08883, 43.43738], [144.08447, 43.44059], [144.08476, 43.44218], [144.08144, 43.44485], [144.07982, 43.4479], [144.07562, 43.44713], [144.0738, 43.44806], [144.07361, 43.44985], [144.07082, 43.44989], [144.06885, 43.45169], [144.0665, 43.45209], [144.06509, 43.45324], [144.06114, 43.4538], [144.05884, 43.45534], [144.05901, 43.45725], [144.06014, 43.45837], [144.0694, 43.45783], [144.07256, 43.4564], [144.08175, 43.45552], [144.08457, 43.45768], [144.08635, 43.45785], [144.09162, 43.46313], [144.09176, 43.46437], [144.09463, 43.46763], [144.09837, 43.46909], [144.10214, 43.469], [144.10218, 43.47078], [144.10516, 43.47219]], [[144.10734, 43.4694], [144.10888, 43.46989], [144.1087, 43.47092], [144.10734, 43.4694]], [[144.09902, 43.4392], [144.0988, 43.44064], [144.09789, 43.44061], [144.09902, 43.4392]], [[144.11552, 43.4395], [144.11435, 43.43764], [144.11764, 43.4361], [144.11852, 43.44017], [144.11688, 43.44045], [144.11552, 43.4395]]]}, "properties": {"name": "阿寒湖"}}, {"type": "Feature", "geometry": {"type": "Polygon", "coordinates": [[[144.14037, 43.43198], [144.13997, 43.43342], [144.14115, 43.4337], [144.14037, 43.43198]]]}, "properties": {"name": "太郎湖"}}, {"type": "Feature", "geometry": {"type": "Polygon", "coordinates": [[[144.17947, 43.47524], [144.17824, 43.47577], [144.17967, 43.47637], [144.18097, 43.47838], [144.17904, 43.48096], [144.17062, 43.48266], [144.16757, 43.48178], [144.16667, 43.47991], [144.16388, 43.48079], [144.16456, 43.48215], [144.16407, 43.48314], [144.16079, 43.48522], [144.15893, 43.48546], [144.15824, 43.48731], [144.15611, 43.48876], [144.16666, 43.49228], [144.17134, 43.49094], [144.17353, 43.49123], [144.17463, 43.48632], [144.17954, 43.48663], [144.1826, 43.48458], [144.18678, 43.48558], [144.19147, 43.4856], [144.19114, 43.48402], [144.19269, 43.48037], [144.1949, 43.47911], [144.19347, 43.47634], [144.2013, 43.47867], [144.2023, 43.47661], [144.19748, 43.47525], [144.19229, 43.47168], [144.18877, 43.47157], [144.19012, 43.47448], [144.18396, 43.47706], [144.18062, 43.47592], [144.18113, 43.47389], [144.17947, 43.47524]]]}, "properties": {"name": "パンケトー"}}, {"type": "Feature", "geometry": {"type": "Polygon", "coordinates": [[[145.11787, 43.99838], [145.11622, 43.99885], [145.11608, 43.99957], [145.11825, 44.00034], [145.11859, 43.99879], [145.11787, 43.99838]]]}, "properties": {"name": "知西別湖"}}, {"type": "Feature", "geometry": {"type": "Polygon", "coordinates": [[[145.08228, 44.03263], [145.08235, 44.03112], [145.08467, 44.02904], [145.08324, 44.02894], [145.08211, 44.02716], [145.08015, 44.02623], [145.07996, 44.02516], [145.08186, 44.0238], [145.07966, 44.02288], [145.07713, 44.02582], [145.07614, 44.02928], [145.07806, 44.02975], [145.07737, 44.03112], [145.07544, 44.03198], [145.0767, 44.03149], [145.07701, 44.03315], [145.07829, 44.03337], [145.08228, 44.03263]]]}, "properties": {"name": "羅臼湖"}}, {"type": "Feature", "geometry": {"type": "Polygon", "coordinates": [[[140.77951, 40.69095], [140.78148, 40.6906], [140.78194, 40.68979], [140.78454, 40.69016], [140.78572, 40.68836], [140.78741, 40.68791], [140.78475, 40.68818], [140.78375, 40.68939], [140.78213, 40.68886], [140.78331, 40.6851], [140.7827, 40.68092], [140.78364, 40.67927], [140.78193, 40.6803], [140.78236, 40.68242], [140.78175, 40.68549], [140.77985, 40.68616], [140.77902, 40.68976], [140.77729, 40.68979], [140.77759, 40.69112], [140.77951, 40.69095]]]}, "properties": {"name": "下湯平成湖"}}, {"type": "Feature", "geometry": {"type": "Polygon", "coordinates": [[[140.67766, 40.84955], [140.67942, 40.84802], [140.67604, 40.84935], [140.67638, 40.84709], [140.67522, 40.8468], [140.67433, 40.84712], [140.67521, 40.84797], [140.67516, 40.84952], [140.67331, 40.84957], [140.67414, 40.85089], [140.67146, 40.84961], [140.67296, 40.85097], [140.67184, 40.85131], [140.67463, 40.85191], [140.6758, 40.84987], [140.67766, 40.84955]]]}, "properties": {"name": "野木和湖"}}, {"type": "Feature", "geometry": {"type": "Polygon", "coordinates": [[[140.37356, 40.75342], [140.37265, 40.75175], [140.37183, 40.75217], [140.37008, 40.75021], [140.36921, 40.75051], [140.3706, 40.75197], [140.36983, 40.75226], [140.37086, 40.75272], [140.37046, 40.75338], [140.37356, 40.75342]], [[140.38539, 40.75695], [140.39073, 40.75687], [140.39639, 40.75551], [140.39869, 40.75309], [140.39545, 40.74987], [140.395, 40.74689], [140.39343, 40.7448], [140.38838, 40.74224], [140.38619, 40.73989], [140.38636, 40.74098], [140.38566, 40.74123], [140.38764, 40.74289], [140.38859, 40.74507], [140.38727, 40.74457], [140.38628, 40.74561], [140.38434, 40.74524], [140.38299, 40.74616], [140.38324, 40.7474], [140.38199, 40.74762], [140.37791, 40.74549], [140.37765, 40.74722], [140.37495, 40.74764], [140.37765, 40.74958], [140.37716, 40.7514], [140.37416, 40.75195], [140.37384, 40.75275], [140.37408, 40.75373], [140.37868, 40.75273], [140.3809, 40.75344], [140.3813, 40.75389], [140.38011, 40.7547], [140.38243, 40.75665], [140.38539, 40.75695]]]}, "properties": {"name": "廻堰大溜池"}}, {"type": "Feature", "geometry": {"type": "Polygon", "coordinates": [[[140.71451, 40.58412], [140.71671, 40.58271], [140.71543, 40.58217], [140.71278, 40.58359], [140.71214, 40.58211], [140.71174, 40.58319], [140.70864, 40.58334], [140.70921, 40.58543], [140.71003, 40.58471], [140.71451, 40.58412]]]}, "properties": {"name": "藤ノ湖"}}, {"type": "Feature", "geometry": {"type": "Polygon", "coordinates": [[[140.69174, 40.59759], [140.69593, 40.59548], [140.69296, 40.59527], [140.69206, 40.59307], [140.69253, 40.59097], [140.69499, 40.58939], [140.69214, 40.58985], [140.69324, 40.58769], [140.69188, 40.58771], [140.69127, 40.58595], [140.69333, 40.58553], [140.69114, 40.58555], [140.69028, 40.58693], [140.68979, 40.58603], [140.69108, 40.58504], [140.69128, 40.58227], [140.69364, 40.57963], [140.69723, 40.57858], [140.69327, 40.57791], [140.69083, 40.58006], [140.68888, 40.58013], [140.68896, 40.5832], [140.68779, 40.58367], [140.68649, 40.58177], [140.68584, 40.57654], [140.68751, 40.57446], [140.68643, 40.57389], [140.68893, 40.5727], [140.68916, 40.57127], [140.68864, 40.57088], [140.68641, 40.57337], [140.68375, 40.57181], [140.68473, 40.57133], [140.68523, 40.56881], [140.68769, 40.56717], [140.68741, 40.56298], [140.69296, 40.55701], [140.69347, 40.55207], [140.69087, 40.55139], [140.69306, 40.55263], [140.69149, 40.55701], [140.68927, 40.55692], [140.6891, 40.55569], [140.68743, 40.55431], [140.68625, 40.55443], [140.68589, 40.55529], [140.68482, 40.55475], [140.68605, 40.55553], [140.68751, 40.55494], [140.68861, 40.55582], [140.68851, 40.55734], [140.68463, 40.56108], [140.68562, 40.56673], [140.68207, 40.56766], [140.68312, 40.56926], [140.68305, 40.57067], [140.67597, 40.57154], [140.68064, 40.57144], [140.68258, 40.5735], [140.68215, 40.57463], [140.68333, 40.57542], [140.68189, 40.57787], [140.6829, 40.58034], [140.6818, 40.58116], [140.68395, 40.58224], [140.68507, 40.58553], [140.68676, 40.58678], [140.68738, 40.58848], [140.68906, 40.58931], [140.68701, 40.59129], [140.68827, 40.59211], [140.68632, 40.59261], [140.68822, 40.59311], [140.68848, 40.59673], [140.69174, 40.59759]]]}, "properties": {"name": "虹の湖"}}, {"type": "Feature", "geometry": {"type": "Polygon", "coordinates": [[[140.34286, 41.04956], [140.34427, 41.04795], [140.34478, 41.04555], [140.346, 41.04462], [140.34402, 41.04337], [140.34377, 41.04217], [140.34662, 41.04113], [140.34902, 41.03907], [140.35752, 41.03905], [140.35897, 41.04107], [140.36253, 41.04191], [140.3669, 41.03871], [140.3691, 41.03991], [140.37115, 41.0389], [140.37195, 41.03942], [140.37471, 41.03856], [140.37914, 41.04006], [140.38266, 41.03893], [140.39377, 41.03998], [140.40312, 41.03894], [140.40531, 41.03727], [140.40693, 41.0326], [140.41136, 41.03031], [140.41398, 41.0271], [140.4132, 41.0264], [140.41465, 41.02548], [140.41342, 41.02351], [140.41106, 41.02304], [140.40794, 41.02419], [140.40626, 41.02356], [140.40205, 41.02561], [140.38856, 41.02912], [140.37814, 41.02929], [140.37341, 41.02769], [140.37046, 41.02566], [140.36775, 41.02134], [140.36778, 41.01951], [140.36947, 41.01569], [140.36774, 41.01543], [140.3668, 41.01744], [140.36614, 41.01737], [140.36626, 41.01638], [140.36345, 41.01666], [140.3642, 41.0153], [140.36317, 41.01239], [140.36012, 41.01211], [140.36158, 41.01129], [140.36182, 41.01015], [140.35848, 41.00401], [140.35859, 41.00058], [140.35988, 40.99853], [140.35894, 40.99708], [140.35425, 40.99642], [140.34739, 40.99967], [140.34373, 41.0025], [140.33646, 41.01088], [140.33245, 41.0203], [140.32973, 41.03637], [140.32828, 41.03684], [140.32692, 41.0387], [140.3257, 41.03547], [140.32482, 41.03528], [140.32408, 41.03617], [140.32111, 41.03592], [140.32158, 41.03738], [140.32393, 41.03771], [140.32665, 41.04037], [140.32944, 41.04603], [140.32938, 41.0485], [140.3309, 41.0485], [140.33223, 41.05025], [140.33949, 41.05169], [140.34286, 41.04956]], [[140.33773, 41.0503], [140.3368, 41.04915], [140.33217, 41.04739], [140.33263, 41.04469], [140.33431, 41.04488], [140.33811, 41.05091], [140.33773, 41.0503]]]}, "properties": {"name": "十三湖"}}, {"type": "Feature", "geometry": {"type": "Polygon", "coordinates": [[[140.45142, 40.91841], [140.45261, 40.91751], [140.45511, 40.918], [140.45527, 40.9208], [140.4561, 40.92029], [140.45705, 40.92096], [140.45619, 40.91858], [140.45794, 40.91849], [140.45825, 40.91995], [140.45906, 40.91875], [140.45837, 40.91809], [140.4594, 40.91767], [140.45992, 40.91601], [140.46175, 40.91651], [140.46261, 40.91577], [140.46179, 40.91496], [140.45809, 40.91554], [140.45812, 40.91467], [140.45733, 40.91565], [140.45648, 40.91521], [140.45507, 40.91583], [140.45422, 40.91515], [140.45366, 40.9157], [140.4531, 40.91527], [140.4541, 40.91372], [140.45373, 40.9126], [140.45474, 40.91245], [140.45399, 40.91168], [140.45268, 40.91313], [140.45275, 40.91444], [140.45155, 40.91412], [140.45236, 40.91474], [140.45206, 40.91552], [140.45048, 40.91566], [140.45015, 40.91421], [140.4493, 40.91469], [140.4508, 40.91995], [140.45147, 40.91997], [140.45148, 40.9192], [140.45314, 40.92058], [140.4543, 40.91959], [140.45142, 40.91841]]]}, "properties": {"name": "藤枝溜池"}}, {"type": "Feature", "geometry": {"type": "Polygon", "coordinates": [[[140.8966, 40.50331], [140.90206, 40.50212], [140.90947, 40.50427], [140.91697, 40.50302], [140.92162, 40.49664], [140.92156, 40.49565], [140.91975, 40.49446], [140.9207, 40.49281], [140.9258, 40.49191], [140.93212, 40.48546], [140.93295, 40.48275], [140.93705, 40.48104], [140.93915, 40.47869], [140.94083, 40.47804], [140.94088, 40.47584], [140.94175, 40.47474], [140.94023, 40.46942], [140.94058, 40.46735], [140.94461, 40.46322], [140.94368, 40.45745], [140.94174, 40.45567], [140.93996, 40.45551], [140.938, 40.45402], [140.93818, 40.45061], [140.93644, 40.44715], [140.92858, 40.44607], [140.92934, 40.44838], [140.92706, 40.44938], [140.92072, 40.4497], [140.92329, 40.45093], [140.91668, 40.45281], [140.91777, 40.45396], [140.91754, 40.45498], [140.91906, 40.45556], [140.9228, 40.46017], [140.92295, 40.46223], [140.92158, 40.46389], [140.91948, 40.46519], [140.91131, 40.46659], [140.90584, 40.46544], [140.90398, 40.46335], [140.90374, 40.46077], [140.90238, 40.45837], [140.90303, 40.45684], [140.90632, 40.45671], [140.90719, 40.45583], [140.9065, 40.45502], [140.90824, 40.45513], [140.91101, 40.45362], [140.91333, 40.44999], [140.91393, 40.4481], [140.91337, 40.44655], [140.91434, 40.44627], [140.91509, 40.44459], [140.91451, 40.44225], [140.91518, 40.44162], [140.91428, 40.44087], [140.91491, 40.43985], [140.91286, 40.43935], [140.91375, 40.43798], [140.91277, 40.43587], [140.90782, 40.43294], [140.89914, 40.43191], [140.89562, 40.43265], [140.89287, 40.43569], [140.88911, 40.43659], [140.88531, 40.4414], [140.88578, 40.44199], [140.88377, 40.44256], [140.88397, 40.44397], [140.88532, 40.44431], [140.88507, 40.44654], [140.88041, 40.44607], [140.88055, 40.44711], [140.87758, 40.44871], [140.87843, 40.44974], [140.87817, 40.45146], [140.87654, 40.45109], [140.87677, 40.45043], [140.87579, 40.4501], [140.87711, 40.44855], [140.87608, 40.44753], [140.87673, 40.44607], [140.87615, 40.44531], [140.87945, 40.44302], [140.88046, 40.44093], [140.87911, 40.43954], [140.87903, 40.43759], [140.88019, 40.43719], [140.87912, 40.43531], [140.88073, 40.43453], [140.88245, 40.43477], [140.88302, 40.43589], [140.88315, 40.43465], [140.88359, 40.43545], [140.88426, 40.43469], [140.88549, 40.43558], [140.88484, 40.43483], [140.88578, 40.43359], [140.88693, 40.43392], [140.89011, 40.432], [140.89288, 40.4281], [140.89191, 40.42331], [140.89268, 40.42089], [140.88847, 40.41828], [140.88635, 40.41598], [140.8827, 40.41432], [140.87607, 40.41305], [140.87345, 40.41575], [140.87127, 40.41375], [140.86512, 40.41421], [140.86013, 40.4164], [140.85727, 40.41908], [140.85608, 40.42389], [140.85673, 40.4259], [140.85547, 40.43021], [140.85, 40.43283], [140.84701, 40.4358], [140.84723, 40.43852], [140.84405, 40.44198], [140.84533, 40.44317], [140.84306, 40.44376], [140.83965, 40.44712], [140.83959, 40.45073], [140.84365, 40.45312], [140.8446, 40.45558], [140.84379, 40.45698], [140.84076, 40.45796], [140.83726, 40.46153], [140.83607, 40.46413], [140.83633, 40.46676], [140.82844, 40.4764], [140.82828, 40.4802], [140.83393, 40.48342], [140.83209, 40.48481], [140.8327, 40.48894], [140.83363, 40.49034], [140.83833, 40.49188], [140.83883, 40.49331], [140.84317, 40.49589], [140.85102, 40.49729], [140.85862, 40.49976], [140.86338, 40.49968], [140.86674, 40.49784], [140.87098, 40.49681], [140.87529, 40.49817], [140.87803, 40.49807], [140.88057, 40.49977], [140.88613, 40.49964], [140.88794, 40.50049], [140.89139, 40.49994], [140.8966, 40.50331]]]}, "properties": {"name": "十和田湖（東湖・中湖・西湖）"}}, {"type": "Feature", "geometry": {"type": "Polygon", "coordinates": [[[141.34156, 40.72069], [141.34346, 40.72026], [141.34362, 40.7193], [141.34038, 40.712], [141.33741, 40.71244], [141.33439, 40.70813], [141.32838, 40.70632], [141.32653, 40.70341], [141.32499, 40.70288], [141.32363, 40.70422], [141.32258, 40.70251], [141.32048, 40.70265], [141.3212, 40.70719], [141.32805, 40.70833], [141.32518, 40.71242], [141.32691, 40.71299], [141.33207, 40.71266], [141.33153, 40.71546], [141.33263, 40.71593], [141.33288, 40.71775], [141.33542, 40.72045], [141.3374, 40.72104], [141.34156, 40.72069]]]}, "properties": {"name": "姉沼"}}, {"type": "Feature", "geometry": {"type": "Polygon", "coordinates": [[[141.3289, 40.85047], [141.32873, 40.84917], [141.32649, 40.84851], [141.32623, 40.84717], [141.3385, 40.84258], [141.34828, 40.8425], [141.35833, 40.84467], [141.36538, 40.84284], [141.36744, 40.84118], [141.36826, 40.83611], [141.36603, 40.83191], [141.3669, 40.83077], [141.36534, 40.82886], [141.36611, 40.82737], [141.35909, 40.81604], [141.35618, 40.81389], [141.35319, 40.81362], [141.35137, 40.81225], [141.34968, 40.80987], [141.34786, 40.80403], [141.34913, 40.78398], [141.34822, 40.77935], [141.34902, 40.77787], [141.35592, 40.77411], [141.35816, 40.76767], [141.35979, 40.75135], [141.3584, 40.73573], [141.35648, 40.73063], [141.35274, 40.72488], [141.34993, 40.72208], [141.3471, 40.72059], [141.34246, 40.72181], [141.33145, 40.72699], [141.32885, 40.72635], [141.32521, 40.72668], [141.31845, 40.72474], [141.31575, 40.72244], [141.31371, 40.7224], [141.31304, 40.72158], [141.31181, 40.72195], [141.3126, 40.72128], [141.31219, 40.72007], [141.31097, 40.71903], [141.30851, 40.71864], [141.30928, 40.71816], [141.3078, 40.71812], [141.3069, 40.71708], [141.30481, 40.71673], [141.29994, 40.71787], [141.29692, 40.71714], [141.29577, 40.71791], [141.29721, 40.71931], [141.2968, 40.71788], [141.29899, 40.72047], [141.2976, 40.72117], [141.29589, 40.7203], [141.29203, 40.7214], [141.29096, 40.72089], [141.29049, 40.72158], [141.29135, 40.72262], [141.28819, 40.72343], [141.28694, 40.72705], [141.28245, 40.72947], [141.28068, 40.73594], [141.27688, 40.74152], [141.28221, 40.74556], [141.28467, 40.74484], [141.28763, 40.74694], [141.28647, 40.74803], [141.28588, 40.75179], [141.28429, 40.75502], [141.2851, 40.7543], [141.28615, 40.75441], [141.28565, 40.75522], [141.28694, 40.75482], [141.28831, 40.75321], [141.28726, 40.7526], [141.28856, 40.75245], [141.28783, 40.75212], [141.29223, 40.74968], [141.2939, 40.75042], [141.29554, 40.75013], [141.29754, 40.74869], [141.29686, 40.7497], [141.29893, 40.74959], [141.30045, 40.74858], [141.30088, 40.74719], [141.30381, 40.74563], [141.30561, 40.74606], [141.3083, 40.74929], [141.31643, 40.74897], [141.32067, 40.75106], [141.32475, 40.75161], [141.32651, 40.75334], [141.32643, 40.75668], [141.32528, 40.75906], [141.32341, 40.76042], [141.32054, 40.76112], [141.31804, 40.7636], [141.31682, 40.76797], [141.31674, 40.76968], [141.31742, 40.77002], [141.31643, 40.77425], [141.31191, 40.776], [141.31132, 40.77825], [141.30909, 40.77979], [141.30835, 40.7823], [141.30896, 40.78351], [141.30819, 40.78416], [141.30867, 40.78501], [141.3029, 40.79459], [141.30198, 40.79731], [141.3017, 40.80301], [141.29812, 40.80857], [141.29671, 40.81531], [141.29848, 40.82214], [141.30238, 40.82723], [141.30766, 40.83126], [141.31263, 40.84147], [141.31455, 40.84331], [141.31389, 40.84442], [141.31537, 40.84744], [141.31876, 40.84918], [141.3241, 40.85023], [141.32829, 40.85278], [141.3289, 40.85047]]]}, "properties": {"name": "小川原湖"}}, {"type": "Feature", "geometry": {"type": "Polygon", "coordinates": [[[140.87785, 41.26368], [140.87153, 41.26479], [140.87036, 41.26617], [140.87742, 41.26468], [140.87514, 41.26745], [140.87602, 41.26972], [140.87601, 41.2674], [140.87733, 41.26564], [140.8791, 41.26665], [140.879, 41.2676], [140.88355, 41.26576], [140.88555, 41.26595], [140.88902, 41.26993], [140.8889, 41.27075], [140.88596, 41.27252], [140.88892, 41.2716], [140.89265, 41.27175], [140.89392, 41.27473], [140.89488, 41.27438], [140.89452, 41.2737], [140.89573, 41.27121], [140.89305, 41.27002], [140.89379, 41.26947], [140.89116, 41.26994], [140.88913, 41.26804], [140.88867, 41.26715], [140.88925, 41.26666], [140.8877, 41.26591], [140.88836, 41.26498], [140.88388, 41.26461], [140.88604, 41.26258], [140.88401, 41.26344], [140.88296, 41.26495], [140.88007, 41.26504], [140.88001, 41.26254], [140.8783, 41.26068], [140.88057, 41.25842], [140.87813, 41.26001], [140.87773, 41.25775], [140.87719, 41.25972], [140.87493, 41.25816], [140.8713, 41.258], [140.8714, 41.25608], [140.86952, 41.25749], [140.86637, 41.25407], [140.86567, 41.25444], [140.86368, 41.25301], [140.86448, 41.25357], [140.86396, 41.25488], [140.86582, 41.25624], [140.86584, 41.25721], [140.86467, 41.25779], [140.86158, 41.2571], [140.86179, 41.25839], [140.86034, 41.25916], [140.86079, 41.25946], [140.85879, 41.25922], [140.8588, 41.26031], [140.85682, 41.26083], [140.85684, 41.2614], [140.86724, 41.25957], [140.86424, 41.26109], [140.86274, 41.26465], [140.86577, 41.26178], [140.86699, 41.26219], [140.86954, 41.2609], [140.87246, 41.2624], [140.87737, 41.2628], [140.87785, 41.26368]]]}, "properties": {"name": "かわうち湖"}}, {"type": "Feature", "geometry": {"type": "Polygon", "coordinates": [[[141.0865, 41.32551], [141.08953, 41.32309], [141.09081, 41.32322], [141.09245, 41.32607], [141.09616, 41.32582], [141.0988, 41.32185], [141.0995, 41.31726], [141.09849, 41.31479], [141.09665, 41.31338], [141.09192, 41.31157], [141.08988, 41.30997], [141.08424, 41.30917], [141.0825, 41.31067], [141.08248, 41.31278], [141.07653, 41.31804], [141.07564, 41.3215], [141.07674, 41.32302], [141.07777, 41.32271], [141.07821, 41.32485], [141.08424, 41.3267], [141.0865, 41.32551]]]}, "properties": {"name": "宇曽利山湖"}}, {"type": "Feature", "geometry": {"type": "Polygon", "coordinates": [[[140.36792, 40.91748], [140.36841, 40.91673], [140.36754, 40.91477], [140.36955, 40.91163], [140.37173, 40.90496], [140.37105, 40.90226], [140.36952, 40.90145], [140.36867, 40.90202], [140.36734, 40.89951], [140.36851, 40.90221], [140.36424, 40.90159], [140.36525, 40.9026], [140.36441, 40.90314], [140.36454, 40.90533], [140.36354, 40.90602], [140.36405, 40.90705], [140.36165, 40.90729], [140.36104, 40.9065], [140.36066, 40.90972], [140.36129, 40.91633], [140.36671, 40.9191], [140.3684, 40.91911], [140.36792, 40.91748]]]}, "properties": {"name": "田光沼"}}, {"type": "Feature", "geometry": {"type": "Polygon", "coordinates": [[[139.97259, 40.54825], [139.97267, 40.54684], [139.97151, 40.54624], [139.97144, 40.54816], [139.97259, 40.54825]]]}, "properties": {"name": "破池（十二湖）"}}, {"type": "Feature", "geometry": {"type": "Polygon", "coordinates": [[[139.97321, 40.54958], [139.97413, 40.54936], [139.97267, 40.54937], [139.97205, 40.55086], [139.97321, 40.54958]]]}, "properties": {"name": "牛旁ノ池（十二湖）"}}, {"type": "Feature", "geometry": {"type": "Polygon", "coordinates": [[[139.9808, 40.55302], [139.98325, 40.55164], [139.98075, 40.55157], [139.9797, 40.55349], [139.9808, 40.55302]]]}, "properties": {"name": "金山ノ池（十二湖）"}}, {"type": "Feature", "geometry": {"type": "Polygon", "coordinates": [[[139.9755, 40.55353], [139.97414, 40.55339], [139.9735, 40.55217], [139.97302, 40.55303], [139.97183, 40.55309], [139.9741, 40.554], [139.97672, 40.55374], [139.9755, 40.55353]]]}, "properties": {"name": "糸畑ノ池（十二湖）"}}, {"type": "Feature", "geometry": {"type": "Polygon", "coordinates": [[[139.96202, 40.56084], [139.96223, 40.55976], [139.96146, 40.55918], [139.96122, 40.5602], [139.96202, 40.56084]]]}, "properties": {"name": "八景ノ池（十二湖）"}}, {"type": "Feature", "geometry": {"type": "Polygon", "coordinates": [[[139.97194, 40.5614], [139.96979, 40.56224], [139.97155, 40.56212], [139.97194, 40.5614]]]}, "properties": {"name": "日暮ノ池（十二湖）"}}, {"type": "Feature", "geometry": {"type": "Polygon", "coordinates": [[[139.9857, 40.56161], [139.9848, 40.56096], [139.98405, 40.56185], [139.98345, 40.56401], [139.98428, 40.56376], [139.98426, 40.56464], [139.98483, 40.56362], [139.9861, 40.5637], [139.98541, 40.56302], [139.9857, 40.56161]]]}, "properties": {"name": "鶏頭場ノ池（十二湖）"}}, {"type": "Feature", "geometry": {"type": "Polygon", "coordinates": [[[139.96716, 40.56359], [139.96573, 40.5633], [139.96632, 40.56466], [139.96716, 40.56359]], [[139.9695, 40.5657], [139.96995, 40.5648], [139.9691, 40.56358], [139.96729, 40.56468], [139.96916, 40.56643], [139.9695, 40.5657]]]}, "properties": {"name": "王池（十二湖）"}}, {"type": "Feature", "geometry": {"type": "Polygon", "coordinates": [[[139.9794, 40.5653], [139.9776, 40.56622], [139.98043, 40.56649], [139.9803, 40.56526], [139.9794, 40.5653]]]}, "properties": {"name": "落口ノ池（十二湖）"}}, {"type": "Feature", "geometry": {"type": "Polygon", "coordinates": [[[139.97341, 40.56579], [139.97105, 40.56491], [139.97056, 40.56656], [139.97233, 40.567], [139.97341, 40.56579]]]}, "properties": {"name": "越口ノ池（十二湖）"}}, {"type": "Feature", "geometry": {"type": "Polygon", "coordinates": [[[139.97534, 40.56627], [139.97517, 40.567], [139.97717, 40.56755], [139.97653, 40.56632], [139.97534, 40.56627]]]}, "properties": {"name": "中ノ池（十二湖）"}}, {"type": "Feature", "geometry": {"type": "Polygon", "coordinates": [[[139.97721, 40.54374], [139.97664, 40.54222], [139.97431, 40.54306], [139.97242, 40.54148], [139.97009, 40.54219], [139.9717, 40.54392], [139.97721, 40.54374]]]}, "properties": {"name": "大池（十二湖）"}}, {"type": "Feature", "geometry": {"type": "Polygon", "coordinates": [[[139.97721, 40.54374], [139.97648, 40.54439], [139.97792, 40.54498], [139.97894, 40.54441], [139.97721, 40.54374]]]}, "properties": {"name": "濁池（十二湖）"}}, {"type": "Feature", "geometry": {"type": "Polygon", "coordinates": [[[140.21625, 40.52789], [140.21898, 40.52978], [140.22105, 40.52924], [140.22101, 40.52827], [140.22295, 40.52834], [140.22804, 40.53117], [140.23154, 40.53011], [140.23129, 40.53108], [140.235, 40.52983], [140.23718, 40.53226], [140.24065, 40.53132], [140.24132, 40.53214], [140.23868, 40.53318], [140.23796, 40.53532], [140.23938, 40.53822], [140.2398, 40.53785], [140.24269, 40.5399], [140.24413, 40.53981], [140.24475, 40.53863], [140.24766, 40.53737], [140.24969, 40.53907], [140.24975, 40.54075], [140.25065, 40.54034], [140.2524, 40.54145], [140.25392, 40.54131], [140.25536, 40.54257], [140.2561, 40.54215], [140.25517, 40.54119], [140.25567, 40.53999], [140.25745, 40.54049], [140.25972, 40.53885], [140.25972, 40.53741], [140.25744, 40.53622], [140.24667, 40.53395], [140.24548, 40.53286], [140.24559, 40.53159], [140.24441, 40.53099], [140.24393, 40.53213], [140.24327, 40.53196], [140.24209, 40.52978], [140.24008, 40.52947], [140.23918, 40.52836], [140.23915, 40.52947], [140.23657, 40.52953], [140.23606, 40.52747], [140.23523, 40.52765], [140.23425, 40.52631], [140.23436, 40.52804], [140.227, 40.52879], [140.22566, 40.52725], [140.22414, 40.52686], [140.22389, 40.52546], [140.22455, 40.5248], [140.22286, 40.52195], [140.22069, 40.52225], [140.22098, 40.52126], [140.22005, 40.52183], [140.22037, 40.52323], [140.22232, 40.52394], [140.22216, 40.52485], [140.22342, 40.52566], [140.2192, 40.5274], [140.21791, 40.52504], [140.21697, 40.52677], [140.21483, 40.52738], [140.21625, 40.52789]]]}, "properties": {"name": "美山湖"}}, {"type": "Feature", "geometry": {"type": "Polygon", "coordinates": [[[140.44637, 40.94619], [140.44781, 40.94508], [140.44732, 40.94422], [140.44603, 40.94443], [140.44647, 40.94498], [140.44567, 40.94622], [140.44637, 40.94619]], [[140.45673, 40.94648], [140.45588, 40.94493], [140.45982, 40.94514], [140.45425, 40.94356], [140.45589, 40.9429], [140.45366, 40.94304], [140.4526, 40.94204], [140.44996, 40.94201], [140.44907, 40.94123], [140.45043, 40.94034], [140.45466, 40.9407], [140.45115, 40.93978], [140.45191, 40.93916], [140.45765, 40.93908], [140.45266, 40.93866], [140.45346, 40.93682], [140.44759, 40.94061], [140.4454, 40.93999], [140.45199, 40.93588], [140.44961, 40.93696], [140.44884, 40.93602], [140.44886, 40.93718], [140.44802, 40.93709], [140.44723, 40.93817], [140.4473, 40.9364], [140.44557, 40.93699], [140.44641, 40.9383], [140.44373, 40.93926], [140.44263, 40.94081], [140.44408, 40.94145], [140.44343, 40.94295], [140.44402, 40.94249], [140.44502, 40.94376], [140.44514, 40.94154], [140.44644, 40.94205], [140.44647, 40.94399], [140.44759, 40.94349], [140.44748, 40.94214], [140.44814, 40.94191], [140.44992, 40.94347], [140.45369, 40.94379], [140.45576, 40.94643], [140.45673, 40.94648]]]}, "properties": {"name": "大沢内溜池"}}, {"type": "Feature", "geometry": {"type": "Polygon", "coordinates": [[[141.03526, 40.78629], [141.04208, 40.78614], [141.04285, 40.78762], [141.04363, 40.78672], [141.04618, 40.78853], [141.05035, 40.78749], [141.05435, 40.788], [141.05482, 40.78895], [141.05523, 40.78837], [141.05801, 40.78847], [141.06034, 40.79027], [141.06257, 40.79019], [141.06399, 40.78885], [141.06372, 40.7878], [141.06265, 40.78841], [141.06231, 40.78688], [141.05949, 40.78505], [141.05732, 40.78438], [141.0451, 40.78434], [141.0437, 40.78219], [141.03683, 40.78372], [141.0363, 40.78326], [141.0368, 40.78202], [141.03614, 40.78324], [141.03683, 40.78394], [141.04204, 40.78305], [141.04339, 40.78417], [141.03821, 40.78641], [141.03648, 40.78576], [141.03526, 40.78629]]]}, "properties": {"name": "天間ダム貯水池"}}, {"type": "Feature", "geometry": {"type": "Polygon", "coordinates": [[[141.36377, 40.88043], [141.36465, 40.87727], [141.36378, 40.8759], [141.35875, 40.87278], [141.35277, 40.87322], [141.34838, 40.87252], [141.34587, 40.8733], [141.34462, 40.875], [141.34325, 40.87535], [141.34285, 40.87257], [141.34042, 40.87169], [141.33765, 40.87341], [141.33674, 40.87528], [141.33733, 40.87796], [141.33921, 40.88037], [141.34239, 40.88257], [141.34323, 40.88168], [141.34078, 40.87593], [141.34185, 40.87487], [141.34847, 40.87797], [141.3514, 40.87629], [141.35511, 40.88065], [141.35855, 40.88258], [141.36202, 40.88257], [141.36377, 40.88043]]]}, "properties": {"name": "田面木沼"}}, {"type": "Feature", "geometry": {"type": "Polygon", "coordinates": [[[141.36705, 40.91235], [141.36839, 40.91215], [141.3699, 40.91017], [141.36945, 40.90707], [141.36726, 40.90663], [141.36708, 40.90747], [141.36806, 40.90809], [141.36657, 40.90838], [141.36493, 40.90633], [141.36461, 40.90378], [141.35901, 40.89968], [141.35318, 40.8992], [141.34974, 40.90218], [141.34734, 40.90141], [141.34609, 40.90214], [141.34731, 40.90676], [141.34923, 40.90854], [141.35292, 40.90853], [141.35452, 40.90636], [141.3581, 40.91037], [141.36705, 40.91235]]]}, "properties": {"name": "市柳沼"}}, {"type": "Feature", "geometry": {"type": "Polygon", "coordinates": [[[141.2979, 40.94447], [141.30102, 40.94378], [141.30215, 40.94463], [141.30512, 40.94497], [141.30892, 40.94265], [141.31108, 40.94588], [141.31413, 40.94714], [141.31921, 40.94221], [141.32191, 40.94214], [141.32853, 40.93941], [141.33437, 40.93857], [141.34429, 40.93876], [141.34769, 40.94296], [141.35027, 40.94392], [141.35482, 40.94212], [141.35692, 40.9421], [141.35833, 40.94096], [141.35843, 40.93719], [141.35679, 40.93713], [141.35729, 40.93519], [141.35868, 40.93462], [141.35887, 40.93552], [141.36824, 40.93502], [141.37466, 40.9332], [141.37508, 40.93204], [141.37813, 40.93336], [141.37902, 40.93312], [141.37714, 40.93212], [141.3802, 40.9308], [141.38024, 40.92929], [141.37377, 40.93163], [141.36955, 40.93173], [141.36951, 40.9324], [141.36001, 40.93209], [141.35782, 40.93344], [141.35841, 40.93416], [141.3576, 40.93459], [141.35603, 40.93262], [141.35246, 40.93195], [141.34554, 40.9285], [141.33967, 40.92871], [141.33484, 40.93079], [141.33098, 40.92975], [141.3288, 40.93109], [141.32787, 40.93494], [141.32446, 40.9345], [141.32129, 40.93711], [141.3162, 40.93694], [141.31542, 40.93924], [141.31387, 40.93795], [141.30619, 40.93567], [141.30461, 40.9362], [141.30426, 40.9371], [141.30322, 40.93697], [141.30238, 40.93899], [141.29704, 40.93826], [141.29487, 40.93866], [141.29467, 40.93932], [141.29625, 40.93931], [141.29374, 40.94033], [141.29323, 40.94214], [141.2962, 40.94512], [141.2979, 40.94447]]]}, "properties": {"name": "鷹架沼"}}, {"type": "Feature", "geometry": {"type": "Polygon", "coordinates": [[[141.33727, 40.96935], [141.34783, 40.96364], [141.35069, 40.96383], [141.35299, 40.96291], [141.35521, 40.96423], [141.35565, 40.96532], [141.35675, 40.96535], [141.36023, 40.96193], [141.36695, 40.95904], [141.37746, 40.96181], [141.38228, 40.9666], [141.38465, 40.96651], [141.38297, 40.96619], [141.37684, 40.95904], [141.37034, 40.95745], [141.36766, 40.9556], [141.36448, 40.94965], [141.36201, 40.94724], [141.36019, 40.94676], [141.35778, 40.94823], [141.35384, 40.94885], [141.35166, 40.9516], [141.35022, 40.95541], [141.34712, 40.9557], [141.34587, 40.958], [141.33726, 40.96204], [141.33434, 40.96516], [141.33351, 40.96722], [141.33512, 40.96989], [141.3363, 40.97051], [141.33727, 40.96935]]]}, "properties": {"name": "尾駮沼"}}, {"type": "Feature", "geometry": {"type": "Polygon", "coordinates": [[[141.30874, 40.86375], [141.31242, 40.86244], [141.31445, 40.86021], [141.31708, 40.86097], [141.32006, 40.85807], [141.32242, 40.85927], [141.32405, 40.85882], [141.32472, 40.86269], [141.32667, 40.86315], [141.32829, 40.85278], [141.3254, 40.85204], [141.32452, 40.85424], [141.32206, 40.85466], [141.32237, 40.8561], [141.31872, 40.8569], [141.31721, 40.85807], [141.3119, 40.85622], [141.30841, 40.85621], [141.3053, 40.85516], [141.30583, 40.85626], [141.30523, 40.85643], [141.30719, 40.8575], [141.3063, 40.85983], [141.31233, 40.85756], [141.31231, 40.86089], [141.30699, 40.8624], [141.30754, 40.86398], [141.30874, 40.86375]]]}, "properties": {"name": "内沼"}}, {"type": "Feature", "geometry": {"type": "Polygon", "coordinates": [[[140.99625, 39.68193], [140.99873, 39.67921], [140.99666, 39.67634], [140.99655, 39.67503], [140.99876, 39.67425], [141.01171, 39.67912], [141.01848, 39.68277], [141.01814, 39.68357], [141.01943, 39.68337], [141.02167, 39.68454], [141.02729, 39.69212], [141.0295, 39.69336], [141.03049, 39.69353], [141.03192, 39.69162], [141.03217, 39.68913], [141.03515, 39.68722], [141.03289, 39.68771], [141.03182, 39.68578], [141.02651, 39.68218], [141.02563, 39.68046], [141.02193, 39.67734], [141.02057, 39.6774], [141.0199, 39.67638], [141.01165, 39.6731], [141.0124, 39.67213], [141.01155, 39.6711], [141.01069, 39.67269], [141.00629, 39.66995], [140.99936, 39.66799], [140.99725, 39.6655], [140.99591, 39.66531], [140.99723, 39.66411], [140.99533, 39.66074], [140.99666, 39.65939], [140.99562, 39.65855], [140.99381, 39.65849], [140.99509, 39.6592], [140.99352, 39.66137], [140.99483, 39.66395], [140.99329, 39.66629], [140.99204, 39.66609], [140.99278, 39.66795], [140.98884, 39.66526], [140.9819, 39.6659], [140.98057, 39.66332], [140.98135, 39.6622], [140.97831, 39.66389], [140.96158, 39.66546], [140.96696, 39.66581], [140.96926, 39.66504], [140.97091, 39.66525], [140.97197, 39.66636], [140.97412, 39.66557], [140.97436, 39.6666], [140.97811, 39.66669], [140.98548, 39.67109], [140.98937, 39.67194], [140.98667, 39.67614], [140.9815, 39.6804], [140.97828, 39.68178], [140.9812, 39.68101], [140.97924, 39.68219], [140.97975, 39.68273], [140.98213, 39.6821], [140.98122, 39.68359], [140.98577, 39.6843], [140.98996, 39.68032], [140.99001, 39.67831], [140.99212, 39.67483], [140.99348, 39.67526], [140.99372, 39.67644], [140.9916, 39.67972], [140.99164, 39.68201], [140.99625, 39.68193]]]}, "properties": {"name": "御所湖"}}, {"type": "Feature", "geometry": {"type": "Polygon", "coordinates": [[[141.16241, 39.79425], [141.16374, 39.7941], [141.16526, 39.79082], [141.16667, 39.79124], [141.16567, 39.78986], [141.16725, 39.78729], [141.16862, 39.78684], [141.16817, 39.78592], [141.16913, 39.78362], [141.17057, 39.78257], [141.17032, 39.77943], [141.16769, 39.77698], [141.17058, 39.77794], [141.1744, 39.7772], [141.17639, 39.7781], [141.17779, 39.77748], [141.17454, 39.77635], [141.17067, 39.77668], [141.16918, 39.77548], [141.16831, 39.77217], [141.16702, 39.77141], [141.16653, 39.76961], [141.16805, 39.76823], [141.16077, 39.76586], [141.15451, 39.76616], [141.15572, 39.76389], [141.16103, 39.76315], [141.15978, 39.76174], [141.15886, 39.76265], [141.15746, 39.76177], [141.15705, 39.76255], [141.15569, 39.76265], [141.15413, 39.76057], [141.15154, 39.75949], [141.148, 39.76043], [141.14668, 39.76184], [141.14538, 39.76172], [141.14562, 39.75972], [141.14855, 39.75856], [141.14846, 39.75645], [141.1501, 39.75538], [141.14939, 39.75352], [141.14994, 39.75273], [141.14731, 39.75293], [141.14518, 39.75703], [141.14255, 39.7574], [141.13988, 39.75894], [141.13974, 39.76076], [141.14162, 39.76345], [141.14451, 39.76431], [141.14969, 39.76454], [141.15025, 39.76338], [141.15192, 39.76321], [141.15203, 39.76502], [141.14835, 39.7699], [141.14816, 39.77166], [141.14978, 39.77316], [141.15309, 39.77297], [141.15393, 39.77378], [141.15827, 39.76852], [141.1648, 39.77237], [141.16172, 39.77449], [141.1631, 39.77723], [141.16167, 39.77763], [141.16345, 39.77846], [141.16501, 39.78544], [141.16229, 39.79361], [141.16082, 39.79417], [141.16241, 39.79425]]]}, "properties": {"name": "南部片富士湖"}}, {"type": "Feature", "geometry": {"type": "Polygon", "coordinates": [[[140.95675, 39.49049], [140.96065, 39.48868], [140.96178, 39.48947], [140.96189, 39.48852], [140.96356, 39.48766], [140.96492, 39.48831], [140.96495, 39.48543], [140.96819, 39.48081], [140.97406, 39.48099], [140.97442, 39.48018], [140.96891, 39.47911], [140.96639, 39.48044], [140.9647, 39.48421], [140.96252, 39.47961], [140.96316, 39.48407], [140.95796, 39.48467], [140.95237, 39.48784], [140.94429, 39.4877], [140.94738, 39.4894], [140.94897, 39.48898], [140.95184, 39.49033], [140.95251, 39.49242], [140.9525, 39.49032], [140.95675, 39.49049]]]}, "properties": {"name": "豊沢湖"}}, {"type": "Feature", "geometry": {"type": "Polygon", "coordinates": [[[140.97797, 39.85096], [140.98085, 39.85058], [140.98001, 39.8497], [140.97902, 39.84993], [140.97923, 39.85086], [140.97797, 39.85096]]]}, "properties": {"name": "御苗代湖"}}, {"type": "Feature", "geometry": {"type": "Polygon", "coordinates": [[[141.30378, 39.81589], [141.31244, 39.81727], [141.31508, 39.82118], [141.31649, 39.821], [141.31792, 39.82262], [141.31948, 39.82278], [141.32009, 39.82391], [141.31921, 39.82526], [141.32151, 39.82615], [141.32132, 39.8281], [141.31982, 39.83074], [141.31611, 39.83205], [141.31645, 39.83254], [141.32115, 39.8329], [141.32349, 39.83136], [141.32371, 39.8303], [141.32458, 39.83055], [141.32464, 39.83148], [141.32636, 39.83065], [141.32446, 39.82975], [141.32543, 39.82714], [141.32898, 39.82668], [141.32657, 39.82519], [141.32759, 39.82366], [141.32665, 39.81992], [141.32794, 39.81839], [141.33014, 39.81763], [141.33067, 39.81825], [141.33154, 39.81771], [141.33397, 39.81813], [141.33788, 39.81666], [141.34092, 39.8165], [141.34556, 39.81364], [141.34792, 39.81426], [141.35014, 39.81369], [141.35085, 39.81573], [141.35404, 39.81817], [141.35398, 39.81883], [141.35589, 39.8195], [141.35377, 39.82277], [141.35502, 39.82536], [141.35265, 39.82515], [141.34947, 39.82267], [141.34654, 39.82354], [141.34449, 39.82531], [141.34704, 39.824], [141.35053, 39.82497], [141.35034, 39.82655], [141.34713, 39.82913], [141.34874, 39.83093], [141.34926, 39.82948], [141.35189, 39.82924], [141.35147, 39.8315], [141.3536, 39.83203], [141.35417, 39.83287], [141.35364, 39.83342], [141.35547, 39.83595], [141.35769, 39.83453], [141.36105, 39.83433], [141.36076, 39.83712], [141.3625, 39.83627], [141.36376, 39.83436], [141.36589, 39.83367], [141.3666, 39.83699], [141.36949, 39.83294], [141.3713, 39.83195], [141.37448, 39.82801], [141.3717, 39.82616], [141.36883, 39.82696], [141.36587, 39.8256], [141.36509, 39.82633], [141.36626, 39.82794], [141.36557, 39.82886], [141.3582, 39.82708], [141.35725, 39.82357], [141.36008, 39.82016], [141.35926, 39.81799], [141.35593, 39.81526], [141.35629, 39.81383], [141.36022, 39.80958], [141.3601, 39.80553], [141.35903, 39.8032], [141.35776, 39.80294], [141.35548, 39.80013], [141.34504, 39.79663], [141.34269, 39.79419], [141.34277, 39.79674], [141.34399, 39.79814], [141.35065, 39.80011], [141.35652, 39.80535], [141.3568, 39.80688], [141.35404, 39.8108], [141.35145, 39.81134], [141.34748, 39.81017], [141.34647, 39.81152], [141.3416, 39.81243], [141.33565, 39.81601], [141.33461, 39.8159], [141.33407, 39.81491], [141.33062, 39.81464], [141.32614, 39.81666], [141.32334, 39.81469], [141.32385, 39.81672], [141.32129, 39.81694], [141.31878, 39.81611], [141.31692, 39.8144], [141.31525, 39.81578], [141.31215, 39.81603], [141.30743, 39.81466], [141.30796, 39.81602], [141.30647, 39.81526], [141.30279, 39.81587], [141.30378, 39.81589]], [[141.35297, 39.82832], [141.35257, 39.82736], [141.35526, 39.82717], [141.35297, 39.82832]]]}, "properties": {"name": "岩洞湖"}}, {"type": "Feature", "geometry": {"type": "Polygon", "coordinates": [[[141.31249, 39.33858], [141.31074, 39.33967], [141.31085, 39.34146], [141.30789, 39.34191], [141.31074, 39.34245], [141.31112, 39.34547], [141.31227, 39.34495], [141.31451, 39.34549], [141.31928, 39.34341], [141.31879, 39.34213], [141.31613, 39.34179], [141.31603, 39.34005], [141.31889, 39.33621], [141.31878, 39.33433], [141.31977, 39.33325], [141.31895, 39.33307], [141.3188, 39.33078], [141.32012, 39.32897], [141.32028, 39.32726], [141.32443, 39.32382], [141.32507, 39.3226], [141.32405, 39.3209], [141.32567, 39.31983], [141.32346, 39.31982], [141.32386, 39.31896], [141.3227, 39.31416], [141.32346, 39.31228], [141.32118, 39.31357], [141.32071, 39.31247], [141.31978, 39.31247], [141.32035, 39.31152], [141.31981, 39.31017], [141.31866, 39.30956], [141.32031, 39.30942], [141.32068, 39.30676], [141.32324, 39.3051], [141.3364, 39.3039], [141.33634, 39.30287], [141.33343, 39.30237], [141.33345, 39.30139], [141.3324, 39.30226], [141.32599, 39.30209], [141.32557, 39.30005], [141.32418, 39.29871], [141.3253, 39.29756], [141.32444, 39.29397], [141.32331, 39.29481], [141.32441, 39.297], [141.32268, 39.29815], [141.32265, 39.29934], [141.32399, 39.30068], [141.32392, 39.30276], [141.32173, 39.30345], [141.32116, 39.30268], [141.31724, 39.30509], [141.31553, 39.30445], [141.31409, 39.30251], [141.3143, 39.304], [141.31367, 39.30445], [141.31472, 39.30562], [141.31302, 39.30582], [141.31428, 39.30753], [141.31325, 39.30818], [141.31405, 39.31044], [141.31287, 39.31279], [141.31491, 39.3135], [141.31693, 39.3154], [141.31515, 39.31678], [141.31328, 39.31647], [141.31451, 39.31782], [141.31369, 39.31906], [141.31768, 39.31678], [141.31809, 39.31815], [141.31694, 39.31872], [141.32023, 39.31862], [141.32221, 39.3228], [141.31837, 39.32652], [141.31705, 39.32894], [141.31603, 39.32915], [141.31573, 39.33032], [141.31119, 39.32816], [141.30958, 39.32359], [141.30822, 39.32462], [141.30912, 39.32682], [141.30733, 39.32727], [141.30878, 39.32823], [141.3072, 39.32904], [141.30402, 39.32796], [141.30233, 39.32849], [141.30261, 39.32925], [141.30714, 39.32985], [141.30558, 39.33214], [141.30796, 39.33102], [141.30883, 39.33185], [141.31162, 39.33092], [141.31521, 39.33174], [141.31569, 39.33364], [141.31409, 39.33596], [141.31019, 39.33515], [141.3131, 39.33684], [141.31249, 39.33858]]]}, "properties": {"name": "田瀬湖"}}, {"type": "Feature", "geometry": {"type": "Polygon", "coordinates": [[[140.78765, 39.31149], [140.78723, 39.30989], [140.78306, 39.31015], [140.78282, 39.30803], [140.77998, 39.30761], [140.78138, 39.30871], [140.78049, 39.31085], [140.78075, 39.31229], [140.77913, 39.31488], [140.77706, 39.31397], [140.77779, 39.31531], [140.7797, 39.31609], [140.77895, 39.31667], [140.77991, 39.31647], [140.78037, 39.31765], [140.78142, 39.31779], [140.78186, 39.32073], [140.78309, 39.31974], [140.78349, 39.3177], [140.78538, 39.31661], [140.78536, 39.31493], [140.7872, 39.31211], [140.78893, 39.31242], [140.79001, 39.31429], [140.79292, 39.3162], [140.79862, 39.31553], [140.79966, 39.31468], [140.79987, 39.31557], [140.80052, 39.3127], [140.80177, 39.31242], [140.80181, 39.3111], [140.80309, 39.31112], [140.80221, 39.31021], [140.80416, 39.30714], [140.81047, 39.3054], [140.81471, 39.30286], [140.81523, 39.30409], [140.81578, 39.303], [140.82185, 39.30336], [140.82428, 39.30262], [140.82405, 39.30563], [140.82472, 39.30373], [140.82751, 39.30276], [140.83436, 39.3034], [140.83633, 39.30431], [140.83923, 39.30866], [140.8413, 39.30932], [140.84838, 39.30837], [140.84961, 39.30679], [140.8516, 39.30701], [140.854, 39.30516], [140.86172, 39.30449], [140.86604, 39.30272], [140.8671, 39.30157], [140.86874, 39.30202], [140.87152, 39.30009], [140.8726, 39.30044], [140.87657, 39.29901], [140.87916, 39.30109], [140.88374, 39.30063], [140.88359, 39.30172], [140.88613, 39.30212], [140.88771, 39.30045], [140.88757, 39.29892], [140.88581, 39.29743], [140.88144, 39.29795], [140.88119, 39.29622], [140.8797, 39.29499], [140.88055, 39.29625], [140.87931, 39.2968], [140.87583, 39.2951], [140.87765, 39.2968], [140.87376, 39.29617], [140.86778, 39.29649], [140.85762, 39.30105], [140.84836, 39.30398], [140.84571, 39.30376], [140.84133, 39.302], [140.84003, 39.3005], [140.84125, 39.29752], [140.83931, 39.296], [140.83985, 39.29382], [140.84068, 39.29336], [140.84012, 39.29314], [140.83921, 39.29383], [140.83702, 39.29948], [140.83561, 39.30077], [140.83454, 39.29984], [140.83386, 39.30096], [140.83037, 39.30067], [140.8299, 39.29994], [140.83047, 39.29855], [140.82852, 39.3013], [140.82656, 39.30138], [140.82594, 39.29953], [140.82537, 39.29958], [140.82538, 39.30092], [140.81899, 39.30005], [140.81425, 39.30101], [140.81203, 39.30314], [140.81033, 39.30295], [140.80918, 39.30458], [140.80742, 39.30528], [140.80612, 39.30404], [140.80734, 39.30227], [140.80675, 39.30233], [140.80517, 39.30417], [140.80608, 39.30546], [140.80312, 39.30628], [140.8016, 39.30856], [140.80063, 39.30807], [140.80045, 39.31194], [140.79819, 39.31476], [140.79621, 39.31444], [140.79271, 39.31565], [140.78903, 39.31189], [140.78765, 39.31149]], [[140.88531, 39.29899], [140.88508, 39.29958], [140.88432, 39.29921], [140.88531, 39.29899]]]}, "properties": {"name": "錦秋湖"}}, {"type": "Feature", "geometry": {"type": "Polygon", "coordinates": [[[140.88642, 39.10753], [140.88788, 39.10999], [140.89214, 39.11171], [140.89217, 39.11321], [140.89493, 39.11728], [140.90185, 39.11461], [140.90288, 39.11482], [140.90377, 39.11205], [140.89872, 39.11058], [140.89467, 39.11112], [140.89517, 39.1101], [140.89402, 39.10934], [140.89186, 39.10985], [140.8901, 39.1093], [140.8878, 39.10693], [140.88836, 39.10348], [140.88523, 39.10333], [140.88302, 39.10199], [140.88618, 39.104], [140.88442, 39.10444], [140.88646, 39.10415], [140.88736, 39.10517], [140.88331, 39.10551], [140.88627, 39.10554], [140.88703, 39.10603], [140.886, 39.10614], [140.88682, 39.10643], [140.88624, 39.10665], [140.88299, 39.10634], [140.88642, 39.10753]]]}, "properties": {"name": "石淵湖"}}, {"type": "Feature", "geometry": {"type": "Polygon", "coordinates": [[[141.49644, 40.11478], [141.5005, 40.11231], [141.49778, 40.11219], [141.49678, 40.10963], [141.49598, 40.11334], [141.4949, 40.1134], [141.49427, 40.11237], [141.4934, 40.11332], [141.49424, 40.11461], [141.49644, 40.11478]]]}, "properties": {"name": "瀬月内ダム湖"}}, {"type": "Feature", "geometry": {"type": "Polygon", "coordinates": [[[140.9673, 38.192], [140.96293, 38.18462], [140.96298, 38.18291], [140.96127, 38.18071], [140.96027, 38.17762], [140.95861, 38.17843], [140.9587, 38.17751], [140.95696, 38.17788], [140.96003, 38.1815], [140.96059, 38.18409], [140.96455, 38.19002], [140.96495, 38.19188], [140.96581, 38.19096], [140.96646, 38.1916], [140.96649, 38.19254], [140.96556, 38.19261], [140.96606, 38.19376], [140.96813, 38.19364], [140.9673, 38.192]], [[140.95987, 38.17896], [140.95972, 38.17953], [140.95882, 38.17894], [140.95957, 38.1783], [140.95987, 38.17896]]]}, "properties": {"name": "井土浦"}}, {"type": "Feature", "geometry": {"type": "Polygon", "coordinates": [[[141.39413, 38.43557], [141.39572, 38.43548], [141.39834, 38.43709], [141.40197, 38.436], [141.40575, 38.4365], [141.40684, 38.43627], [141.40888, 38.43343], [141.41417, 38.43321], [141.41419, 38.43199], [141.42105, 38.43623], [141.42309, 38.4354], [141.42352, 38.4328], [141.42258, 38.43166], [141.42339, 38.43001], [141.42321, 38.42806], [141.4223, 38.42639], [141.41744, 38.42365], [141.4156, 38.42499], [141.41147, 38.42456], [141.40956, 38.42669], [141.40821, 38.42537], [141.40649, 38.42631], [141.40483, 38.42612], [141.40558, 38.425], [141.40521, 38.42427], [141.40683, 38.42326], [141.40532, 38.42112], [141.40735, 38.41993], [141.41044, 38.41993], [141.41281, 38.41821], [141.41187, 38.41764], [141.41022, 38.41811], [141.40899, 38.41649], [141.40315, 38.41478], [141.4021, 38.41345], [141.39893, 38.41311], [141.39772, 38.41435], [141.39656, 38.41411], [141.3955, 38.41547], [141.39432, 38.41458], [141.38865, 38.41469], [141.38626, 38.41493], [141.38485, 38.4164], [141.38296, 38.41656], [141.38124, 38.41478], [141.37987, 38.41457], [141.37306, 38.41625], [141.37253, 38.41824], [141.3764, 38.41953], [141.37906, 38.42153], [141.37989, 38.42314], [141.37806, 38.42528], [141.37959, 38.42959], [141.37611, 38.42977], [141.38071, 38.43015], [141.38773, 38.43707], [141.39413, 38.43557]], [[141.4066, 38.43361], [141.40545, 38.4331], [141.40647, 38.43277], [141.4066, 38.43361]], [[141.40225, 38.42015], [141.40378, 38.4195], [141.40493, 38.42034], [141.40405, 38.42098], [141.40416, 38.42248], [141.40134, 38.42165], [141.40225, 38.42015]], [[141.39622, 38.41734], [141.3957, 38.41721], [141.39715, 38.41691], [141.39622, 38.41734]], [[141.37799, 38.41539], [141.3783, 38.41732], [141.37553, 38.41677], [141.37799, 38.41539]]]}, "properties": {"name": "万石浦"}}, {"type": "Feature", "geometry": {"type": "Polygon", "coordinates": [[[141.08552, 38.72351], [141.09153, 38.72137], [141.11063, 38.72386], [141.1274, 38.72007], [141.12736, 38.71874], [141.12599, 38.71555], [141.12059, 38.71549], [141.11829, 38.71655], [141.11216, 38.71431], [141.1096, 38.71175], [141.10626, 38.71174], [141.10325, 38.71036], [141.10229, 38.71392], [141.09556, 38.71619], [141.09097, 38.71526], [141.08752, 38.71828], [141.07849, 38.72238], [141.07821, 38.72336], [141.07608, 38.72248], [141.07532, 38.72522], [141.08099, 38.72562], [141.08552, 38.72351]]]}, "properties": {"name": "伊豆沼"}}, {"type": "Feature", "geometry": {"type": "Polygon", "coordinates": [[[141.11845, 38.68122], [141.11604, 38.6811], [141.11709, 38.68219], [141.11845, 38.68122]], [[141.12238, 38.68265], [141.12068, 38.68044], [141.11948, 38.68014], [141.11743, 38.6824], [141.12021, 38.68353], [141.12107, 38.68581], [141.12371, 38.68394], [141.12238, 38.68265]], [[141.11988, 38.68398], [141.11697, 38.68306], [141.11151, 38.679], [141.11091, 38.67938], [141.11279, 38.68235], [141.1189, 38.68707], [141.12035, 38.68622], [141.11988, 38.68398]], [[141.15029, 38.69663], [141.15104, 38.69661], [141.15029, 38.69581], [141.14902, 38.69626], [141.14656, 38.69448], [141.14847, 38.69884], [141.14759, 38.70071], [141.15006, 38.7012], [141.15228, 38.70016], [141.14964, 38.69731], [141.15029, 38.69663]], [[141.15253, 38.70227], [141.15393, 38.70327], [141.15409, 38.70211], [141.15527, 38.70144], [141.15307, 38.70173], [141.1516, 38.70366], [141.15253, 38.70227]], [[141.14978, 38.70821], [141.1508, 38.70836], [141.15271, 38.70702], [141.15211, 38.7054], [141.15338, 38.70502], [141.15192, 38.70526], [141.14989, 38.70272], [141.14981, 38.70144], [141.1462, 38.70131], [141.14309, 38.69918], [141.13988, 38.69329], [141.13797, 38.69176], [141.13659, 38.69282], [141.13194, 38.69122], [141.12975, 38.69129], [141.12689, 38.68759], [141.12761, 38.68623], [141.12735, 38.6843], [141.12394, 38.6842], [141.11881, 38.68842], [141.11239, 38.68863], [141.11054, 38.68829], [141.10928, 38.68705], [141.10667, 38.68807], [141.10709, 38.69008], [141.11307, 38.69202], [141.12156, 38.69313], [141.13618, 38.70241], [141.14029, 38.70406], [141.14289, 38.70581], [141.14429, 38.70784], [141.14671, 38.70911], [141.14978, 38.70821]]]}, "properties": {"name": "長沼"}}, {"type": "Feature", "geometry": {"type": "Polygon", "coordinates": [[[140.85481, 38.77702], [140.85265, 38.77824], [140.85033, 38.77829], [140.85167, 38.77871], [140.85198, 38.78073], [140.84999, 38.78375], [140.84779, 38.78492], [140.8449, 38.7896], [140.84152, 38.79086], [140.84115, 38.79279], [140.83966, 38.79466], [140.83751, 38.79514], [140.83588, 38.79357], [140.83596, 38.79517], [140.83801, 38.79593], [140.84184, 38.7951], [140.84451, 38.79187], [140.84722, 38.79063], [140.84997, 38.7921], [140.84784, 38.79359], [140.84859, 38.7952], [140.84815, 38.79469], [140.85122, 38.79213], [140.85197, 38.7904], [140.85441, 38.7897], [140.85518, 38.79018], [140.85617, 38.78625], [140.85864, 38.78718], [140.8573, 38.78692], [140.85661, 38.78523], [140.85701, 38.78381], [140.85607, 38.78263], [140.85903, 38.77935], [140.86247, 38.78207], [140.86497, 38.78241], [140.86652, 38.78414], [140.87006, 38.78377], [140.87133, 38.7823], [140.86923, 38.78014], [140.8664, 38.78137], [140.86037, 38.77921], [140.86046, 38.77695], [140.85687, 38.77597], [140.85699, 38.77453], [140.85622, 38.77513], [140.85517, 38.77462], [140.85608, 38.77617], [140.85481, 38.77702]]]}, "properties": {"name": "花山湖"}}, {"type": "Feature", "geometry": {"type": "Polygon", "coordinates": [[[140.46212, 37.98073], [140.46343, 37.9805], [140.46197, 37.98114], [140.4627, 37.98132], [140.46211, 37.98157], [140.46237, 37.98266], [140.46528, 37.98106], [140.47066, 37.9803], [140.47279, 37.97892], [140.4755, 37.97911], [140.47658, 37.98056], [140.47874, 37.97912], [140.47894, 37.98047], [140.48065, 37.9802], [140.47884, 37.98079], [140.47931, 37.98123], [140.48424, 37.97905], [140.48163, 37.98142], [140.48207, 37.98531], [140.4828, 37.98612], [140.48212, 37.98767], [140.48362, 37.98813], [140.48263, 37.98755], [140.48351, 37.98634], [140.48265, 37.98477], [140.48264, 37.98141], [140.48671, 37.97903], [140.48715, 37.97803], [140.49018, 37.97731], [140.49015, 37.97669], [140.49646, 37.97648], [140.49866, 37.97416], [140.49942, 37.97577], [140.49927, 37.97379], [140.50115, 37.9726], [140.50311, 37.97553], [140.50224, 37.97603], [140.50407, 37.97637], [140.50375, 37.97834], [140.50442, 37.97792], [140.50682, 37.97963], [140.50628, 37.97858], [140.50722, 37.97849], [140.50571, 37.97823], [140.5048, 37.97691], [140.50558, 37.97604], [140.50391, 37.9736], [140.50394, 37.96998], [140.50895, 37.97167], [140.50653, 37.97078], [140.50525, 37.96867], [140.51159, 37.96343], [140.5127, 37.96394], [140.51287, 37.96173], [140.51564, 37.961], [140.51054, 37.95828], [140.50901, 37.95969], [140.50618, 37.95749], [140.50791, 37.95979], [140.5051, 37.95861], [140.50606, 37.96003], [140.50385, 37.96184], [140.49878, 37.9609], [140.50028, 37.96179], [140.49929, 37.96298], [140.49904, 37.96573], [140.49676, 37.96465], [140.49874, 37.96679], [140.49675, 37.96694], [140.49728, 37.96779], [140.49592, 37.96774], [140.49452, 37.96965], [140.49242, 37.96924], [140.48915, 37.97159], [140.48798, 37.97033], [140.48835, 37.9725], [140.48536, 37.97308], [140.48077, 37.97132], [140.48137, 37.97244], [140.48425, 37.97391], [140.48329, 37.97515], [140.48106, 37.97465], [140.47518, 37.97651], [140.47321, 37.97567], [140.46843, 37.97563], [140.46787, 37.97596], [140.47288, 37.97673], [140.47223, 37.97788], [140.46141, 37.98003], [140.46252, 37.98011], [140.46212, 37.98073]]]}, "properties": {"name": "七ヶ宿湖"}}, {"type": "Feature", "geometry": {"type": "Polygon", "coordinates": [[[140.48136, 38.02936], [140.48148, 38.0283], [140.47937, 38.03028], [140.479, 38.03206], [140.48024, 38.03362], [140.48004, 38.03273], [140.48118, 38.0335], [140.48136, 38.02936]]]}, "properties": {"name": "長老湖"}}, {"type": "Feature", "geometry": {"type": "Polygon", "coordinates": [[[140.67365, 38.20168], [140.66408, 38.20206], [140.65917, 38.20415], [140.66442, 38.20303], [140.66693, 38.20328], [140.66729, 38.20437], [140.66843, 38.20339], [140.67037, 38.20395], [140.67732, 38.20341], [140.67909, 38.20416], [140.6797, 38.20554], [140.68036, 38.20473], [140.68224, 38.20559], [140.68887, 38.20512], [140.68851, 38.20684], [140.68974, 38.2063], [140.69012, 38.20509], [140.69375, 38.20534], [140.69394, 38.20425], [140.6976, 38.2015], [140.6957, 38.19962], [140.69575, 38.19563], [140.6946, 38.19525], [140.69557, 38.19401], [140.69377, 38.19506], [140.69423, 38.19395], [140.69317, 38.19466], [140.69, 38.19243], [140.68982, 38.19112], [140.68904, 38.1915], [140.6866, 38.19051], [140.68354, 38.18371], [140.6831, 38.18463], [140.68217, 38.18439], [140.68068, 38.18202], [140.67905, 38.18133], [140.67952, 38.18055], [140.67696, 38.17939], [140.67622, 38.17756], [140.6757, 38.17852], [140.6738, 38.17738], [140.67316, 38.1778], [140.67235, 38.17579], [140.67061, 38.17551], [140.66993, 38.17651], [140.6744, 38.17916], [140.67203, 38.17863], [140.67067, 38.17948], [140.67408, 38.17966], [140.67403, 38.18039], [140.6725, 38.18006], [140.67478, 38.18086], [140.67772, 38.18522], [140.67749, 38.18578], [140.6755, 38.18551], [140.67479, 38.18679], [140.67697, 38.18961], [140.68499, 38.19456], [140.68974, 38.19584], [140.69146, 38.19735], [140.69137, 38.19798], [140.68875, 38.19771], [140.67799, 38.20066], [140.67736, 38.19808], [140.67627, 38.19698], [140.67199, 38.19455], [140.67134, 38.19537], [140.67052, 38.19377], [140.66776, 38.1919], [140.66541, 38.19173], [140.66795, 38.19509], [140.67111, 38.19714], [140.66994, 38.19714], [140.67058, 38.1979], [140.67284, 38.19877], [140.67154, 38.19901], [140.67351, 38.19902], [140.67577, 38.2004], [140.67532, 38.20151], [140.67365, 38.20168]]]}, "properties": {"name": "釜房湖"}}, {"type": "Feature", "geometry": {"type": "Polygon", "coordinates": [[[140.91257, 38.03966], [140.91675, 38.0387], [140.91763, 38.03485], [140.92233, 38.03445], [140.92211, 38.03387], [140.91943, 38.03379], [140.91967, 38.03334], [140.91796, 38.03244], [140.9172, 38.03051], [140.91575, 38.02978], [140.91564, 38.0275], [140.91412, 38.02957], [140.91194, 38.03077], [140.89801, 38.0318], [140.89651, 38.03354], [140.89797, 38.03526], [140.90321, 38.03797], [140.90866, 38.03803], [140.91409, 38.03629], [140.91146, 38.0378], [140.91257, 38.03966]], [[140.90634, 38.03549], [140.90474, 38.03518], [140.90481, 38.03427], [140.90771, 38.03396], [140.90786, 38.03504], [140.90634, 38.03549]]]}, "properties": {"name": "鳥の海"}}, {"type": "Feature", "geometry": {"type": "Polygon", "coordinates": [[[140.81104, 38.42484], [140.81233, 38.42534], [140.8159, 38.42361], [140.81714, 38.42404], [140.81992, 38.43063], [140.81953, 38.43205], [140.82021, 38.43367], [140.82249, 38.43589], [140.82438, 38.43324], [140.82667, 38.43362], [140.82465, 38.43283], [140.82528, 38.4295], [140.82737, 38.42921], [140.82902, 38.43071], [140.82803, 38.42957], [140.82882, 38.42918], [140.82797, 38.42896], [140.82926, 38.42839], [140.82724, 38.42871], [140.82868, 38.42756], [140.8257, 38.42866], [140.82557, 38.42767], [140.81932, 38.42444], [140.81908, 38.42251], [140.81708, 38.42159], [140.81732, 38.42046], [140.81674, 38.42205], [140.81412, 38.42103], [140.81443, 38.4218], [140.81159, 38.42323], [140.81211, 38.4218], [140.8114, 38.42326], [140.8149, 38.42283], [140.81525, 38.42343], [140.8125, 38.42519], [140.81126, 38.42462], [140.80962, 38.42548], [140.81104, 38.42484]]]}, "properties": {"name": "七ッ森湖"}}, {"type": "Feature", "geometry": {"type": "Polygon", "coordinates": [[[140.70192, 38.78444], [140.70255, 38.78419], [140.702, 38.78231], [140.70845, 38.78002], [140.70969, 38.77762], [140.70787, 38.77669], [140.70741, 38.77247], [140.70891, 38.77235], [140.71192, 38.76899], [140.70929, 38.7659], [140.70971, 38.76409], [140.7118, 38.76438], [140.70999, 38.76347], [140.71093, 38.7615], [140.71011, 38.75999], [140.71018, 38.75729], [140.70698, 38.75436], [140.70529, 38.75391], [140.70431, 38.75512], [140.70608, 38.75586], [140.70553, 38.75807], [140.7077, 38.75884], [140.70622, 38.76035], [140.70757, 38.76018], [140.70669, 38.76308], [140.70775, 38.76435], [140.70668, 38.76575], [140.70841, 38.76775], [140.70748, 38.77035], [140.70548, 38.77173], [140.7054, 38.77608], [140.70705, 38.77844], [140.70591, 38.77951], [140.70469, 38.77936], [140.70421, 38.78031], [140.70088, 38.78083], [140.70025, 38.78261], [140.70088, 38.78362], [140.69768, 38.78255], [140.69729, 38.7831], [140.69781, 38.78407], [140.69965, 38.78466], [140.70192, 38.78444]]]}, "properties": {"name": "荒雄湖"}}, {"type": "Feature", "geometry": {"type": "Polygon", "coordinates": [[[140.01376, 40.1511], [140.01293, 40.14876], [140.00938, 40.14555], [140.00844, 40.14269], [140.00518, 40.14153], [140.00133, 40.14387], [140.0014, 40.14503], [140.00424, 40.14628], [140.00278, 40.14902], [140.00587, 40.15128], [140.00645, 40.15316], [140.00868, 40.15507], [140.00737, 40.15593], [140.00772, 40.15651], [140.0111, 40.15649], [140.01399, 40.15542], [140.01461, 40.15325], [140.01376, 40.1511]]]}, "properties": {"name": "浅内沼"}}, {"type": "Feature", "geometry": {"type": "Polygon", "coordinates": [[[139.95287, 39.94126], [140.01406, 39.92832], [140.03655, 39.93741], [140.0435, 39.93548], [140.04422, 39.93084], [140.04807, 39.92871], [140.05419, 39.92034], [140.05579, 39.91989], [140.05551, 39.90845], [140.05433, 39.90319], [140.05131, 39.90163], [140.04755, 39.88283], [140.04433, 39.8781], [140.04246, 39.87692], [140.03825, 39.87867], [140.01698, 39.90474], [140.01836, 39.90891], [140.01734, 39.90996], [139.97153, 39.92072], [139.97063, 39.92029], [139.96325, 39.90466], [139.96223, 39.90385], [139.95923, 39.90572], [139.9595, 39.90637], [139.95788, 39.90617], [139.95862, 39.90683], [139.95832, 39.90812], [139.95761, 39.90814], [139.95849, 39.9088], [139.95787, 39.91056], [139.9584, 39.91092], [139.95747, 39.91133], [139.95455, 39.92024], [139.94888, 39.94156], [139.95287, 39.94126]], [[139.96461, 39.91425], [139.96406, 39.91382], [139.96493, 39.91369], [139.96461, 39.91425]], [[139.96198, 39.9096], [139.96117, 39.90903], [139.96215, 39.90875], [139.96198, 39.9096]], [[139.96101, 39.90863], [139.96059, 39.90834], [139.9615, 39.90827], [139.96101, 39.90863]]]}, "properties": {"name": "八郎潟調整池"}}, {"type": "Feature", "geometry": {"type": "Polygon", "coordinates": [[[140.62688, 39.04007], [140.63116, 39.04262], [140.62859, 39.04524], [140.63185, 39.05035], [140.63104, 39.05161], [140.63126, 39.05286], [140.63238, 39.05335], [140.63089, 39.05383], [140.63094, 39.05584], [140.62947, 39.05575], [140.62991, 39.0571], [140.63561, 39.05809], [140.63707, 39.0601], [140.63658, 39.05716], [140.63752, 39.05633], [140.64034, 39.05696], [140.64125, 39.05675], [140.64156, 39.05546], [140.64271, 39.05606], [140.64602, 39.05562], [140.64067, 39.05483], [140.6405, 39.05606], [140.63893, 39.05595], [140.63794, 39.05498], [140.63651, 39.05602], [140.63408, 39.05617], [140.6368, 39.05546], [140.63754, 39.05397], [140.64048, 39.05385], [140.63987, 39.05357], [140.64113, 39.05205], [140.64455, 39.05107], [140.64253, 39.04998], [140.64371, 39.04893], [140.64909, 39.04938], [140.64364, 39.04856], [140.64179, 39.04982], [140.64152, 39.05104], [140.63945, 39.04998], [140.64047, 39.05108], [140.63826, 39.05275], [140.63659, 39.04965], [140.63275, 39.05139], [140.63355, 39.05048], [140.63299, 39.04915], [140.63447, 39.04886], [140.63283, 39.04841], [140.63467, 39.04663], [140.63399, 39.04423], [140.63158, 39.04123], [140.63206, 39.03982], [140.63564, 39.0383], [140.63558, 39.03621], [140.63717, 39.03512], [140.64128, 39.03438], [140.64401, 39.03274], [140.64519, 39.034], [140.64775, 39.03434], [140.64484, 39.03322], [140.64426, 39.03167], [140.64684, 39.03222], [140.6467, 39.0317], [140.6439, 39.03108], [140.64242, 39.03268], [140.64167, 39.0321], [140.64201, 39.03296], [140.64128, 39.03369], [140.63917, 39.03401], [140.6395, 39.03322], [140.63855, 39.03139], [140.63839, 39.03393], [140.63496, 39.03517], [140.63387, 39.03811], [140.63171, 39.03889], [140.62993, 39.04068], [140.62688, 39.04007]], [[140.633, 39.05324], [140.63518, 39.05221], [140.63565, 39.053], [140.63542, 39.05355], [140.633, 39.05324]]]}, "properties": {"name": "小安峡湖"}}, {"type": "Feature", "geometry": {"type": "Polygon", "coordinates": [[[140.61213, 40.05126], [140.612, 40.05255], [140.61358, 40.05256], [140.61232, 40.0501], [140.61404, 40.04974], [140.61369, 40.04925], [140.61552, 40.04749], [140.61773, 40.0478], [140.62186, 40.04992], [140.62202, 40.05323], [140.62294, 40.04968], [140.62755, 40.04913], [140.62812, 40.04967], [140.6272, 40.05265], [140.62944, 40.05743], [140.63244, 40.0574], [140.63265, 40.05828], [140.63378, 40.05708], [140.635, 40.0585], [140.63639, 40.05594], [140.63837, 40.05636], [140.63639, 40.05578], [140.63481, 40.05828], [140.63348, 40.05645], [140.63116, 40.05699], [140.62905, 40.0528], [140.63223, 40.0496], [140.63245, 40.04736], [140.63611, 40.0445], [140.63705, 40.04451], [140.63599, 40.04021], [140.63854, 40.03884], [140.63564, 40.04004], [140.63603, 40.04294], [140.63427, 40.04546], [140.6323, 40.04603], [140.6311, 40.04904], [140.62677, 40.04715], [140.62238, 40.04864], [140.61935, 40.04625], [140.6227, 40.04363], [140.62119, 40.04383], [140.6198, 40.04238], [140.62193, 40.04167], [140.62406, 40.0388], [140.62376, 40.03809], [140.62569, 40.03677], [140.62204, 40.03943], [140.62126, 40.03874], [140.6218, 40.03723], [140.62117, 40.03676], [140.62026, 40.03879], [140.62145, 40.04019], [140.62084, 40.04109], [140.61766, 40.04159], [140.61648, 40.04069], [140.61582, 40.04251], [140.61768, 40.04327], [140.6157, 40.04554], [140.61223, 40.04241], [140.61448, 40.04135], [140.61426, 40.03832], [140.61227, 40.03789], [140.61148, 40.03694], [140.61377, 40.03895], [140.61335, 40.04023], [140.61172, 40.04077], [140.61072, 40.04023], [140.61135, 40.04101], [140.6096, 40.04235], [140.61185, 40.04517], [140.61193, 40.04707], [140.61068, 40.04797], [140.60917, 40.04635], [140.60768, 40.04723], [140.60797, 40.04775], [140.60609, 40.04809], [140.60703, 40.04887], [140.60841, 40.04844], [140.6084, 40.05004], [140.60959, 40.05156], [140.61072, 40.05167], [140.61132, 40.05048], [140.61213, 40.05126]]]}, "properties": {"name": "太平湖"}}, {"type": "Feature", "geometry": {"type": "Polygon", "coordinates": [[[140.24465, 40.35994], [140.24666, 40.36171], [140.24572, 40.36563], [140.24662, 40.36649], [140.2466, 40.36803], [140.24703, 40.36668], [140.24602, 40.36538], [140.24752, 40.36458], [140.24702, 40.36332], [140.24772, 40.36162], [140.2469, 40.36009], [140.2497, 40.35872], [140.24934, 40.35763], [140.25017, 40.3572], [140.24958, 40.35648], [140.25012, 40.35579], [140.25304, 40.35598], [140.25244, 40.35518], [140.25326, 40.35495], [140.2533, 40.3534], [140.25234, 40.35315], [140.25392, 40.35218], [140.25261, 40.35201], [140.25042, 40.35011], [140.25073, 40.34704], [140.25159, 40.3469], [140.24852, 40.34535], [140.24848, 40.34309], [140.24554, 40.34289], [140.24566, 40.3418], [140.24713, 40.34117], [140.24572, 40.34127], [140.24226, 40.33701], [140.23598, 40.33533], [140.23555, 40.33579], [140.22824, 40.33298], [140.22418, 40.33413], [140.2232, 40.33341], [140.22252, 40.33383], [140.22267, 40.33549], [140.22548, 40.33535], [140.23065, 40.3373], [140.23135, 40.33859], [140.23612, 40.33765], [140.24183, 40.33984], [140.24273, 40.34186], [140.24121, 40.34352], [140.24588, 40.34627], [140.24544, 40.34721], [140.24676, 40.34741], [140.24725, 40.35268], [140.24915, 40.35374], [140.24652, 40.35804], [140.24332, 40.35874], [140.2412, 40.36155], [140.2384, 40.3625], [140.23313, 40.36593], [140.22827, 40.3673], [140.23303, 40.367], [140.23867, 40.36477], [140.2385, 40.36381], [140.2395, 40.36276], [140.24416, 40.36202], [140.24465, 40.35994]]]}, "properties": {"name": "素波里湖"}}, {"type": "Feature", "geometry": {"type": "Polygon", "coordinates": [[[140.62864, 39.72391], [140.62936, 39.72613], [140.63099, 39.72721], [140.63237, 39.72957], [140.63167, 39.73187], [140.63321, 39.73738], [140.63634, 39.73978], [140.63641, 39.74208], [140.63899, 39.74822], [140.64081, 39.74988], [140.64585, 39.75155], [140.65602, 39.75085], [140.66175, 39.74924], [140.66436, 39.74971], [140.66959, 39.74779], [140.67601, 39.74814], [140.68059, 39.74618], [140.69551, 39.73606], [140.69899, 39.73055], [140.69947, 39.72659], [140.69571, 39.72187], [140.68972, 39.71735], [140.68847, 39.71103], [140.68692, 39.70802], [140.68697, 39.70568], [140.6839, 39.70185], [140.68004, 39.70108], [140.67978, 39.70171], [140.67605, 39.70193], [140.67624, 39.70262], [140.66937, 39.7039], [140.66414, 39.70214], [140.66006, 39.69948], [140.6525, 39.69794], [140.64892, 39.69878], [140.6459, 39.7012], [140.64419, 39.70374], [140.64149, 39.705], [140.64082, 39.7067], [140.63684, 39.7107], [140.63482, 39.71141], [140.63495, 39.71385], [140.63208, 39.71552], [140.62933, 39.71895], [140.62823, 39.72254], [140.62864, 39.72391]]]}, "properties": {"name": "田沢湖"}}, {"type": "Feature", "geometry": {"type": "Polygon", "coordinates": [[[140.65858, 39.80695], [140.65935, 39.81217], [140.65987, 39.80643], [140.66242, 39.80826], [140.6664, 39.80605], [140.66649, 39.8035], [140.66511, 39.80213], [140.66551, 39.80087], [140.66994, 39.8013], [140.67082, 39.8007], [140.67252, 39.80259], [140.67165, 39.80142], [140.67182, 39.80009], [140.67358, 39.79895], [140.67367, 39.79789], [140.67283, 39.79657], [140.67059, 39.79498], [140.66969, 39.79528], [140.667, 39.79282], [140.66614, 39.78921], [140.66178, 39.78866], [140.65909, 39.79148], [140.65569, 39.79087], [140.65394, 39.78969], [140.6529, 39.79047], [140.65369, 39.79151], [140.65275, 39.79224], [140.65405, 39.79173], [140.6573, 39.79366], [140.66193, 39.79288], [140.66238, 39.79535], [140.66712, 39.79664], [140.66775, 39.7975], [140.66799, 39.79925], [140.66557, 39.79854], [140.66352, 39.79977], [140.6626, 39.80163], [140.66361, 39.80479], [140.66305, 39.80575], [140.66492, 39.80631], [140.66377, 39.80658], [140.66434, 39.80718], [140.6603, 39.80554], [140.65858, 39.80695]]]}, "properties": {"name": "秋扇湖"}}, {"type": "Feature", "geometry": {"type": "Polygon", "coordinates": [[[140.6697, 39.86428], [140.66953, 39.86882], [140.66992, 39.87096], [140.67088, 39.87155], [140.66833, 39.87508], [140.66891, 39.87584], [140.67032, 39.87568], [140.671, 39.87329], [140.67217, 39.87668], [140.67402, 39.8785], [140.67731, 39.87994], [140.67852, 39.87968], [140.68138, 39.8828], [140.68627, 39.88569], [140.689, 39.88521], [140.68935, 39.88348], [140.6883, 39.88235], [140.68721, 39.88247], [140.68562, 39.87999], [140.68022, 39.87794], [140.6784, 39.87618], [140.67873, 39.87463], [140.67797, 39.87353], [140.67874, 39.87203], [140.67756, 39.86975], [140.67952, 39.86957], [140.6782, 39.86829], [140.67855, 39.86723], [140.6776, 39.86716], [140.67743, 39.86474], [140.68562, 39.86448], [140.69615, 39.86533], [140.68915, 39.8636], [140.69627, 39.86209], [140.69346, 39.86163], [140.69332, 39.86077], [140.69199, 39.86056], [140.6853, 39.86159], [140.68567, 39.86097], [140.68407, 39.85966], [140.68163, 39.85947], [140.68083, 39.85763], [140.67798, 39.85844], [140.67631, 39.85787], [140.67656, 39.857], [140.67482, 39.85749], [140.67446, 39.8552], [140.67581, 39.85318], [140.67166, 39.85632], [140.66989, 39.85595], [140.67011, 39.85395], [140.66774, 39.85663], [140.665, 39.85413], [140.6669, 39.85313], [140.66812, 39.85084], [140.66784, 39.84987], [140.66613, 39.85207], [140.6628, 39.85367], [140.66419, 39.85045], [140.66289, 39.85129], [140.66229, 39.85081], [140.66121, 39.85303], [140.6568, 39.85157], [140.6546, 39.85204], [140.65404, 39.84888], [140.65494, 39.84787], [140.65324, 39.84611], [140.65254, 39.84658], [140.65135, 39.84408], [140.64994, 39.84345], [140.64915, 39.84207], [140.64987, 39.84027], [140.64823, 39.84067], [140.64599, 39.83781], [140.64349, 39.83651], [140.64277, 39.83478], [140.64435, 39.83424], [140.64218, 39.83401], [140.64161, 39.83186], [140.6387, 39.82986], [140.63722, 39.83057], [140.63578, 39.82983], [140.63573, 39.83148], [140.63686, 39.83248], [140.63513, 39.83335], [140.63296, 39.8329], [140.63675, 39.83563], [140.63591, 39.83834], [140.63434, 39.83907], [140.62974, 39.83906], [140.63642, 39.84057], [140.6381, 39.84325], [140.63768, 39.84449], [140.63876, 39.84438], [140.63723, 39.84597], [140.63919, 39.84531], [140.63844, 39.84715], [140.64032, 39.84544], [140.64102, 39.84588], [140.64273, 39.85106], [140.6416, 39.85233], [140.63925, 39.85271], [140.63823, 39.85411], [140.63681, 39.85389], [140.63655, 39.85451], [140.6358, 39.85386], [140.63631, 39.85523], [140.63496, 39.856], [140.63191, 39.85541], [140.63401, 39.85652], [140.63144, 39.85905], [140.63215, 39.85942], [140.63191, 39.86057], [140.62895, 39.86421], [140.63004, 39.8636], [140.62994, 39.86286], [140.63283, 39.86164], [140.63846, 39.86497], [140.63566, 39.86218], [140.63448, 39.85862], [140.63761, 39.85803], [140.63742, 39.85746], [140.63913, 39.85663], [140.63989, 39.85702], [140.64018, 39.85606], [140.64216, 39.85554], [140.64365, 39.8533], [140.64506, 39.85275], [140.64575, 39.85392], [140.64642, 39.85303], [140.64745, 39.85514], [140.64913, 39.85519], [140.64934, 39.85641], [140.65024, 39.85535], [140.65365, 39.8553], [140.65219, 39.85732], [140.65366, 39.85656], [140.65459, 39.85722], [140.65469, 39.8558], [140.65745, 39.8554], [140.65821, 39.85666], [140.65982, 39.85636], [140.66042, 39.85762], [140.6621, 39.85739], [140.66149, 39.85824], [140.66714, 39.85956], [140.66972, 39.86321], [140.6697, 39.86428]]]}, "properties": {"name": "宝仙湖"}}, {"type": "Feature", "geometry": {"type": "Polygon", "coordinates": [[[140.7524, 38.9781], [140.75132, 38.97983], [140.75316, 38.9804], [140.75445, 38.97815], [140.75405, 38.97602], [140.7524, 38.9781]]]}, "properties": {"name": "須川湖"}}, {"type": "Feature", "geometry": {"type": "Polygon", "coordinates": [[[140.39189, 38.16963], [140.39378, 38.1687], [140.39051, 38.16981], [140.3911, 38.1703], [140.39189, 38.16963]]]}, "properties": {"name": "盃湖"}}, {"type": "Feature", "geometry": {"type": "Polygon", "coordinates": [[[140.4411, 38.59862], [140.44228, 38.59737], [140.4423, 38.59682], [140.44164, 38.59718], [140.44248, 38.59566], [140.4454, 38.59404], [140.44459, 38.59416], [140.44464, 38.59261], [140.44021, 38.5945], [140.43811, 38.59726], [140.43759, 38.60005], [140.43835, 38.60044], [140.4411, 38.59862]]]}, "properties": {"name": "徳良湖"}}, {"type": "Feature", "geometry": {"type": "Polygon", "coordinates": [[[140.17999, 38.05657], [140.1777, 38.05576], [140.17733, 38.05815], [140.18154, 38.05813], [140.17999, 38.05657]]]}, "properties": {"name": "白竜湖"}}, {"type": "Feature", "geometry": {"type": "Polygon", "coordinates": [[[139.99663, 38.45842], [139.99747, 38.45326], [139.99857, 38.45168], [140.00167, 38.4522], [140.00191, 38.45123], [140.00357, 38.45335], [140.01064, 38.45292], [140.01221, 38.4539], [140.01254, 38.45564], [140.01483, 38.45614], [140.01664, 38.455], [140.01799, 38.45524], [140.02194, 38.45229], [140.02315, 38.45463], [140.02418, 38.45422], [140.02576, 38.45558], [140.0327, 38.45504], [140.03388, 38.45634], [140.03591, 38.45676], [140.03778, 38.45592], [140.04005, 38.45343], [140.03764, 38.45335], [140.03703, 38.45197], [140.03439, 38.45139], [140.03259, 38.45135], [140.03152, 38.45266], [140.0289, 38.45248], [140.02666, 38.4487], [140.02505, 38.44799], [140.0221, 38.44966], [140.02019, 38.44938], [140.01976, 38.44856], [140.01644, 38.45092], [140.01613, 38.44884], [140.01432, 38.44774], [140.01397, 38.44891], [140.01311, 38.44623], [140.01101, 38.44926], [140.01004, 38.44976], [140.00894, 38.44869], [140.00843, 38.44931], [140.00663, 38.44912], [140.0059, 38.4509], [140.00501, 38.45087], [140.00486, 38.44935], [140.0026, 38.4483], [140.0001, 38.44881], [139.99789, 38.45031], [139.99698, 38.44645], [139.99583, 38.44616], [139.99539, 38.44504], [139.99802, 38.44036], [139.9986, 38.43591], [139.99605, 38.43087], [139.9956, 38.42628], [139.99449, 38.42592], [139.99457, 38.43054], [139.99654, 38.4337], [139.9945, 38.43647], [139.99481, 38.43803], [139.99328, 38.44195], [139.99263, 38.4467], [139.99443, 38.44813], [139.99528, 38.45054], [139.99637, 38.45131], [139.99407, 38.45201], [139.99646, 38.4521], [139.99527, 38.45354], [139.99638, 38.45725], [139.99493, 38.45829], [139.99496, 38.45978], [139.99663, 38.45842]]]}, "properties": {"name": "月山湖"}}, {"type": "Feature", "geometry": {"type": "Polygon", "coordinates": [[[140.23573, 38.03362], [140.23639, 38.03109], [140.23785, 38.03087], [140.2382, 38.02974], [140.23463, 38.03063], [140.23421, 38.03207], [140.23045, 38.03245], [140.2343, 38.0334], [140.23343, 38.0358], [140.23148, 38.03709], [140.2311, 38.03909], [140.23403, 38.03738], [140.23573, 38.03362]]]}, "properties": {"name": "蛭沢湖"}}, {"type": "Feature", "geometry": {"type": "Polygon", "coordinates": [[[139.9136, 37.96606], [139.91706, 37.96945], [139.91478, 37.97035], [139.91709, 37.97045], [139.9174, 37.97269], [139.91922, 37.97474], [139.9198, 37.97491], [139.91976, 37.97426], [139.92075, 37.97519], [139.92268, 37.97445], [139.92162, 37.97171], [139.92007, 37.97076], [139.9197, 37.96721], [139.91746, 37.96579], [139.9136, 37.96606]]]}, "properties": {"name": "白川湖"}}, {"type": "Feature", "geometry": {"type": "Polygon", "coordinates": [[[139.7605, 38.49667], [139.76396, 38.49623], [139.7643, 38.49775], [139.76414, 38.49892], [139.76203, 38.49935], [139.76094, 38.5005], [139.76261, 38.49936], [139.76492, 38.50013], [139.76568, 38.50139], [139.76659, 38.50072], [139.76908, 38.50304], [139.77039, 38.50614], [139.77328, 38.50622], [139.77018, 38.5079], [139.77051, 38.50911], [139.77064, 38.50805], [139.77212, 38.5077], [139.77257, 38.50857], [139.77404, 38.50661], [139.77637, 38.50739], [139.77695, 38.50837], [139.77961, 38.50749], [139.78256, 38.50801], [139.78345, 38.5067], [139.77953, 38.50384], [139.78036, 38.50047], [139.77895, 38.50064], [139.77933, 38.50235], [139.77773, 38.50382], [139.77256, 38.49983], [139.7673, 38.49759], [139.76786, 38.49655], [139.76725, 38.49509], [139.76817, 38.49445], [139.76678, 38.4943], [139.76733, 38.49307], [139.76599, 38.49082], [139.76263, 38.48865], [139.76218, 38.48904], [139.76399, 38.49199], [139.76405, 38.49549], [139.7605, 38.49667]]]}, "properties": {"name": "荒沢湖"}}, {"type": "Feature", "geometry": {"type": "Polygon", "coordinates": [[[139.87399, 38.51308], [139.87526, 38.51101], [139.87276, 38.50989], [139.8723, 38.50818], [139.87486, 38.50631], [139.87455, 38.50553], [139.87837, 38.50159], [139.88128, 38.50035], [139.88241, 38.49776], [139.88546, 38.49549], [139.88528, 38.49428], [139.88464, 38.49631], [139.88183, 38.49724], [139.87944, 38.49988], [139.87793, 38.49908], [139.87489, 38.50266], [139.87215, 38.5038], [139.8706, 38.50618], [139.86965, 38.50619], [139.86943, 38.50395], [139.86803, 38.50616], [139.86677, 38.50632], [139.8622, 38.50193], [139.86154, 38.49919], [139.86078, 38.49957], [139.85986, 38.49883], [139.85963, 38.49744], [139.86097, 38.49676], [139.85948, 38.49687], [139.85453, 38.49308], [139.85473, 38.49256], [139.85196, 38.49117], [139.85112, 38.49171], [139.84615, 38.49064], [139.84487, 38.48797], [139.83956, 38.48547], [139.8406, 38.48374], [139.84429, 38.4816], [139.84574, 38.47954], [139.85518, 38.47537], [139.85564, 38.47393], [139.85338, 38.47605], [139.84562, 38.47904], [139.84421, 38.48112], [139.84292, 38.48086], [139.84383, 38.48147], [139.84037, 38.48344], [139.83891, 38.48418], [139.83638, 38.48393], [139.83946, 38.48907], [139.84247, 38.48887], [139.84384, 38.49157], [139.84892, 38.49238], [139.8549, 38.49613], [139.85512, 38.49723], [139.85607, 38.49662], [139.86003, 38.50334], [139.85912, 38.50398], [139.86034, 38.50394], [139.86205, 38.5063], [139.86049, 38.50785], [139.86315, 38.50701], [139.86339, 38.50833], [139.86751, 38.50801], [139.86772, 38.50982], [139.87031, 38.51266], [139.87164, 38.51351], [139.87399, 38.51308]]]}, "properties": {"name": "八久和ダム貯水池"}}, {"type": "Feature", "geometry": {"type": "Polygon", "coordinates": [[[140.01519, 39.10064], [140.01677, 39.10101], [140.0174, 39.09956], [140.01571, 39.09923], [140.01519, 39.10064]]]}, "properties": {"name": "鳥海湖"}}, {"type": "Feature", "geometry": {"type": "Polygon", "coordinates": [[[139.91045, 37.34729], [139.91143, 37.34669], [139.91265, 37.34385], [139.91337, 37.33948], [139.91555, 37.33796], [139.91758, 37.33458], [139.91795, 37.33169], [139.91984, 37.33153], [139.92108, 37.3297], [139.92147, 37.32663], [139.9205, 37.32523], [139.91672, 37.32467], [139.91626, 37.3253], [139.91758, 37.32664], [139.91743, 37.32864], [139.91975, 37.32932], [139.91565, 37.32933], [139.91434, 37.33001], [139.9134, 37.33498], [139.90997, 37.33846], [139.91043, 37.34277], [139.90937, 37.34696], [139.90962, 37.34766], [139.91045, 37.34729]]]}, "properties": {"name": "若郷湖"}}, {"type": "Feature", "geometry": {"type": "Polygon", "coordinates": [[[140.045, 37.51675], [140.04602, 37.51788], [140.0463, 37.52132], [140.04735, 37.52136], [140.04627, 37.52162], [140.04646, 37.52244], [140.04817, 37.52406], [140.05387, 37.52565], [140.05798, 37.52914], [140.05688, 37.52949], [140.05766, 37.52999], [140.05869, 37.52954], [140.06499, 37.53271], [140.06758, 37.53266], [140.06794, 37.53204], [140.07284, 37.5326], [140.07367, 37.53199], [140.07492, 37.53238], [140.07493, 37.53337], [140.0781, 37.53283], [140.08305, 37.53368], [140.08879, 37.53328], [140.09033, 37.53243], [140.09024, 37.53325], [140.09166, 37.5332], [140.09244, 37.53233], [140.09494, 37.5329], [140.09793, 37.53185], [140.10639, 37.53236], [140.11172, 37.53094], [140.11313, 37.5277], [140.11261, 37.52714], [140.11484, 37.52642], [140.11598, 37.52169], [140.11491, 37.51783], [140.11209, 37.51403], [140.11127, 37.51035], [140.11405, 37.50792], [140.11627, 37.50743], [140.11846, 37.50584], [140.12594, 37.50551], [140.13249, 37.50403], [140.13782, 37.50114], [140.14161, 37.50148], [140.13852, 37.50182], [140.13802, 37.50271], [140.14257, 37.5023], [140.14314, 37.50292], [140.14523, 37.50039], [140.14671, 37.49341], [140.1507, 37.49083], [140.15458, 37.49011], [140.15472, 37.48823], [140.15319, 37.48356], [140.14884, 37.48027], [140.1479, 37.4783], [140.15511, 37.46353], [140.15116, 37.45585], [140.15365, 37.44942], [140.15204, 37.44577], [140.14721, 37.43976], [140.14706, 37.43774], [140.14464, 37.43437], [140.13786, 37.42773], [140.12727, 37.41923], [140.11595, 37.41309], [140.10995, 37.4137], [140.10994, 37.41623], [140.10792, 37.41824], [140.1042, 37.41762], [140.1017, 37.41626], [140.09963, 37.41731], [140.10126, 37.41608], [140.10092, 37.41509], [140.09772, 37.41365], [140.09642, 37.41401], [140.09584, 37.41521], [140.0968, 37.41863], [140.09733, 37.41688], [140.09803, 37.41826], [140.09528, 37.42016], [140.0908, 37.42028], [140.08595, 37.41923], [140.07777, 37.42065], [140.07762, 37.42572], [140.071, 37.42814], [140.07098, 37.43101], [140.06837, 37.43492], [140.0675, 37.43848], [140.06908, 37.44], [140.06953, 37.44178], [140.06691, 37.44495], [140.0634, 37.44578], [140.06302, 37.44755], [140.06405, 37.44945], [140.06098, 37.44797], [140.05832, 37.44873], [140.05623, 37.45227], [140.05181, 37.45431], [140.05089, 37.45758], [140.0475, 37.45906], [140.04649, 37.46465], [140.04741, 37.4734], [140.04256, 37.47653], [140.04174, 37.47934], [140.04243, 37.48431], [140.04127, 37.48476], [140.03997, 37.4836], [140.03984, 37.48086], [140.03613, 37.47761], [140.03332, 37.47702], [140.03033, 37.47828], [140.02989, 37.4812], [140.03082, 37.48189], [140.03096, 37.48002], [140.03219, 37.48287], [140.03173, 37.48412], [140.03004, 37.48468], [140.02969, 37.48669], [140.03178, 37.48899], [140.03187, 37.49052], [140.03039, 37.49179], [140.0267, 37.49252], [140.02617, 37.49689], [140.0217, 37.49866], [140.02162, 37.50151], [140.02025, 37.50261], [140.02167, 37.50475], [140.01897, 37.50578], [140.01989, 37.50916], [140.02231, 37.51156], [140.02196, 37.51228], [140.02295, 37.51202], [140.02334, 37.51297], [140.02115, 37.51456], [140.02175, 37.51643], [140.02541, 37.51606], [140.02862, 37.51227], [140.03159, 37.51107], [140.03487, 37.51233], [140.03506, 37.51452], [140.03717, 37.51711], [140.04038, 37.51565], [140.045, 37.51675]], [[140.039, 37.50973], [140.03565, 37.5124], [140.03618, 37.51117], [140.03547, 37.5089], [140.0392, 37.50849], [140.03972, 37.50912], [140.039, 37.50973]]]}, "properties": {"name": "猪苗代湖"}}, {"type": "Feature", "geometry": {"type": "Polygon", "coordinates": [[[140.22027, 37.1091], [140.21873, 37.10754], [140.21646, 37.10777], [140.21409, 37.10894], [140.21296, 37.11149], [140.2162, 37.10994], [140.2184, 37.11081], [140.22027, 37.1091]]]}, "properties": {"name": "南湖"}}, {"type": "Feature", "geometry": {"type": "Polygon", "coordinates": [[[140.97124, 37.82233], [140.97282, 37.82265], [140.97485, 37.82631], [140.97591, 37.82576], [140.97585, 37.82458], [140.97459, 37.824], [140.97569, 37.82247], [140.97889, 37.8222], [140.97976, 37.82084], [140.98083, 37.8221], [140.98192, 37.82209], [140.98197, 37.82121], [140.98286, 37.8209], [140.98427, 37.82213], [140.98483, 37.82069], [140.98486, 37.81912], [140.98212, 37.81836], [140.98481, 37.81759], [140.98497, 37.81014], [140.98446, 37.80015], [140.98252, 37.7978], [140.98332, 37.79639], [140.98203, 37.79581], [140.98079, 37.78943], [140.98191, 37.78755], [140.98101, 37.78138], [140.98167, 37.78138], [140.98171, 37.77858], [140.98104, 37.77862], [140.98065, 37.7802], [140.97988, 37.77919], [140.97204, 37.78397], [140.97078, 37.78669], [140.96773, 37.78606], [140.96401, 37.7889], [140.96435, 37.79031], [140.9698, 37.79609], [140.96863, 37.80058], [140.97017, 37.80082], [140.9697, 37.80424], [140.96846, 37.80481], [140.97319, 37.80647], [140.97319, 37.80767], [140.9719, 37.80837], [140.97233, 37.81229], [140.97107, 37.81674], [140.96618, 37.8167], [140.96588, 37.81758], [140.96534, 37.81688], [140.96284, 37.81832], [140.96064, 37.81814], [140.96061, 37.81694], [140.95957, 37.81648], [140.95842, 37.81717], [140.95742, 37.81641], [140.95537, 37.81683], [140.95599, 37.81802], [140.95517, 37.81911], [140.95645, 37.81958], [140.95581, 37.82074], [140.95145, 37.81853], [140.94938, 37.81888], [140.94971, 37.8201], [140.95236, 37.82115], [140.95479, 37.82334], [140.96596, 37.82213], [140.9695, 37.82061], [140.97176, 37.82098], [140.97226, 37.82156], [140.96945, 37.82083], [140.96924, 37.82194], [140.97124, 37.82233]], [[140.98194, 37.81609], [140.98084, 37.81533], [140.98086, 37.81407], [140.98232, 37.81487], [140.98194, 37.81609]], [[140.98118, 37.81204], [140.98018, 37.80418], [140.98084, 37.801], [140.98207, 37.80327], [140.98354, 37.8105], [140.98262, 37.81343], [140.98118, 37.81204]], [[140.97831, 37.7964], [140.98028, 37.79679], [140.97879, 37.7972], [140.97831, 37.7964]]]}, "properties": {"name": "松川浦"}}, {"type": "Feature", "geometry": {"type": "Polygon", "coordinates": [[[140.08673, 37.27307], [140.08582, 37.27253], [140.08599, 37.27084], [140.08493, 37.26923], [140.08846, 37.26811], [140.08939, 37.26682], [140.09394, 37.26751], [140.09475, 37.26676], [140.0929, 37.26596], [140.0956, 37.26403], [140.09221, 37.26504], [140.09114, 37.26329], [140.09067, 37.2649], [140.08921, 37.264], [140.08787, 37.26468], [140.08743, 37.26329], [140.08559, 37.26541], [140.08497, 37.26312], [140.08616, 37.26204], [140.08553, 37.26124], [140.08667, 37.26006], [140.08538, 37.26012], [140.08433, 37.26266], [140.08282, 37.26152], [140.0811, 37.26221], [140.08072, 37.26035], [140.08285, 37.2587], [140.08179, 37.25743], [140.07886, 37.25767], [140.07669, 37.25685], [140.07982, 37.25532], [140.08276, 37.25635], [140.08496, 37.25587], [140.08375, 37.25523], [140.08245, 37.25582], [140.08215, 37.25496], [140.08149, 37.25552], [140.07905, 37.25446], [140.07865, 37.25375], [140.07977, 37.25298], [140.07839, 37.25288], [140.07785, 37.25377], [140.07691, 37.25271], [140.07726, 37.25175], [140.07655, 37.2524], [140.07508, 37.25145], [140.07532, 37.25006], [140.07353, 37.25046], [140.07165, 37.24605], [140.07063, 37.2451], [140.06906, 37.24502], [140.06781, 37.24653], [140.06862, 37.24886], [140.07042, 37.24924], [140.0707, 37.25085], [140.07508, 37.25458], [140.07582, 37.25627], [140.07563, 37.25914], [140.07687, 37.26033], [140.07805, 37.26499], [140.08003, 37.26525], [140.0791, 37.2663], [140.08064, 37.26691], [140.07922, 37.26853], [140.07697, 37.2692], [140.07557, 37.27103], [140.07688, 37.27179], [140.07903, 37.27071], [140.08342, 37.27105], [140.08673, 37.27307]]]}, "properties": {"name": "羽鳥湖"}}, {"type": "Feature", "geometry": {"type": "Polygon", "coordinates": [[[139.29814, 36.92395], [139.29685, 36.92712], [139.29448, 36.92817], [139.29572, 36.92869], [139.29601, 36.92978], [139.29684, 36.92968], [139.29537, 36.93053], [139.29563, 36.93202], [139.29467, 36.93229], [139.29542, 36.93247], [139.29351, 36.93471], [139.29491, 36.93583], [139.29696, 36.93467], [139.29848, 36.93562], [139.30009, 36.93408], [139.30196, 36.93358], [139.30353, 36.93428], [139.30591, 36.93382], [139.30642, 36.93283], [139.30461, 36.93092], [139.3058, 36.92933], [139.30719, 36.93003], [139.30936, 36.92897], [139.31168, 36.92957], [139.31151, 36.93166], [139.31232, 36.93181], [139.31335, 36.93113], [139.31264, 36.93084], [139.31313, 36.9296], [139.31253, 36.92932], [139.31482, 36.9291], [139.31483, 36.9282], [139.31585, 36.92862], [139.3156, 36.92778], [139.3144, 36.92756], [139.3149, 36.92629], [139.31364, 36.92424], [139.31129, 36.92465], [139.31239, 36.92377], [139.31202, 36.9223], [139.30913, 36.9201], [139.30491, 36.92056], [139.30122, 36.92411], [139.29814, 36.92395]]]}, "properties": {"name": "尾瀬沼"}}, {"type": "Feature", "geometry": {"type": "Polygon", "coordinates": [[[139.23572, 37.18783], [139.23004, 37.19286], [139.22758, 37.19104], [139.22755, 37.18959], [139.22723, 37.19089], [139.22928, 37.19276], [139.22943, 37.19418], [139.22862, 37.19641], [139.22514, 37.19708], [139.22412, 37.19865], [139.22387, 37.20027], [139.22562, 37.20276], [139.22069, 37.20378], [139.21999, 37.20514], [139.22024, 37.21118], [139.21948, 37.21194], [139.21693, 37.21128], [139.21366, 37.20798], [139.21519, 37.21127], [139.21437, 37.21158], [139.21443, 37.21405], [139.21329, 37.21458], [139.2138, 37.21603], [139.21641, 37.21476], [139.21673, 37.2128], [139.22028, 37.21346], [139.22064, 37.21412], [139.22216, 37.21189], [139.22326, 37.21228], [139.22226, 37.21044], [139.22183, 37.20552], [139.22703, 37.20444], [139.2278, 37.20331], [139.22575, 37.19948], [139.23179, 37.19572], [139.2328, 37.1929], [139.23487, 37.19161], [139.23524, 37.19027], [139.23712, 37.18894], [139.23668, 37.1886], [139.24195, 37.18756], [139.24101, 37.18466], [139.24491, 37.1811], [139.24051, 37.18404], [139.24074, 37.18591], [139.23997, 37.18721], [139.23572, 37.18783]]]}, "properties": {"name": "大鳥ダム貯水池"}}, {"type": "Feature", "geometry": {"type": "Polygon", "coordinates": [[[139.23162, 37.14449], [139.23482, 37.14406], [139.23496, 37.14547], [139.23741, 37.14437], [139.23869, 37.14468], [139.24203, 37.14775], [139.24164, 37.14965], [139.24368, 37.14937], [139.24415, 37.1505], [139.24722, 37.15161], [139.24738, 37.15335], [139.25182, 37.15367], [139.25181, 37.15307], [139.25396, 37.1527], [139.25735, 37.15409], [139.25844, 37.15212], [139.25793, 37.15133], [139.25935, 37.15097], [139.2589, 37.15016], [139.25969, 37.14661], [139.2583, 37.14779], [139.25685, 37.14493], [139.25579, 37.14915], [139.25459, 37.14773], [139.25264, 37.14968], [139.25114, 37.14856], [139.25149, 37.14687], [139.25009, 37.14733], [139.24903, 37.14652], [139.24925, 37.14561], [139.24831, 37.14564], [139.24869, 37.14377], [139.25022, 37.14269], [139.24931, 37.14135], [139.25083, 37.14012], [139.24905, 37.13893], [139.24965, 37.13766], [139.24817, 37.1355], [139.24953, 37.13474], [139.24761, 37.13385], [139.24811, 37.13146], [139.24716, 37.12843], [139.24894, 37.12877], [139.24801, 37.12756], [139.24952, 37.12632], [139.24664, 37.12668], [139.24473, 37.12184], [139.2435, 37.1223], [139.24446, 37.12119], [139.24337, 37.12074], [139.24544, 37.11589], [139.24946, 37.11714], [139.24842, 37.11555], [139.24606, 37.11454], [139.2498, 37.11213], [139.25, 37.11089], [139.25096, 37.1114], [139.25077, 37.1104], [139.25205, 37.10945], [139.25454, 37.10807], [139.25881, 37.1082], [139.25969, 37.10934], [139.25964, 37.10806], [139.26542, 37.10773], [139.25622, 37.10689], [139.2509, 37.10786], [139.24987, 37.10555], [139.25005, 37.10873], [139.24828, 37.10876], [139.24667, 37.11161], [139.24431, 37.11203], [139.2438, 37.11039], [139.24286, 37.11325], [139.2399, 37.11595], [139.23951, 37.11785], [139.23817, 37.11383], [139.23857, 37.10814], [139.23701, 37.10523], [139.23832, 37.1046], [139.23688, 37.10429], [139.23729, 37.10033], [139.24041, 37.09759], [139.24112, 37.09822], [139.2429, 37.09367], [139.24449, 37.09312], [139.24553, 37.09361], [139.24477, 37.09276], [139.24263, 37.09268], [139.24136, 37.0911], [139.23984, 37.09067], [139.23979, 37.08982], [139.24198, 37.0893], [139.24419, 37.08515], [139.24537, 37.08514], [139.24495, 37.08418], [139.25034, 37.08256], [139.2531, 37.08019], [139.25587, 37.08018], [139.25655, 37.0792], [139.25603, 37.07807], [139.2505, 37.07919], [139.2496, 37.07872], [139.24713, 37.07391], [139.24715, 37.0703], [139.24566, 37.07364], [139.2467, 37.07516], [139.24623, 37.07566], [139.24698, 37.07862], [139.24808, 37.0801], [139.24306, 37.08309], [139.24151, 37.08266], [139.24193, 37.08353], [139.23994, 37.0847], [139.23956, 37.08673], [139.23813, 37.08696], [139.23832, 37.08809], [139.23762, 37.08767], [139.23735, 37.08934], [139.23628, 37.08947], [139.23868, 37.09259], [139.23751, 37.09576], [139.23535, 37.09823], [139.23509, 37.1], [139.23259, 37.09944], [139.22912, 37.0964], [139.22713, 37.08964], [139.22807, 37.09557], [139.22721, 37.09675], [139.22898, 37.0977], [139.22915, 37.09957], [139.23461, 37.10164], [139.23429, 37.10527], [139.23109, 37.10567], [139.23306, 37.10652], [139.23181, 37.10717], [139.23286, 37.10783], [139.23292, 37.11131], [139.22942, 37.11227], [139.23269, 37.11288], [139.23173, 37.11396], [139.23263, 37.11437], [139.23257, 37.1164], [139.23088, 37.11772], [139.23305, 37.11776], [139.23271, 37.11896], [139.23481, 37.12057], [139.23647, 37.12459], [139.24153, 37.12903], [139.24037, 37.13204], [139.23897, 37.13046], [139.23778, 37.13082], [139.23575, 37.12815], [139.23424, 37.12839], [139.23358, 37.12679], [139.23277, 37.12758], [139.23095, 37.12648], [139.23034, 37.12581], [139.23115, 37.12348], [139.23002, 37.12423], [139.22936, 37.12354], [139.22867, 37.12475], [139.22806, 37.12383], [139.22726, 37.12462], [139.22547, 37.12271], [139.22459, 37.12481], [139.22295, 37.12314], [139.22238, 37.12531], [139.21923, 37.12396], [139.22026, 37.12318], [139.21995, 37.12114], [139.22054, 37.12036], [139.21949, 37.12053], [139.21891, 37.1182], [139.2168, 37.11549], [139.21751, 37.11317], [139.21894, 37.11234], [139.2195, 37.10922], [139.21641, 37.09939], [139.21172, 37.09291], [139.20916, 37.09273], [139.20724, 37.09056], [139.20533, 37.09028], [139.20798, 37.09317], [139.20737, 37.09409], [139.20879, 37.09354], [139.21091, 37.09498], [139.21149, 37.09694], [139.21015, 37.09777], [139.21347, 37.09856], [139.21508, 37.10192], [139.21359, 37.10307], [139.21527, 37.1033], [139.21617, 37.10674], [139.21617, 37.10779], [139.2155, 37.10797], [139.21656, 37.10835], [139.21669, 37.1096], [139.21584, 37.11174], [139.2131, 37.11193], [139.21503, 37.11256], [139.21335, 37.1155], [139.21526, 37.11812], [139.21686, 37.12334], [139.21436, 37.12352], [139.20905, 37.11993], [139.20579, 37.12118], [139.20372, 37.12082], [139.20358, 37.12165], [139.20227, 37.12194], [139.20148, 37.11922], [139.20107, 37.12237], [139.19797, 37.1229], [139.19822, 37.1189], [139.19634, 37.12272], [139.19405, 37.12294], [139.19285, 37.12051], [139.19247, 37.12309], [139.19101, 37.12316], [139.18945, 37.12172], [139.19032, 37.12274], [139.19017, 37.12444], [139.18845, 37.12549], [139.18684, 37.12469], [139.18764, 37.12579], [139.18638, 37.12732], [139.18428, 37.12675], [139.18509, 37.12768], [139.18433, 37.12809], [139.18047, 37.12663], [139.18238, 37.12746], [139.18288, 37.12856], [139.18033, 37.12968], [139.17932, 37.12887], [139.17995, 37.13012], [139.17888, 37.13044], [139.17821, 37.1324], [139.16859, 37.13545], [139.16606, 37.13555], [139.16613, 37.1364], [139.17174, 37.13719], [139.17626, 37.13555], [139.18218, 37.13177], [139.18461, 37.13194], [139.18401, 37.13121], [139.18461, 37.13053], [139.18591, 37.13041], [139.19087, 37.12709], [139.19185, 37.1277], [139.19297, 37.12613], [139.19647, 37.12559], [139.1972, 37.12652], [139.19723, 37.12543], [139.19821, 37.1251], [139.20012, 37.12499], [139.20085, 37.12566], [139.20108, 37.12496], [139.20508, 37.12377], [139.20612, 37.1236], [139.20583, 37.12466], [139.20804, 37.12327], [139.20824, 37.12394], [139.21067, 37.12362], [139.21181, 37.12427], [139.21238, 37.12612], [139.21382, 37.12544], [139.21754, 37.12589], [139.21703, 37.12763], [139.21905, 37.12722], [139.21933, 37.12909], [139.22118, 37.12782], [139.22264, 37.12866], [139.22267, 37.12951], [139.22625, 37.12912], [139.22684, 37.12972], [139.22641, 37.13097], [139.22801, 37.13128], [139.22798, 37.13242], [139.22903, 37.13211], [139.22923, 37.13376], [139.23044, 37.13265], [139.23313, 37.1334], [139.23257, 37.13421], [139.23477, 37.1338], [139.23632, 37.13612], [139.23744, 37.13601], [139.23941, 37.13732], [139.23864, 37.13799], [139.24015, 37.13899], [139.2394, 37.13983], [139.23987, 37.14087], [139.24141, 37.14157], [139.23626, 37.14181], [139.23322, 37.14103], [139.23033, 37.14248], [139.22885, 37.14202], [139.22821, 37.14302], [139.22589, 37.14165], [139.22635, 37.14296], [139.22363, 37.14433], [139.22086, 37.14516], [139.21859, 37.14426], [139.21462, 37.1452], [139.2176, 37.14553], [139.21862, 37.14495], [139.22111, 37.14585], [139.22679, 37.14418], [139.22788, 37.1451], [139.22984, 37.1444], [139.23036, 37.14586], [139.2315, 37.14557], [139.23162, 37.14449]]]}, "properties": {"name": "奥只見湖"}}, {"type": "Feature", "geometry": {"type": "Polygon", "coordinates": [[[139.25174, 37.31903], [139.25217, 37.31829], [139.25379, 37.3184], [139.25688, 37.31694], [139.25854, 37.31833], [139.25797, 37.31646], [139.26089, 37.31553], [139.26078, 37.3146], [139.26223, 37.31281], [139.26422, 37.3129], [139.26369, 37.31046], [139.26749, 37.30694], [139.26711, 37.30621], [139.26868, 37.30534], [139.2714, 37.30572], [139.27155, 37.30685], [139.27021, 37.30767], [139.27249, 37.30935], [139.27259, 37.3112], [139.27009, 37.31195], [139.27106, 37.31294], [139.27101, 37.31422], [139.26928, 37.3145], [139.27099, 37.31529], [139.27085, 37.3174], [139.27348, 37.31491], [139.2734, 37.31329], [139.27467, 37.31325], [139.27537, 37.31204], [139.27663, 37.31247], [139.27688, 37.31357], [139.27947, 37.31325], [139.28041, 37.31427], [139.28412, 37.31129], [139.28397, 37.31063], [139.28487, 37.31128], [139.28945, 37.3095], [139.2853, 37.30592], [139.28207, 37.30609], [139.2813, 37.3043], [139.28195, 37.3035], [139.28078, 37.30316], [139.28108, 37.30076], [139.28207, 37.29938], [139.28321, 37.29973], [139.28381, 37.29779], [139.28678, 37.29781], [139.28565, 37.29662], [139.28869, 37.29516], [139.28715, 37.29389], [139.28963, 37.29405], [139.28767, 37.29172], [139.29025, 37.28992], [139.29196, 37.29008], [139.28936, 37.28927], [139.29503, 37.28821], [139.28924, 37.28751], [139.28924, 37.28616], [139.29121, 37.28295], [139.29327, 37.28349], [139.29251, 37.28234], [139.29576, 37.2817], [139.29666, 37.28016], [139.2901, 37.28132], [139.28989, 37.28072], [139.29288, 37.27772], [139.29263, 37.27614], [139.29052, 37.27443], [139.29362, 37.27054], [139.29967, 37.26927], [139.30174, 37.26986], [139.30086, 37.26875], [139.2979, 37.26869], [139.29909, 37.26658], [139.29857, 37.26535], [139.29596, 37.26364], [139.29627, 37.26112], [139.29442, 37.25993], [139.29355, 37.26019], [139.29483, 37.25782], [139.29365, 37.25697], [139.2943, 37.25583], [139.29255, 37.25433], [139.29393, 37.25134], [139.29359, 37.2499], [139.28984, 37.24773], [139.29037, 37.24883], [139.29289, 37.25], [139.29315, 37.25098], [139.29112, 37.25268], [139.29157, 37.25315], [139.29089, 37.25475], [139.2923, 37.25635], [139.29131, 37.26111], [139.29358, 37.26241], [139.29115, 37.26265], [139.29421, 37.2639], [139.29549, 37.26635], [139.29316, 37.26815], [139.29129, 37.26834], [139.28873, 37.27124], [139.28716, 37.27115], [139.28782, 37.272], [139.28569, 37.27427], [139.28631, 37.2761], [139.2846, 37.27655], [139.28813, 37.27742], [139.28799, 37.27846], [139.28565, 37.27921], [139.28585, 37.28224], [139.285, 37.28254], [139.28613, 37.28346], [139.28189, 37.28569], [139.28352, 37.28635], [139.28313, 37.28766], [139.28197, 37.28823], [139.2823, 37.29044], [139.28101, 37.29072], [139.28116, 37.29189], [139.27962, 37.29357], [139.27817, 37.29296], [139.27895, 37.2918], [139.27884, 37.28919], [139.27792, 37.29002], [139.27685, 37.2892], [139.27497, 37.28964], [139.27561, 37.2877], [139.2747, 37.28711], [139.2751, 37.28786], [139.27305, 37.2893], [139.27404, 37.29014], [139.2762, 37.29032], [139.27529, 37.29178], [139.27582, 37.294], [139.27501, 37.2951], [139.2777, 37.29561], [139.27608, 37.29744], [139.27642, 37.29825], [139.27453, 37.30177], [139.27326, 37.29954], [139.27197, 37.3011], [139.26764, 37.2991], [139.26739, 37.2977], [139.26655, 37.29789], [139.26552, 37.29615], [139.26515, 37.29967], [139.26289, 37.29939], [139.26234, 37.29732], [139.26068, 37.29873], [139.25915, 37.29818], [139.26146, 37.29521], [139.25856, 37.29618], [139.25686, 37.29486], [139.25886, 37.29338], [139.25839, 37.29226], [139.25905, 37.29081], [139.25702, 37.29373], [139.2562, 37.29235], [139.25505, 37.29237], [139.25577, 37.29303], [139.25502, 37.29583], [139.25594, 37.29719], [139.25233, 37.2971], [139.25125, 37.29938], [139.24984, 37.29991], [139.25027, 37.30141], [139.24831, 37.30345], [139.24714, 37.29856], [139.24314, 37.29802], [139.24238, 37.2972], [139.24164, 37.29805], [139.24034, 37.29772], [139.23692, 37.29495], [139.23885, 37.29298], [139.2369, 37.29401], [139.23374, 37.29305], [139.23216, 37.29334], [139.22739, 37.29641], [139.22852, 37.29096], [139.23186, 37.28882], [139.23317, 37.28654], [139.23458, 37.28616], [139.23326, 37.28575], [139.2328, 37.28404], [139.2312, 37.28321], [139.23298, 37.28041], [139.23006, 37.27816], [139.22988, 37.27713], [139.23026, 37.27587], [139.23294, 37.27555], [139.22985, 37.27521], [139.22881, 37.27428], [139.22896, 37.26975], [139.23539, 37.26698], [139.23663, 37.26446], [139.23496, 37.26654], [139.23306, 37.26659], [139.2294, 37.26852], [139.22269, 37.26658], [139.22193, 37.26432], [139.22244, 37.26373], [139.22153, 37.26332], [139.22094, 37.26074], [139.22098, 37.25843], [139.22001, 37.25697], [139.22076, 37.25562], [139.21799, 37.25329], [139.21318, 37.25216], [139.21399, 37.2496], [139.21344, 37.24702], [139.2121, 37.24698], [139.21118, 37.24567], [139.21556, 37.2438], [139.21844, 37.24097], [139.21802, 37.23926], [139.21394, 37.23715], [139.21377, 37.23463], [139.2129, 37.23447], [139.21214, 37.23698], [139.21444, 37.24044], [139.21259, 37.24183], [139.21075, 37.24154], [139.21201, 37.24242], [139.2106, 37.24305], [139.208, 37.24323], [139.20712, 37.24217], [139.20591, 37.24217], [139.20504, 37.24344], [139.20608, 37.24265], [139.20749, 37.24403], [139.20919, 37.24392], [139.2089, 37.24586], [139.21068, 37.24976], [139.21044, 37.25405], [139.20878, 37.25516], [139.20859, 37.25705], [139.20664, 37.25952], [139.20847, 37.25841], [139.21042, 37.25548], [139.21396, 37.2543], [139.21587, 37.25496], [139.21787, 37.25648], [139.21822, 37.26185], [139.22039, 37.26641], [139.21591, 37.26895], [139.22079, 37.26753], [139.22529, 37.26889], [139.22681, 37.27053], [139.22675, 37.27286], [139.22541, 37.27358], [139.22762, 37.27569], [139.22698, 37.27631], [139.22811, 37.27657], [139.2279, 37.27868], [139.23008, 37.28074], [139.22726, 37.28006], [139.22932, 37.28159], [139.22806, 37.28344], [139.22988, 37.28512], [139.22964, 37.28595], [139.22857, 37.28593], [139.22928, 37.28673], [139.22824, 37.28828], [139.22573, 37.28955], [139.22594, 37.29046], [139.22456, 37.29216], [139.22287, 37.29204], [139.22492, 37.29303], [139.22332, 37.29396], [139.22482, 37.29481], [139.22251, 37.29701], [139.22436, 37.29659], [139.22609, 37.29846], [139.22569, 37.29993], [139.22747, 37.29926], [139.22981, 37.29966], [139.23339, 37.29722], [139.23472, 37.29842], [139.23774, 37.2989], [139.2371, 37.29964], [139.23799, 37.30184], [139.23856, 37.29987], [139.24216, 37.30091], [139.24383, 37.30056], [139.24395, 37.30298], [139.24262, 37.30557], [139.24342, 37.3062], [139.24295, 37.30696], [139.24616, 37.30782], [139.24588, 37.30866], [139.24698, 37.30923], [139.24827, 37.30794], [139.24962, 37.30854], [139.25101, 37.30782], [139.25744, 37.302], [139.26194, 37.30385], [139.26158, 37.30541], [139.25933, 37.30618], [139.26064, 37.30788], [139.25966, 37.3092], [139.25994, 37.31122], [139.25837, 37.312], [139.2585, 37.31367], [139.25187, 37.31789], [139.25105, 37.32033], [139.25174, 37.31903]]]}, "properties": {"name": "田子倉湖"}}, {"type": "Feature", "geometry": {"type": "Polygon", "coordinates": [[[139.29941, 37.33636], [139.30271, 37.33458], [139.30108, 37.33299], [139.30024, 37.32894], [139.29514, 37.32328], [139.29285, 37.32287], [139.29353, 37.3274], [139.29573, 37.3303], [139.29577, 37.3337], [139.29831, 37.3369], [139.29941, 37.33636]]]}, "properties": {"name": "只見湖"}}, {"type": "Feature", "geometry": {"type": "Polygon", "coordinates": [[[139.92034, 37.77109], [139.92155, 37.77245], [139.92002, 37.77062], [139.92081, 37.76823], [139.91874, 37.76782], [139.91879, 37.76635], [139.91696, 37.76408], [139.9167, 37.76199], [139.91567, 37.76168], [139.91602, 37.76111], [139.9145, 37.7581], [139.91552, 37.75731], [139.91701, 37.75771], [139.91318, 37.75483], [139.9145, 37.75373], [139.91671, 37.75365], [139.91802, 37.7516], [139.92172, 37.74909], [139.9246, 37.74841], [139.92675, 37.7489], [139.92587, 37.748], [139.92637, 37.74755], [139.92899, 37.74711], [139.92696, 37.74686], [139.92235, 37.74819], [139.92148, 37.74735], [139.92122, 37.74824], [139.91984, 37.74861], [139.919, 37.74669], [139.91917, 37.74818], [139.91673, 37.75036], [139.91211, 37.75221], [139.91162, 37.74983], [139.90717, 37.75412], [139.90894, 37.75567], [139.91017, 37.75539], [139.91245, 37.75682], [139.91284, 37.7619], [139.91442, 37.76126], [139.91812, 37.76824], [139.92031, 37.76894], [139.91965, 37.77023], [139.92034, 37.77109]]]}, "properties": {"name": "日中ひざわ湖"}}, {"type": "Feature", "geometry": {"type": "Polygon", "coordinates": [[[140.11067, 37.65871], [140.11012, 37.66055], [140.11137, 37.65933], [140.11792, 37.66116], [140.12003, 37.66102], [140.11774, 37.66171], [140.11713, 37.66102], [140.11676, 37.66218], [140.11816, 37.66238], [140.11872, 37.66534], [140.12001, 37.66185], [140.12162, 37.66169], [140.12465, 37.6643], [140.12314, 37.66119], [140.12507, 37.6593], [140.12863, 37.66472], [140.12838, 37.66537], [140.13327, 37.66701], [140.13779, 37.66539], [140.13363, 37.66416], [140.12885, 37.65915], [140.13759, 37.66117], [140.13661, 37.66003], [140.13248, 37.65925], [140.13041, 37.65781], [140.13736, 37.65882], [140.13823, 37.65822], [140.13956, 37.65919], [140.14513, 37.65822], [140.14812, 37.66013], [140.14704, 37.6583], [140.15166, 37.65779], [140.15351, 37.65843], [140.15684, 37.65667], [140.15955, 37.65648], [140.16109, 37.6555], [140.16031, 37.65478], [140.1628, 37.65296], [140.16211, 37.65116], [140.16096, 37.65157], [140.16153, 37.65004], [140.15987, 37.65003], [140.15872, 37.64899], [140.1604, 37.64808], [140.15704, 37.64933], [140.15732, 37.64865], [140.15646, 37.64903], [140.15555, 37.64836], [140.15531, 37.64997], [140.15414, 37.65104], [140.14605, 37.65354], [140.14524, 37.65204], [140.14441, 37.65332], [140.13965, 37.65366], [140.13902, 37.65284], [140.13869, 37.65349], [140.13607, 37.65394], [140.13566, 37.65313], [140.13473, 37.65395], [140.13242, 37.65411], [140.13107, 37.6539], [140.13062, 37.6528], [140.12944, 37.6539], [140.1276, 37.65291], [140.12804, 37.65199], [140.12596, 37.65279], [140.12494, 37.65052], [140.12426, 37.6532], [140.1229, 37.65339], [140.12166, 37.65227], [140.12152, 37.65357], [140.11709, 37.65389], [140.11553, 37.65328], [140.11612, 37.65265], [140.11284, 37.65244], [140.10964, 37.65721], [140.11067, 37.65871]]]}, "properties": {"name": "秋元湖"}}, {"type": "Feature", "geometry": {"type": "Polygon", "coordinates": [[[140.09944, 37.67648], [140.10056, 37.67785], [140.1025, 37.67791], [140.10287, 37.67973], [140.10355, 37.67929], [140.10528, 37.68032], [140.1054, 37.67907], [140.10688, 37.67904], [140.11028, 37.6811], [140.11118, 37.68263], [140.11274, 37.68242], [140.1113, 37.67968], [140.11459, 37.67865], [140.10876, 37.67659], [140.10931, 37.67502], [140.10708, 37.67561], [140.10322, 37.67316], [140.10284, 37.67371], [140.10141, 37.67309], [140.10124, 37.66753], [140.098, 37.66892], [140.09578, 37.66699], [140.09388, 37.66771], [140.09202, 37.66649], [140.08905, 37.66648], [140.08958, 37.66505], [140.08765, 37.66394], [140.08487, 37.66446], [140.08544, 37.66403], [140.08417, 37.66243], [140.08477, 37.66135], [140.08299, 37.66154], [140.08374, 37.66213], [140.08195, 37.66551], [140.0851, 37.66693], [140.08405, 37.66808], [140.0861, 37.66785], [140.08525, 37.67027], [140.08712, 37.6707], [140.08743, 37.66946], [140.08833, 37.66931], [140.08878, 37.67072], [140.08756, 37.67129], [140.08834, 37.67212], [140.08959, 37.67177], [140.09079, 37.67299], [140.09141, 37.6727], [140.09073, 37.67197], [140.09169, 37.67265], [140.0936, 37.67245], [140.09398, 37.67408], [140.09425, 37.67275], [140.09558, 37.673], [140.09425, 37.67481], [140.09757, 37.67813], [140.09944, 37.67648]]]}, "properties": {"name": "小野川湖"}}, {"type": "Feature", "geometry": {"type": "Polygon", "coordinates": [[[140.07413, 37.68486], [140.07313, 37.68402], [140.07368, 37.68342], [140.07259, 37.68175], [140.07092, 37.68107], [140.07021, 37.68191], [140.07087, 37.683], [140.06937, 37.68416], [140.06973, 37.68496], [140.06862, 37.68455], [140.06664, 37.68574], [140.06612, 37.6864], [140.06669, 37.68753], [140.06557, 37.68875], [140.0684, 37.68914], [140.07111, 37.68662], [140.0737, 37.68722], [140.07448, 37.68605], [140.07413, 37.68486]]]}, "properties": {"name": "曽原湖"}}, {"type": "Feature", "geometry": {"type": "Polygon", "coordinates": [[[140.04116, 37.71501], [140.04015, 37.71746], [140.03555, 37.71887], [140.03576, 37.71985], [140.03477, 37.7205], [140.03863, 37.72203], [140.04063, 37.7216], [140.0477, 37.72834], [140.05053, 37.72838], [140.05048, 37.72924], [140.05118, 37.72855], [140.05305, 37.72981], [140.05558, 37.72791], [140.05464, 37.72456], [140.05771, 37.72176], [140.05866, 37.72186], [140.05719, 37.71964], [140.06043, 37.71652], [140.06256, 37.71252], [140.06182, 37.70741], [140.06245, 37.70575], [140.05987, 37.70214], [140.06159, 37.69869], [140.06043, 37.69819], [140.06098, 37.69699], [140.05924, 37.69386], [140.05982, 37.69128], [140.06126, 37.69006], [140.06142, 37.68668], [140.06295, 37.68693], [140.0626, 37.68619], [140.06503, 37.6849], [140.06452, 37.68352], [140.06637, 37.68209], [140.0655, 37.68047], [140.06385, 37.68007], [140.06321, 37.67631], [140.06381, 37.67511], [140.06159, 37.67336], [140.06322, 37.67285], [140.06209, 37.67138], [140.06107, 37.67139], [140.06106, 37.67029], [140.06363, 37.66802], [140.06203, 37.66721], [140.06308, 37.66742], [140.06401, 37.6662], [140.06335, 37.66517], [140.06404, 37.66504], [140.06431, 37.66354], [140.06502, 37.66352], [140.06553, 37.66477], [140.06748, 37.66405], [140.06738, 37.66328], [140.06595, 37.6638], [140.06578, 37.66176], [140.06459, 37.66183], [140.06414, 37.66096], [140.06329, 37.6621], [140.06453, 37.66267], [140.06422, 37.66346], [140.06359, 37.66416], [140.06296, 37.6636], [140.0632, 37.66437], [140.06254, 37.66447], [140.06174, 37.66235], [140.06275, 37.6621], [140.06125, 37.66126], [140.0622, 37.66029], [140.06117, 37.66039], [140.06142, 37.65851], [140.06416, 37.65794], [140.06431, 37.65884], [140.0658, 37.65759], [140.06781, 37.65846], [140.07049, 37.65814], [140.06856, 37.65768], [140.06875, 37.65676], [140.07119, 37.65733], [140.06983, 37.65564], [140.06847, 37.65639], [140.06553, 37.65602], [140.06418, 37.65292], [140.06101, 37.65197], [140.06144, 37.64945], [140.05888, 37.64819], [140.05785, 37.6491], [140.05539, 37.64899], [140.05505, 37.65054], [140.0536, 37.65055], [140.05334, 37.65193], [140.05214, 37.65169], [140.05252, 37.65401], [140.05064, 37.65377], [140.0503, 37.65604], [140.04504, 37.65484], [140.04307, 37.65352], [140.04074, 37.65011], [140.03901, 37.6491], [140.03787, 37.64932], [140.04034, 37.65585], [140.0416, 37.65718], [140.04064, 37.65818], [140.04219, 37.65932], [140.04246, 37.66178], [140.04723, 37.66162], [140.05114, 37.66242], [140.04829, 37.66509], [140.05, 37.66689], [140.04894, 37.66734], [140.05015, 37.66753], [140.0493, 37.66863], [140.04855, 37.6681], [140.04934, 37.66904], [140.04889, 37.67065], [140.04707, 37.67392], [140.04584, 37.67454], [140.04541, 37.67658], [140.04328, 37.67759], [140.04517, 37.67972], [140.04665, 37.67971], [140.04543, 37.6817], [140.04705, 37.68319], [140.0487, 37.6842], [140.0505, 37.68306], [140.05139, 37.6833], [140.05062, 37.68402], [140.05275, 37.68913], [140.05192, 37.69024], [140.05233, 37.69342], [140.05206, 37.69487], [140.04981, 37.69577], [140.05262, 37.69705], [140.0531, 37.69857], [140.05142, 37.69975], [140.05223, 37.70059], [140.05152, 37.70099], [140.05213, 37.70203], [140.05116, 37.70221], [140.05224, 37.70361], [140.05163, 37.70488], [140.0546, 37.7072], [140.05344, 37.70912], [140.05417, 37.71182], [140.0534, 37.71292], [140.05362, 37.71502], [140.04941, 37.7181], [140.04823, 37.71839], [140.04966, 37.71699], [140.04783, 37.71624], [140.04919, 37.71485], [140.0489, 37.71373], [140.04984, 37.71331], [140.0495, 37.70986], [140.04801, 37.70984], [140.04591, 37.7116], [140.04483, 37.71118], [140.04116, 37.71501]], [[140.054, 37.72482], [140.05295, 37.72569], [140.05102, 37.72536], [140.054, 37.72482]], [[140.0512, 37.67894], [140.05033, 37.67785], [140.05136, 37.67681], [140.05186, 37.67959], [140.0512, 37.67894]], [[140.04967, 37.67034], [140.05032, 37.66994], [140.04961, 37.67083], [140.04967, 37.67034]], [[140.05764, 37.66749], [140.05726, 37.66709], [140.0584, 37.66704], [140.05764, 37.66749]], [[140.06167, 37.6661], [140.06068, 37.66446], [140.06187, 37.66537], [140.06167, 37.6661]], [[140.05986, 37.66483], [140.05896, 37.66446], [140.06025, 37.6641], [140.05961, 37.66357], [140.06031, 37.66312], [140.06083, 37.66369], [140.06033, 37.66577], [140.05986, 37.66483]], [[140.03985, 37.65101], [140.03945, 37.64958], [140.04046, 37.65049], [140.03985, 37.65101]]]}, "properties": {"name": "桧原湖"}}, {"type": "Feature", "geometry": {"type": "Polygon", "coordinates": [[[139.56956, 37.4641], [139.57303, 37.4627], [139.57658, 37.46307], [139.58014, 37.4601], [139.57906, 37.45879], [139.57964, 37.45766], [139.58446, 37.45572], [139.58418, 37.45378], [139.58533, 37.45383], [139.5854, 37.45261], [139.58654, 37.45211], [139.58314, 37.45099], [139.58313, 37.44802], [139.57884, 37.44608], [139.57319, 37.44568], [139.56788, 37.4507], [139.56103, 37.45233], [139.56, 37.45385], [139.56045, 37.45645], [139.56332, 37.4613], [139.56596, 37.46342], [139.56956, 37.4641]]]}, "properties": {"name": "沼沢湖"}}, {"type": "Feature", "geometry": {"type": "Polygon", "coordinates": [[[140.50254, 37.19752], [140.50568, 37.1999], [140.51274, 37.203], [140.51182, 37.20145], [140.50654, 37.19946], [140.50395, 37.19697], [140.50593, 37.19558], [140.50556, 37.19481], [140.50651, 37.19401], [140.50362, 37.19583], [140.50326, 37.19494], [140.50187, 37.19464], [140.50026, 37.19523], [140.49842, 37.19427], [140.49979, 37.19379], [140.49707, 37.19312], [140.49728, 37.19139], [140.49915, 37.1885], [140.5036, 37.18774], [140.5043, 37.1866], [140.50055, 37.18807], [140.49949, 37.18727], [140.49855, 37.1876], [140.4965, 37.1902], [140.496, 37.19239], [140.49451, 37.19359], [140.492, 37.19271], [140.49408, 37.19237], [140.49477, 37.1902], [140.49395, 37.1889], [140.48815, 37.18898], [140.48842, 37.18711], [140.49, 37.18644], [140.48795, 37.1855], [140.48811, 37.18662], [140.48551, 37.18683], [140.48616, 37.19196], [140.48738, 37.1907], [140.49016, 37.19077], [140.49099, 37.18974], [140.49287, 37.19009], [140.49168, 37.19196], [140.48919, 37.19333], [140.4897, 37.19509], [140.48881, 37.19573], [140.49007, 37.19532], [140.4917, 37.1969], [140.49068, 37.19474], [140.49266, 37.19543], [140.49238, 37.1942], [140.49582, 37.19404], [140.4968, 37.19535], [140.49966, 37.19618], [140.49954, 37.19767], [140.49815, 37.19782], [140.49826, 37.19894], [140.49916, 37.19933], [140.49852, 37.19826], [140.49977, 37.19848], [140.50049, 37.19658], [140.50254, 37.19752]]]}, "properties": {"name": "母畑湖"}}, {"type": "Feature", "geometry": {"type": "Polygon", "coordinates": [[[140.47466, 37.40427], [140.47596, 37.40499], [140.47622, 37.4069], [140.47706, 37.40653], [140.47727, 37.40725], [140.47993, 37.40756], [140.47756, 37.40843], [140.47818, 37.40937], [140.48026, 37.40837], [140.48088, 37.40877], [140.47981, 37.4101], [140.4788, 37.40985], [140.47738, 37.41088], [140.47967, 37.41116], [140.47921, 37.41278], [140.47652, 37.41345], [140.47821, 37.41414], [140.47864, 37.41338], [140.47911, 37.41399], [140.48033, 37.41327], [140.47931, 37.41612], [140.4804, 37.41627], [140.48047, 37.41525], [140.48152, 37.41488], [140.48313, 37.41542], [140.48336, 37.41631], [140.48461, 37.41611], [140.48574, 37.41707], [140.48595, 37.41949], [140.48786, 37.41977], [140.48832, 37.41914], [140.48751, 37.41905], [140.48551, 37.41494], [140.48343, 37.41449], [140.48401, 37.41369], [140.48215, 37.41358], [140.48235, 37.41116], [140.48407, 37.41094], [140.48281, 37.41006], [140.48455, 37.40931], [140.48366, 37.40831], [140.48633, 37.40868], [140.48635, 37.40971], [140.48715, 37.40881], [140.48799, 37.40911], [140.48859, 37.41069], [140.49181, 37.41015], [140.49236, 37.4112], [140.48992, 37.41214], [140.49007, 37.41345], [140.49156, 37.4141], [140.49193, 37.4122], [140.494, 37.41096], [140.48974, 37.40741], [140.49244, 37.40824], [140.49352, 37.40762], [140.49156, 37.40677], [140.49335, 37.40585], [140.49459, 37.4037], [140.49815, 37.40354], [140.49723, 37.40266], [140.49775, 37.40204], [140.50003, 37.4023], [140.50059, 37.40157], [140.50154, 37.40262], [140.50376, 37.40189], [140.50527, 37.40232], [140.50448, 37.40153], [140.50539, 37.40113], [140.50206, 37.40153], [140.50043, 37.40066], [140.5004, 37.39972], [140.50236, 37.39988], [140.49978, 37.39898], [140.50275, 37.39709], [140.50382, 37.39288], [140.50186, 37.3943], [140.50186, 37.39574], [140.50268, 37.39594], [140.49944, 37.39774], [140.49947, 37.40013], [140.49722, 37.40032], [140.497, 37.39931], [140.49303, 37.40025], [140.49546, 37.40227], [140.4939, 37.40206], [140.4932, 37.40351], [140.49219, 37.4024], [140.49194, 37.40427], [140.49028, 37.40453], [140.49019, 37.40514], [140.4893, 37.40424], [140.48881, 37.40664], [140.48742, 37.40493], [140.48706, 37.40735], [140.48633, 37.40703], [140.48717, 37.40531], [140.48674, 37.40342], [140.48824, 37.40145], [140.48751, 37.40159], [140.48709, 37.40046], [140.4868, 37.40185], [140.48565, 37.40244], [140.48235, 37.40193], [140.48154, 37.40059], [140.48339, 37.39862], [140.48242, 37.39806], [140.48327, 37.39592], [140.48185, 37.39651], [140.4809, 37.3977], [140.48105, 37.39935], [140.48011, 37.3996], [140.48106, 37.40133], [140.48082, 37.40323], [140.48432, 37.40348], [140.48324, 37.40413], [140.48332, 37.40532], [140.482, 37.40507], [140.48036, 37.40666], [140.48014, 37.40522], [140.47854, 37.40553], [140.47882, 37.40375], [140.47785, 37.4049], [140.47568, 37.40328], [140.47466, 37.40427]]]}, "properties": {"name": "さくら湖"}}, {"type": "Feature", "geometry": {"type": "Polygon", "coordinates": [[[140.45505, 36.3697], [140.4546, 36.37072], [140.45559, 36.37161], [140.46165, 36.3713], [140.46813, 36.36924], [140.46751, 36.36868], [140.46445, 36.3695], [140.45904, 36.36809], [140.45594, 36.36865], [140.45505, 36.3697]]]}, "properties": {"name": "千波湖"}}, {"type": "Feature", "geometry": {"type": "Polygon", "coordinates": [[[140.30983, 36.15489], [140.31045, 36.15525], [140.30971, 36.1567], [140.31002, 36.15834], [140.30744, 36.15965], [140.30831, 36.1604], [140.31434, 36.16056], [140.31522, 36.16117], [140.31735, 36.16057], [140.32504, 36.1533], [140.33451, 36.14989], [140.33967, 36.14441], [140.34089, 36.14001], [140.34324, 36.1394], [140.35145, 36.13947], [140.35295, 36.14156], [140.35223, 36.14555], [140.3533, 36.1471], [140.35671, 36.14904], [140.36381, 36.14953], [140.36851, 36.14856], [140.38236, 36.13819], [140.38476, 36.13208], [140.38703, 36.12939], [140.38979, 36.12844], [140.39349, 36.12553], [140.39884, 36.11613], [140.398, 36.11557], [140.39974, 36.11437], [140.39695, 36.10837], [140.39651, 36.10522], [140.4013, 36.10207], [140.40108, 36.09737], [140.40198, 36.09454], [140.41225, 36.09013], [140.41549, 36.0876], [140.41703, 36.08299], [140.41675, 36.07847], [140.4175, 36.07431], [140.41846, 36.07129], [140.41954, 36.07062], [140.41891, 36.06954], [140.4203, 36.06877], [140.42131, 36.06561], [140.42271, 36.0651], [140.42471, 36.06191], [140.42758, 36.05972], [140.42773, 36.05872], [140.43323, 36.05514], [140.44205, 36.04435], [140.4439, 36.03964], [140.44582, 36.03718], [140.44837, 36.03561], [140.45389, 36.02996], [140.45177, 36.02907], [140.46211, 36.01179], [140.46512, 36.01301], [140.46615, 36.01169], [140.46891, 36.00323], [140.4719, 35.99695], [140.47274, 35.99413], [140.47244, 35.99166], [140.4747, 35.98593], [140.4776, 35.98465], [140.48163, 35.98396], [140.48504, 35.98452], [140.48957, 35.98306], [140.49654, 35.97921], [140.49983, 35.9755], [140.5011, 35.97275], [140.50101, 35.96945], [140.50303, 35.96474], [140.50183, 35.96195], [140.49945, 35.96167], [140.4981, 35.95699], [140.49051, 35.95289], [140.48335, 35.95752], [140.4752, 35.95898], [140.46977, 35.95834], [140.46949, 35.95943], [140.46544, 35.96185], [140.45932, 35.96312], [140.45174, 35.96639], [140.45066, 35.96611], [140.44653, 35.96945], [140.44473, 35.97185], [140.44467, 35.97393], [140.44712, 35.97518], [140.44778, 35.97495], [140.44735, 35.97391], [140.45013, 35.97409], [140.45046, 35.97509], [140.44866, 35.97684], [140.44181, 35.97795], [140.43791, 35.98009], [140.42003, 35.98512], [140.41932, 35.98541], [140.42013, 35.98566], [140.41667, 35.98662], [140.41228, 35.98946], [140.406, 35.99097], [140.3993, 35.98982], [140.39982, 35.98931], [140.39907, 35.98943], [140.39747, 35.98718], [140.39725, 35.9845], [140.39205, 35.98259], [140.38398, 35.98239], [140.3723, 35.98406], [140.37123, 35.98337], [140.36529, 35.98397], [140.36102, 35.98562], [140.3584, 35.98755], [140.35417, 35.98803], [140.35379, 35.98457], [140.35024, 35.97712], [140.35096, 35.97529], [140.3496, 35.97477], [140.34753, 35.97594], [140.34609, 35.97842], [140.34739, 35.98318], [140.3456, 35.98927], [140.34665, 35.99048], [140.35016, 35.9926], [140.36178, 35.99636], [140.36306, 35.99663], [140.36317, 35.99523], [140.36402, 35.99499], [140.36696, 35.99833], [140.37148, 36.00163], [140.37654, 36.00255], [140.37517, 36.00677], [140.37248, 36.01027], [140.36191, 36.01585], [140.35712, 36.02014], [140.35754, 36.02085], [140.35586, 36.02139], [140.35403, 36.02356], [140.35298, 36.02819], [140.3472, 36.03019], [140.34162, 36.02888], [140.33767, 36.02877], [140.33565, 36.02952], [140.32904, 36.02879], [140.32363, 36.02623], [140.31914, 36.0274], [140.31727, 36.02996], [140.31735, 36.03116], [140.31492, 36.03167], [140.30843, 36.03023], [140.30362, 36.02753], [140.29977, 36.02668], [140.29575, 36.02705], [140.29463, 36.02815], [140.28984, 36.02945], [140.28933, 36.02868], [140.28897, 36.0295], [140.28641, 36.03048], [140.28486, 36.03031], [140.28017, 36.03384], [140.27893, 36.03378], [140.279, 36.03437], [140.27184, 36.0353], [140.26602, 36.03411], [140.25978, 36.03452], [140.25793, 36.03512], [140.25768, 36.03659], [140.25291, 36.03755], [140.25128, 36.03883], [140.25089, 36.03824], [140.24748, 36.03913], [140.24387, 36.04089], [140.23646, 36.04185], [140.2331, 36.04303], [140.2285, 36.04599], [140.22244, 36.05572], [140.22077, 36.05994], [140.22231, 36.06149], [140.22252, 36.064], [140.21988, 36.06773], [140.22029, 36.07424], [140.21902, 36.07462], [140.21827, 36.08011], [140.21385, 36.07922], [140.21305, 36.07816], [140.20996, 36.07913], [140.20898, 36.07754], [140.20835, 36.07775], [140.20924, 36.08007], [140.21427, 36.08035], [140.21408, 36.08204], [140.21682, 36.08227], [140.21546, 36.08228], [140.21616, 36.08277], [140.21551, 36.08348], [140.21797, 36.08339], [140.21844, 36.08232], [140.21823, 36.08422], [140.22218, 36.08598], [140.22575, 36.08621], [140.23126, 36.08426], [140.23095, 36.08366], [140.23256, 36.08257], [140.23521, 36.083], [140.23758, 36.08166], [140.24077, 36.07292], [140.24066, 36.07135], [140.24202, 36.07014], [140.25033, 36.06805], [140.25684, 36.06788], [140.26381, 36.06881], [140.27523, 36.0668], [140.27619, 36.06729], [140.28434, 36.06479], [140.29302, 36.06028], [140.30019, 36.06487], [140.30243, 36.06742], [140.30587, 36.06897], [140.31434, 36.06706], [140.32621, 36.06199], [140.33199, 36.06048], [140.34744, 36.06304], [140.35513, 36.06312], [140.3643, 36.06121], [140.36703, 36.06164], [140.37122, 36.06484], [140.37365, 36.06847], [140.381, 36.07583], [140.38825, 36.08025], [140.39352, 36.0856], [140.39359, 36.08919], [140.3872, 36.09069], [140.38069, 36.09337], [140.375, 36.09766], [140.37556, 36.09896], [140.37432, 36.10015], [140.37783, 36.10036], [140.38262, 36.10226], [140.38262, 36.10353], [140.37151, 36.1089], [140.36403, 36.11516], [140.35937, 36.11761], [140.35314, 36.11926], [140.35089, 36.12111], [140.34027, 36.12285], [140.33707, 36.12415], [140.33422, 36.12675], [140.33311, 36.12924], [140.33552, 36.13177], [140.33641, 36.13406], [140.3362, 36.13645], [140.32429, 36.14613], [140.3203, 36.14467], [140.30952, 36.14948], [140.30902, 36.15042], [140.30644, 36.15048], [140.30828, 36.15074], [140.30766, 36.15257], [140.30983, 36.15489]], [[140.30906, 36.15931], [140.30801, 36.15956], [140.30952, 36.15899], [140.30906, 36.15931]], [[140.31255, 36.15921], [140.31548, 36.15965], [140.31495, 36.16034], [140.31145, 36.15987], [140.31255, 36.15921]]]}, "properties": {"name": "霞ヶ浦"}}, {"type": "Feature", "geometry": {"type": "Polygon", "coordinates": [[[140.10864, 35.98287], [140.10895, 35.98419], [140.10798, 35.98449], [140.10802, 35.98682], [140.11104, 35.9865], [140.11294, 35.98418], [140.1136, 35.98071], [140.11505, 35.97857], [140.11527, 35.96557], [140.11927, 35.96006], [140.11969, 35.95801], [140.12172, 35.95688], [140.12612, 35.95706], [140.12786, 35.95364], [140.13632, 35.94786], [140.13535, 35.94178], [140.13259, 35.93649], [140.12995, 35.93927], [140.1238, 35.94136], [140.11863, 35.94551], [140.11954, 35.94654], [140.1231, 35.94739], [140.1235, 35.94833], [140.12213, 35.95093], [140.12071, 35.95018], [140.12064, 35.95111], [140.11935, 35.95095], [140.11855, 35.95237], [140.11755, 35.95229], [140.11779, 35.95288], [140.11853, 35.95259], [140.11629, 35.95616], [140.1162, 35.95901], [140.11204, 35.96576], [140.11257, 35.97687], [140.11132, 35.97704], [140.11298, 35.97702], [140.11296, 35.9785], [140.11163, 35.98001], [140.11238, 35.98068], [140.11121, 35.98229], [140.11085, 35.98125], [140.11042, 35.98185], [140.10946, 35.98149], [140.11058, 35.9823], [140.10864, 35.98287]], [[140.11809, 35.95736], [140.11805, 35.9565], [140.11891, 35.95635], [140.11809, 35.95736]], [[140.11802, 35.95492], [140.1176, 35.95436], [140.11886, 35.95466], [140.11802, 35.95492]], [[140.13156, 35.94234], [140.13267, 35.94105], [140.13376, 35.94124], [140.13295, 35.94227], [140.13084, 35.94273], [140.13156, 35.94234]]]}, "properties": {"name": "牛久沼"}}, {"type": "Feature", "geometry": {"type": "Polygon", "coordinates": [[[139.90937, 36.03312], [139.91302, 36.0288], [139.91537, 36.02333], [139.91539, 36.02469], [139.91665, 36.02439], [139.91722, 36.02231], [139.91559, 36.02313], [139.91605, 36.0219], [139.91295, 36.02859], [139.90852, 36.03361], [139.90937, 36.03312]], [[139.919, 36.01558], [139.92018, 36.01703], [139.91905, 36.01731], [139.91978, 36.01775], [139.92037, 36.01698], [139.91911, 36.01494], [139.91964, 36.00991], [139.92068, 36.00806], [139.92059, 36.00597], [139.92324, 36.00245], [139.92138, 36.00078], [139.9215, 36.0], [139.92316, 36.00033], [139.92376, 35.99943], [139.92213, 35.99664], [139.91908, 35.99493], [139.91991, 36.00033], [139.91777, 36.00496], [139.91835, 36.00728], [139.91935, 36.0073], [139.91938, 36.00643], [139.92046, 36.00794], [139.91939, 36.01072], [139.91862, 36.01024], [139.91881, 36.00944], [139.91669, 36.01034], [139.91672, 36.01195], [139.9177, 36.01233], [139.91811, 36.01396], [139.91699, 36.0143], [139.9172, 36.01932], [139.91624, 36.02148], [139.91844, 36.01888], [139.91742, 36.01914], [139.91711, 36.01438], [139.91797, 36.01439], [139.9179, 36.01571], [139.91804, 36.01453], [139.91883, 36.01442], [139.91867, 36.02236], [139.91624, 36.02952], [139.91045, 36.03461], [139.91579, 36.03044], [139.91695, 36.02853], [139.91893, 36.02163], [139.919, 36.01558]], [[139.91819, 36.0142], [139.9179, 36.01232], [139.91925, 36.01247], [139.91901, 36.01411], [139.91819, 36.0142]], [[139.91874, 36.0124], [139.91686, 36.0119], [139.91756, 36.01031], [139.91941, 36.01097], [139.91874, 36.0124]], [[139.92001, 36.00661], [139.91923, 36.00564], [139.92039, 36.00586], [139.92051, 36.00713], [139.92001, 36.00661]]]}, "properties": {"name": "菅生沼"}}, {"type": "Feature", "geometry": {"type": "Polygon", "coordinates": [[[140.45518, 36.68739], [140.45857, 36.68272], [140.45943, 36.68313], [140.45946, 36.68417], [140.46195, 36.68556], [140.46276, 36.68538], [140.46281, 36.68339], [140.46368, 36.683], [140.46534, 36.68435], [140.46747, 36.68401], [140.46567, 36.68394], [140.46432, 36.68247], [140.46234, 36.68312], [140.46285, 36.68457], [140.46177, 36.68524], [140.45995, 36.68394], [140.45958, 36.68271], [140.45821, 36.68251], [140.45451, 36.68765], [140.45518, 36.68739]]]}, "properties": {"name": "竜神湖"}}, {"type": "Feature", "geometry": {"type": "Polygon", "coordinates": [[[140.28124, 36.42541], [140.27897, 36.4242], [140.27673, 36.42796], [140.27394, 36.42693], [140.27376, 36.42538], [140.27225, 36.42515], [140.27182, 36.4242], [140.27082, 36.42488], [140.27445, 36.42767], [140.27376, 36.42878], [140.27503, 36.42788], [140.27681, 36.42934], [140.27965, 36.42611], [140.28068, 36.42689], [140.27936, 36.4293], [140.28072, 36.42839], [140.28168, 36.42986], [140.28116, 36.42726], [140.28302, 36.42903], [140.28225, 36.42783], [140.2847, 36.42899], [140.28173, 36.42713], [140.28194, 36.42649], [140.28083, 36.42614], [140.28124, 36.42541]]]}, "properties": {"name": "笠間湖"}}, {"type": "Feature", "geometry": {"type": "Polygon", "coordinates": [[[140.53189, 36.07248], [140.53599, 36.07181], [140.53781, 36.07356], [140.53804, 36.07478], [140.53612, 36.07948], [140.53833, 36.0861], [140.53598, 36.08693], [140.53247, 36.09038], [140.52203, 36.09448], [140.52596, 36.10026], [140.53027, 36.10281], [140.52376, 36.10604], [140.52435, 36.10991], [140.52821, 36.11374], [140.52553, 36.11708], [140.52126, 36.12027], [140.52067, 36.1219], [140.51743, 36.12269], [140.51975, 36.12281], [140.52025, 36.12603], [140.52245, 36.12833], [140.51949, 36.13041], [140.52048, 36.13341], [140.51734, 36.13948], [140.51369, 36.14247], [140.51405, 36.1429], [140.52621, 36.13366], [140.52878, 36.12707], [140.52834, 36.12486], [140.53206, 36.1227], [140.53207, 36.12136], [140.53038, 36.11911], [140.5339, 36.11735], [140.5342, 36.11303], [140.53102, 36.10943], [140.53413, 36.10831], [140.5372, 36.10176], [140.53974, 36.10211], [140.53734, 36.10146], [140.5377, 36.09914], [140.53364, 36.09485], [140.54056, 36.09324], [140.54121, 36.09143], [140.54402, 36.09238], [140.54116, 36.09116], [140.54285, 36.0856], [140.54116, 36.08281], [140.54261, 36.08008], [140.54916, 36.07538], [140.55096, 36.0721], [140.55439, 36.0714], [140.55673, 36.06987], [140.55755, 36.0663], [140.56088, 36.06228], [140.55932, 36.05825], [140.56834, 36.05436], [140.57101, 36.05067], [140.57124, 36.04807], [140.56959, 36.04337], [140.5753, 36.03897], [140.57584, 36.03728], [140.57517, 36.03448], [140.57204, 36.03053], [140.57227, 36.02953], [140.57767, 36.02652], [140.57937, 36.02616], [140.58401, 36.0274], [140.58558, 36.02607], [140.58558, 36.02282], [140.58365, 36.02154], [140.58022, 36.02088], [140.57952, 36.01935], [140.57954, 36.01768], [140.58157, 36.01468], [140.58089, 36.01058], [140.59241, 36.00689], [140.59651, 36.00431], [140.59722, 36.00322], [140.59585, 35.99703], [140.59909, 35.99406], [140.5989, 35.9905], [140.6002, 35.98797], [140.60508, 35.98423], [140.6051, 35.98297], [140.5954, 35.96968], [140.60111, 35.97037], [140.60899, 35.9659], [140.61, 35.96377], [140.6095, 35.96225], [140.61366, 35.96066], [140.61495, 35.94992], [140.61157, 35.94817], [140.60964, 35.95208], [140.60306, 35.95784], [140.59801, 35.95975], [140.59411, 35.95986], [140.58781, 35.96173], [140.57857, 35.97695], [140.58003, 35.97873], [140.58518, 35.98049], [140.58866, 35.97975], [140.58909, 35.98042], [140.58831, 35.98142], [140.5815, 35.98423], [140.57771, 35.98839], [140.57359, 35.99064], [140.5677, 35.99626], [140.5598, 36.00202], [140.55, 36.00551], [140.54717, 36.00505], [140.54336, 36.00738], [140.53922, 36.01163], [140.53723, 36.01234], [140.53691, 36.01361], [140.53855, 36.01447], [140.54144, 36.01206], [140.54761, 36.01234], [140.55468, 36.01841], [140.55561, 36.01999], [140.55614, 36.02431], [140.56038, 36.02833], [140.56042, 36.02925], [140.55973, 36.03014], [140.55498, 36.03167], [140.55059, 36.0316], [140.54232, 36.03559], [140.53836, 36.03901], [140.53925, 36.03982], [140.54641, 36.03978], [140.55176, 36.03839], [140.55691, 36.04593], [140.55148, 36.04844], [140.54895, 36.05106], [140.54435, 36.05201], [140.54268, 36.05312], [140.54224, 36.05468], [140.54823, 36.05804], [140.54778, 36.06059], [140.53716, 36.06383], [140.53175, 36.0679], [140.52867, 36.06846], [140.52882, 36.07222], [140.53189, 36.07248]]]}, "properties": {"name": "北浦"}}, {"type": "Feature", "geometry": {"type": "Polygon", "coordinates": [[[140.592, 35.93106], [140.59626, 35.92798], [140.60655, 35.924], [140.60896, 35.92388], [140.61185, 35.92492], [140.61314, 35.9224], [140.6117, 35.91989], [140.6131, 35.91192], [140.61248, 35.90848], [140.61027, 35.90559], [140.60989, 35.90046], [140.60473, 35.89849], [140.59651, 35.90236], [140.59844, 35.90313], [140.59376, 35.9037], [140.5894, 35.90545], [140.59035, 35.90719], [140.59297, 35.90906], [140.58984, 35.91453], [140.58555, 35.91931], [140.58854, 35.92225], [140.58813, 35.92328], [140.58899, 35.92634], [140.59055, 35.92809], [140.58919, 35.93023], [140.59019, 35.93134], [140.592, 35.93106]]]}, "properties": {"name": "外浪逆浦"}}, {"type": "Feature", "geometry": {"type": "Polygon", "coordinates": [[[140.53288, 36.30233], [140.53459, 36.29808], [140.53202, 36.28592], [140.53224, 36.27876], [140.53132, 36.27597], [140.52593, 36.27028], [140.52362, 36.27032], [140.52151, 36.26916], [140.51873, 36.26965], [140.5118, 36.26843], [140.49725, 36.26988], [140.49139, 36.26892], [140.48784, 36.26959], [140.48308, 36.27223], [140.48203, 36.26883], [140.48016, 36.26807], [140.47588, 36.26907], [140.47417, 36.26831], [140.46257, 36.26962], [140.46637, 36.27373], [140.46523, 36.27419], [140.47179, 36.2787], [140.47554, 36.2791], [140.47945, 36.2769], [140.48049, 36.28011], [140.48559, 36.28244], [140.48965, 36.2812], [140.49149, 36.28261], [140.49356, 36.28298], [140.5018, 36.28221], [140.5057, 36.28403], [140.50586, 36.28551], [140.50782, 36.28608], [140.5108, 36.28366], [140.51709, 36.28644], [140.52236, 36.2849], [140.52448, 36.28663], [140.52886, 36.29428], [140.52874, 36.29536], [140.53164, 36.29949], [140.53224, 36.30234], [140.53288, 36.30233]]]}, "properties": {"name": "涸沼"}}, {"type": "Feature", "geometry": {"type": "Polygon", "coordinates": [[[140.55148, 36.27023], [140.55215, 36.27032], [140.55085, 36.26972], [140.5513, 36.26876], [140.55324, 36.26906], [140.55229, 36.26816], [140.55392, 36.26629], [140.55186, 36.26772], [140.55109, 36.2675], [140.55146, 36.26696], [140.54966, 36.2673], [140.54792, 36.26313], [140.54801, 36.26499], [140.54923, 36.26627], [140.5479, 36.26778], [140.54951, 36.26871], [140.54893, 36.26983], [140.54939, 36.27083], [140.55101, 36.27096], [140.55148, 36.27023]]]}, "properties": {"name": "夏海湖"}}, {"type": "Feature", "geometry": {"type": "Polygon", "coordinates": [[[139.39811, 36.74517], [139.40123, 36.74411], [139.39838, 36.74002], [139.39757, 36.74137], [139.39588, 36.74139], [139.39544, 36.74232], [139.39647, 36.74289], [139.39563, 36.74361], [139.39624, 36.74378], [139.39629, 36.74523], [139.39811, 36.74517]]]}, "properties": {"name": "西ノ湖"}}, {"type": "Feature", "geometry": {"type": "Polygon", "coordinates": [[[139.42121, 36.74321], [139.42232, 36.74523], [139.4223, 36.74873], [139.42454, 36.74975], [139.42444, 36.75111], [139.42532, 36.75227], [139.4275, 36.75318], [139.42995, 36.75244], [139.43156, 36.75064], [139.43519, 36.75165], [139.43559, 36.75287], [139.43664, 36.75321], [139.43829, 36.75198], [139.44163, 36.75166], [139.44397, 36.7504], [139.44783, 36.75196], [139.45096, 36.75047], [139.4522, 36.75139], [139.45186, 36.75199], [139.45386, 36.75234], [139.45564, 36.75138], [139.45675, 36.75268], [139.46105, 36.75347], [139.46219, 36.75235], [139.46259, 36.74926], [139.46722, 36.74797], [139.47177, 36.74443], [139.47569, 36.74262], [139.48271, 36.74037], [139.48837, 36.7411], [139.49314, 36.73945], [139.49882, 36.73902], [139.49965, 36.73744], [139.50193, 36.73794], [139.49971, 36.73739], [139.49889, 36.73883], [139.49675, 36.73884], [139.49492, 36.73558], [139.49204, 36.73427], [139.49025, 36.73031], [139.48851, 36.73017], [139.48491, 36.72823], [139.48557, 36.72642], [139.48219, 36.72209], [139.47588, 36.72013], [139.47424, 36.72127], [139.47624, 36.72523], [139.47486, 36.72478], [139.47265, 36.72116], [139.47143, 36.72117], [139.47117, 36.72206], [139.47002, 36.72098], [139.46559, 36.72087], [139.46419, 36.72169], [139.4621, 36.72133], [139.46127, 36.72217], [139.46145, 36.72483], [139.46396, 36.72589], [139.46406, 36.72703], [139.46512, 36.72757], [139.46457, 36.7288], [139.46605, 36.72982], [139.46192, 36.73232], [139.46382, 36.73481], [139.4636, 36.73654], [139.46032, 36.73469], [139.45803, 36.73597], [139.45713, 36.73847], [139.45289, 36.73613], [139.452, 36.73434], [139.44903, 36.73406], [139.44834, 36.73438], [139.44811, 36.73675], [139.44343, 36.73533], [139.44224, 36.73585], [139.44236, 36.73757], [139.43874, 36.73733], [139.43753, 36.73916], [139.4319, 36.73636], [139.42934, 36.73747], [139.42735, 36.73966], [139.42528, 36.74016], [139.42128, 36.73955], [139.42045, 36.74103], [139.42121, 36.74321]]]}, "properties": {"name": "中禅寺湖"}}, {"type": "Feature", "geometry": {"type": "Polygon", "coordinates": [[[139.42532, 36.80053], [139.42678, 36.8015], [139.42891, 36.79758], [139.42837, 36.79636], [139.42445, 36.79698], [139.42368, 36.79836], [139.42202, 36.79917], [139.42214, 36.80095], [139.42029, 36.80188], [139.426, 36.80472], [139.42567, 36.8027], [139.42467, 36.80294], [139.42532, 36.80053]]]}, "properties": {"name": "湯ノ湖"}}, {"type": "Feature", "geometry": {"type": "Polygon", "coordinates": [[[139.42488, 36.81265], [139.42425, 36.81191], [139.42337, 36.81219], [139.42488, 36.81265]]]}, "properties": {"name": "蓼ノ湖"}}, {"type": "Feature", "geometry": {"type": "Polygon", "coordinates": [[[139.43847, 36.82341], [139.43904, 36.82388], [139.44069, 36.82319], [139.43894, 36.82259], [139.43219, 36.82351], [139.43147, 36.82438], [139.43317, 36.82563], [139.43689, 36.82323], [139.43847, 36.82341]]]}, "properties": {"name": "刈込湖（切込湖）"}}, {"type": "Feature", "geometry": {"type": "Polygon", "coordinates": [[[139.90601, 37.10719], [139.90352, 37.10428], [139.90341, 37.1031], [139.90406, 37.10233], [139.90677, 37.1028], [139.90344, 37.101], [139.90531, 37.09646], [139.90484, 37.09455], [139.90639, 37.0928], [139.90576, 37.09017], [139.90249, 37.08799], [139.90012, 37.09042], [139.89995, 37.09219], [139.90125, 37.09453], [139.89928, 37.09945], [139.90055, 37.10396], [139.90322, 37.10671], [139.90415, 37.1092], [139.90452, 37.11361], [139.90257, 37.11444], [139.90452, 37.11475], [139.90578, 37.11316], [139.90513, 37.11095], [139.90671, 37.10917], [139.90601, 37.10719]]]}, "properties": {"name": "深山湖"}}, {"type": "Feature", "geometry": {"type": "Polygon", "coordinates": [[[139.50441, 36.88358], [139.50504, 36.88502], [139.5042, 36.8865], [139.50616, 36.88792], [139.50373, 36.88998], [139.50741, 36.88914], [139.50828, 36.89143], [139.51183, 36.89278], [139.5116, 36.89421], [139.51241, 36.8932], [139.51359, 36.89387], [139.51327, 36.89442], [139.51531, 36.89416], [139.51884, 36.89598], [139.52021, 36.89747], [139.51891, 36.89907], [139.5209, 36.8993], [139.5228, 36.90111], [139.52157, 36.89877], [139.52032, 36.89858], [139.52131, 36.89776], [139.52065, 36.89511], [139.51705, 36.89263], [139.51061, 36.88985], [139.50809, 36.88376], [139.50874, 36.88224], [139.51612, 36.88022], [139.52012, 36.88145], [139.52087, 36.88048], [139.52216, 36.8806], [139.52393, 36.88181], [139.52104, 36.87957], [139.51994, 36.87766], [139.51842, 36.87798], [139.51827, 36.87944], [139.51677, 36.87773], [139.51118, 36.8762], [139.51003, 36.87667], [139.5103, 36.87575], [139.50958, 36.87543], [139.50879, 36.87654], [139.50822, 36.87592], [139.50622, 36.87736], [139.50532, 36.87535], [139.50355, 36.87547], [139.5022, 36.8735], [139.50353, 36.87652], [139.49895, 36.87615], [139.49421, 36.87698], [139.49357, 36.87606], [139.48975, 36.87594], [139.48895, 36.87483], [139.48334, 36.87427], [139.48116, 36.87505], [139.48103, 36.87688], [139.47949, 36.87877], [139.4798, 36.87938], [139.48046, 36.879], [139.48156, 36.87576], [139.48277, 36.87506], [139.48391, 36.87533], [139.48366, 36.87644], [139.48558, 36.87589], [139.48929, 36.87736], [139.49202, 36.8774], [139.49261, 36.87914], [139.49415, 36.8797], [139.49756, 36.87814], [139.49858, 36.8782], [139.49858, 36.87889], [139.49926, 36.87795], [139.50221, 36.87764], [139.5046, 36.88111], [139.5025, 36.88171], [139.50437, 36.88218], [139.50344, 36.88363], [139.50441, 36.88358]]]}, "properties": {"name": "川俣湖"}}, {"type": "Feature", "geometry": {"type": "Polygon", "coordinates": [[[139.68735, 36.93405], [139.6906, 36.93034], [139.69401, 36.92931], [139.69399, 36.93148], [139.6916, 36.93587], [139.69326, 36.94176], [139.69236, 36.94236], [139.69375, 36.9424], [139.69741, 36.94597], [139.69697, 36.94874], [139.69869, 36.94891], [139.70123, 36.9477], [139.70008, 36.94633], [139.70007, 36.94414], [139.70087, 36.94393], [139.69815, 36.94258], [139.6977, 36.94052], [139.69592, 36.93915], [139.69422, 36.93599], [139.69464, 36.93403], [139.69646, 36.93367], [139.69511, 36.93324], [139.69523, 36.93192], [139.6987, 36.92731], [139.69784, 36.92415], [139.695, 36.9222], [139.69008, 36.92219], [139.69259, 36.9203], [139.69537, 36.92001], [139.70013, 36.92204], [139.69756, 36.91993], [139.69753, 36.91813], [139.69871, 36.91725], [139.70248, 36.91699], [139.70453, 36.91494], [139.70494, 36.91165], [139.70336, 36.91026], [139.70491, 36.90574], [139.70734, 36.90386], [139.70674, 36.90302], [139.70435, 36.90327], [139.70471, 36.90378], [139.70307, 36.90469], [139.70153, 36.91062], [139.70327, 36.91316], [139.7021, 36.91554], [139.69771, 36.91615], [139.69584, 36.91829], [139.68779, 36.92176], [139.68789, 36.92366], [139.6926, 36.92585], [139.69194, 36.92848], [139.68309, 36.93212], [139.67766, 36.9354], [139.67343, 36.93515], [139.67072, 36.93632], [139.67177, 36.9368], [139.67436, 36.93594], [139.67537, 36.93691], [139.67912, 36.93729], [139.68508, 36.93607], [139.68735, 36.93405]]]}, "properties": {"name": "五十里湖"}}, {"type": "Feature", "geometry": {"type": "Polygon", "coordinates": [[[139.6937, 36.89974], [139.69183, 36.89692], [139.68802, 36.89829], [139.68662, 36.89715], [139.68762, 36.9015], [139.68979, 36.9025], [139.68692, 36.90386], [139.68681, 36.90489], [139.68514, 36.90484], [139.68115, 36.90748], [139.68026, 36.91024], [139.67794, 36.91002], [139.67505, 36.90747], [139.67228, 36.90645], [139.67269, 36.90534], [139.67558, 36.90431], [139.6775, 36.90164], [139.67762, 36.89952], [139.67659, 36.897], [139.67383, 36.89581], [139.6744, 36.89426], [139.67368, 36.8934], [139.67123, 36.89244], [139.66364, 36.89299], [139.65904, 36.89218], [139.66245, 36.89364], [139.66924, 36.8931], [139.67189, 36.89365], [139.67178, 36.89689], [139.675, 36.89839], [139.67573, 36.89989], [139.67336, 36.90364], [139.67097, 36.90459], [139.66957, 36.9062], [139.67014, 36.90766], [139.66939, 36.90843], [139.67043, 36.90835], [139.67485, 36.91151], [139.67378, 36.91273], [139.67601, 36.91214], [139.67713, 36.91333], [139.67809, 36.91247], [139.68047, 36.91288], [139.68307, 36.91204], [139.68371, 36.91148], [139.68333, 36.90887], [139.6875, 36.90722], [139.68897, 36.90735], [139.68959, 36.90607], [139.69241, 36.90539], [139.69304, 36.90306], [139.69164, 36.90017], [139.6937, 36.89974]]]}, "properties": {"name": "八汐湖"}}, {"type": "Feature", "geometry": {"type": "Polygon", "coordinates": [[[139.78737, 36.82113], [139.78785, 36.81991], [139.78943, 36.82052], [139.78966, 36.81955], [139.79529, 36.8158], [139.79693, 36.81728], [139.79791, 36.81665], [139.80143, 36.81806], [139.8019, 36.82077], [139.80518, 36.8202], [139.80538, 36.8196], [139.80639, 36.82003], [139.80846, 36.81708], [139.80793, 36.8167], [139.80613, 36.81895], [139.80478, 36.81862], [139.80339, 36.81941], [139.80157, 36.81735], [139.80066, 36.8177], [139.79809, 36.81636], [139.79698, 36.81721], [139.79519, 36.81573], [139.78947, 36.8195], [139.78939, 36.82035], [139.78762, 36.81981], [139.78737, 36.82113]]]}, "properties": {"name": "東古屋湖"}}, {"type": "Feature", "geometry": {"type": "Polygon", "coordinates": [[[140.04963, 37.04474], [140.04993, 37.04396], [140.0479, 37.04236], [140.04836, 37.04161], [140.04644, 37.04155], [140.04668, 37.04334], [140.04818, 37.04414], [140.04764, 37.0458], [140.04892, 37.04586], [140.04963, 37.04474]]]}, "properties": {"name": "りんどう湖"}}, {"type": "Feature", "geometry": {"type": "Polygon", "coordinates": [[[140.10022, 37.0981], [140.09967, 37.09477], [140.09842, 37.0946], [140.09785, 37.09579], [140.0989, 37.09617], [140.09967, 37.09778], [140.09837, 37.09924], [140.10022, 37.0981]]]}, "properties": {"name": "千振湖"}}, {"type": "Feature", "geometry": {"type": "Polygon", "coordinates": [[[139.41101, 36.47851], [139.41401, 36.4808], [139.41521, 36.483], [139.41335, 36.48441], [139.41591, 36.48421], [139.41653, 36.48304], [139.41602, 36.48175], [139.41231, 36.47507], [139.41373, 36.47324], [139.41534, 36.47378], [139.41681, 36.47315], [139.41835, 36.47387], [139.41988, 36.47297], [139.41853, 36.47356], [139.41698, 36.47242], [139.41489, 36.47314], [139.41385, 36.47252], [139.41116, 36.47468], [139.40915, 36.47162], [139.4077, 36.47148], [139.40734, 36.47288], [139.41047, 36.47645], [139.41138, 36.47629], [139.41101, 36.47851]]]}, "properties": {"name": "梅田湖"}}, {"type": "Feature", "geometry": {"type": "Polygon", "coordinates": [[[139.19534, 36.65576], [139.19896, 36.65591], [139.19908, 36.6578], [139.19983, 36.65826], [139.19939, 36.65577], [139.19754, 36.65505], [139.19558, 36.65533], [139.19387, 36.65397], [139.18704, 36.65474], [139.18599, 36.65276], [139.18432, 36.65167], [139.18435, 36.64949], [139.1822, 36.6483], [139.18273, 36.64782], [139.18198, 36.646], [139.18053, 36.64577], [139.17791, 36.64695], [139.17714, 36.64605], [139.1757, 36.64179], [139.17658, 36.64104], [139.17533, 36.63937], [139.1766, 36.63772], [139.17388, 36.6391], [139.17515, 36.64086], [139.17356, 36.64245], [139.17552, 36.64338], [139.17585, 36.6461], [139.17858, 36.64787], [139.17851, 36.65004], [139.18182, 36.65313], [139.18166, 36.65423], [139.18368, 36.65349], [139.18408, 36.65442], [139.18566, 36.6544], [139.18592, 36.65539], [139.1914, 36.65549], [139.1938, 36.65466], [139.19534, 36.65576]]]}, "properties": {"name": "薗原湖"}}, {"type": "Feature", "geometry": {"type": "Polygon", "coordinates": [[[139.0615, 36.78337], [139.06302, 36.78325], [139.06162, 36.78239], [139.06309, 36.78194], [139.06305, 36.77974], [139.06465, 36.77796], [139.06321, 36.77572], [139.06577, 36.77502], [139.05982, 36.77572], [139.05954, 36.77496], [139.05899, 36.77647], [139.0572, 36.77688], [139.05729, 36.77901], [139.0587, 36.77888], [139.05697, 36.78083], [139.05791, 36.78322], [139.05948, 36.7827], [139.0599, 36.78351], [139.06045, 36.78281], [139.0615, 36.78337]]]}, "properties": {"name": "玉原湖"}}, {"type": "Feature", "geometry": {"type": "Polygon", "coordinates": [[[139.03756, 36.21019], [139.03548, 36.21102], [139.03564, 36.21162], [139.0341, 36.21273], [139.03672, 36.21447], [139.03849, 36.21375], [139.03684, 36.21212], [139.03753, 36.21079], [139.03823, 36.21099], [139.03756, 36.21019]]]}, "properties": {"name": "鮎川湖"}}, {"type": "Feature", "geometry": {"type": "Polygon", "coordinates": [[[138.87182, 36.48214], [138.87278, 36.48115], [138.87043, 36.47593], [138.87022, 36.4734], [138.8729, 36.47158], [138.87354, 36.47017], [138.87256, 36.46869], [138.87126, 36.46814], [138.86707, 36.4689], [138.86125, 36.47124], [138.86046, 36.47351], [138.86184, 36.47614], [138.86213, 36.47873], [138.86575, 36.48149], [138.87182, 36.48214]]]}, "properties": {"name": "榛名湖"}}, {"type": "Feature", "geometry": {"type": "Polygon", "coordinates": [[[139.37417, 36.55038], [139.37352, 36.55032], [139.37271, 36.55197], [139.37366, 36.55241], [139.37347, 36.55405], [139.37438, 36.5545], [139.3736, 36.55587], [139.37528, 36.55581], [139.37621, 36.55716], [139.37551, 36.56062], [139.3766, 36.56117], [139.37623, 36.56246], [139.37792, 36.56514], [139.37755, 36.5656], [139.37966, 36.56686], [139.37904, 36.57104], [139.37966, 36.57258], [139.38238, 36.57403], [139.38709, 36.57462], [139.38676, 36.57582], [139.38876, 36.57763], [139.39461, 36.57896], [139.39376, 36.57736], [139.39019, 36.57715], [139.38684, 36.57341], [139.38218, 36.57133], [139.38291, 36.56812], [139.38229, 36.56597], [139.38328, 36.56555], [139.38107, 36.56494], [139.38153, 36.56379], [139.38097, 36.56254], [139.38155, 36.56209], [139.38067, 36.56185], [139.37966, 36.55864], [139.3803, 36.55846], [139.38024, 36.55614], [139.38157, 36.55611], [139.38141, 36.55513], [139.3836, 36.55457], [139.38298, 36.55382], [139.38618, 36.55231], [139.37868, 36.55214], [139.37787, 36.55135], [139.37925, 36.54867], [139.37852, 36.54816], [139.37921, 36.54676], [139.37863, 36.54599], [139.37417, 36.54239], [139.37008, 36.54249], [139.36958, 36.54454], [139.37253, 36.54669], [139.37284, 36.54913], [139.37428, 36.5492], [139.37417, 36.55038]]]}, "properties": {"name": "草木湖"}}, {"type": "Feature", "geometry": {"type": "Polygon", "coordinates": [[[138.94792, 36.39105], [138.94517, 36.38845], [138.94159, 36.39169], [138.94459, 36.39079], [138.944, 36.39185], [138.9451, 36.39261], [138.94628, 36.39146], [138.94696, 36.39252], [138.94915, 36.39217], [138.94792, 36.39105]]]}, "properties": {"name": "鳴沢湖"}}, {"type": "Feature", "geometry": {"type": "Polygon", "coordinates": [[[138.99891, 36.12654], [139.00101, 36.12618], [139.00383, 36.12847], [139.00117, 36.1322], [139.00224, 36.13255], [139.00369, 36.13576], [139.00802, 36.13519], [139.00983, 36.13375], [139.01065, 36.13613], [139.01218, 36.13736], [139.01168, 36.13845], [139.01754, 36.13855], [139.01686, 36.13709], [139.01808, 36.13641], [139.01831, 36.13335], [139.02375, 36.13189], [139.02124, 36.12841], [139.01962, 36.12985], [139.01839, 36.12873], [139.01497, 36.13107], [139.01175, 36.12999], [139.00735, 36.13122], [139.00863, 36.12952], [139.00676, 36.12625], [139.00464, 36.12545], [139.0044, 36.12427], [139.00557, 36.12278], [139.00292, 36.124], [139.00084, 36.12347], [138.99715, 36.12447], [138.99421, 36.12346], [138.9931, 36.12192], [138.99073, 36.12219], [138.99124, 36.12517], [138.99295, 36.12603], [138.99206, 36.12707], [138.99222, 36.12844], [138.99287, 36.12753], [138.99891, 36.12654]]]}, "properties": {"name": "神流湖"}}, {"type": "Feature", "geometry": {"type": "Polygon", "coordinates": [[[138.74507, 36.31847], [138.74497, 36.31674], [138.74238, 36.31586], [138.73845, 36.31057], [138.73736, 36.31049], [138.74007, 36.31329], [138.74166, 36.31644], [138.74304, 36.31677], [138.74242, 36.31747], [138.7438, 36.31764], [138.74409, 36.31888], [138.74507, 36.31847]]]}, "properties": {"name": "妙義湖"}}, {"type": "Feature", "geometry": {"type": "Polygon", "coordinates": [[[138.70781, 36.3542], [138.70795, 36.35347], [138.70582, 36.35235], [138.70484, 36.35343], [138.70251, 36.3535], [138.70521, 36.35465], [138.70781, 36.3542]]]}, "properties": {"name": "碓氷湖"}}, {"type": "Feature", "geometry": {"type": "Polygon", "coordinates": [[[138.79445, 36.63268], [138.79225, 36.63142], [138.79439, 36.62949], [138.79338, 36.62912], [138.79428, 36.62747], [138.79389, 36.62621], [138.79632, 36.62235], [138.79562, 36.62157], [138.79428, 36.62254], [138.79464, 36.62353], [138.79341, 36.62609], [138.79384, 36.62716], [138.79317, 36.62984], [138.79194, 36.63116], [138.79252, 36.63264], [138.79445, 36.63268]]]}, "properties": {"name": "四万湖"}}, {"type": "Feature", "geometry": {"type": "Polygon", "coordinates": [[[138.60732, 36.46796], [138.60823, 36.46737], [138.60786, 36.46645], [138.60624, 36.46609], [138.60522, 36.46724], [138.60732, 36.46796]]]}, "properties": {"name": "照月湖"}}, {"type": "Feature", "geometry": {"type": "Polygon", "coordinates": [[[138.47449, 36.49654], [138.47597, 36.49592], [138.47546, 36.49435], [138.47627, 36.49349], [138.47501, 36.49282], [138.47611, 36.49095], [138.47612, 36.48881], [138.47363, 36.48843], [138.47431, 36.48795], [138.47156, 36.48676], [138.46726, 36.48847], [138.46639, 36.49103], [138.46762, 36.49167], [138.46741, 36.49275], [138.46641, 36.49331], [138.46578, 36.49534], [138.46921, 36.49539], [138.4703, 36.49268], [138.47083, 36.49408], [138.47155, 36.49414], [138.47014, 36.49493], [138.4699, 36.49612], [138.47203, 36.49641], [138.47257, 36.49582], [138.47232, 36.4974], [138.47449, 36.49654]]]}, "properties": {"name": "田代湖"}}, {"type": "Feature", "geometry": {"type": "Polygon", "coordinates": [[[138.48196, 36.54432], [138.4778, 36.54302], [138.47648, 36.54468], [138.47784, 36.54581], [138.48196, 36.54432]]]}, "properties": {"name": "バラギ湖"}}, {"type": "Feature", "geometry": {"type": "Polygon", "coordinates": [[[138.64604, 36.71533], [138.64975, 36.71219], [138.65025, 36.71032], [138.64968, 36.70712], [138.65281, 36.70197], [138.65297, 36.69792], [138.65442, 36.69603], [138.65392, 36.69434], [138.65201, 36.69538], [138.65044, 36.69428], [138.64953, 36.69581], [138.64724, 36.69717], [138.64732, 36.69904], [138.64551, 36.70278], [138.64317, 36.7021], [138.64155, 36.70007], [138.63914, 36.70011], [138.63899, 36.70114], [138.6407, 36.70231], [138.64193, 36.70643], [138.63936, 36.70934], [138.64105, 36.71126], [138.64094, 36.71269], [138.64207, 36.71448], [138.63688, 36.71423], [138.6397, 36.71534], [138.64097, 36.71828], [138.64209, 36.7191], [138.64409, 36.7171], [138.6443, 36.71562], [138.64604, 36.71533]]]}, "properties": {"name": "野反湖"}}, {"type": "Feature", "geometry": {"type": "Polygon", "coordinates": [[[139.03676, 36.80484], [139.03874, 36.80605], [139.03931, 36.80817], [139.04845, 36.81331], [139.04946, 36.81917], [139.04832, 36.8207], [139.04397, 36.82117], [139.04287, 36.82359], [139.04398, 36.82451], [139.04317, 36.82649], [139.04345, 36.82891], [139.04975, 36.83292], [139.04995, 36.83426], [139.04903, 36.83546], [139.04967, 36.83614], [139.05071, 36.83341], [139.05042, 36.83216], [139.04433, 36.82878], [139.04403, 36.82702], [139.04472, 36.82556], [139.04694, 36.82519], [139.04553, 36.82408], [139.04452, 36.8244], [139.04422, 36.82344], [139.04488, 36.82255], [139.04875, 36.82198], [139.0513, 36.82015], [139.05194, 36.81705], [139.05091, 36.8139], [139.05126, 36.81136], [139.04937, 36.80983], [139.04943, 36.80891], [139.04781, 36.80946], [139.04498, 36.80795], [139.04517, 36.80648], [139.04327, 36.80748], [139.04152, 36.8073], [139.03946, 36.80295], [139.03706, 36.80334], [139.03676, 36.80484]]]}, "properties": {"name": "藤原湖"}}, {"type": "Feature", "geometry": {"type": "Polygon", "coordinates": [[[139.08053, 36.88488], [139.08173, 36.88515], [139.08112, 36.88677], [139.08243, 36.88753], [139.08016, 36.88868], [139.08088, 36.88936], [139.08335, 36.88921], [139.08432, 36.89082], [139.08393, 36.89145], [139.08545, 36.89152], [139.08611, 36.8928], [139.08521, 36.89366], [139.08515, 36.89583], [139.0863, 36.89598], [139.08562, 36.89492], [139.08751, 36.89389], [139.08892, 36.89412], [139.09006, 36.89548], [139.0902, 36.89327], [139.09259, 36.89236], [139.09495, 36.89263], [139.0973, 36.89492], [139.09868, 36.89528], [139.09853, 36.8988], [139.09956, 36.89748], [139.1006, 36.89755], [139.10214, 36.89946], [139.10315, 36.89995], [139.104, 36.89922], [139.10681, 36.9022], [139.10591, 36.90014], [139.10767, 36.89941], [139.10993, 36.90094], [139.11222, 36.90055], [139.10993, 36.90049], [139.10813, 36.89879], [139.10652, 36.89919], [139.10386, 36.89802], [139.10409, 36.8966], [139.10225, 36.89374], [139.09985, 36.89292], [139.09848, 36.89115], [139.10378, 36.8879], [139.10441, 36.88409], [139.09604, 36.88966], [139.09564, 36.88883], [139.09338, 36.89028], [139.09197, 36.88909], [139.09188, 36.89013], [139.09013, 36.88944], [139.08855, 36.89181], [139.08866, 36.8903], [139.08572, 36.88637], [139.08989, 36.88546], [139.08887, 36.88429], [139.09002, 36.88292], [139.08791, 36.88313], [139.08607, 36.88464], [139.08544, 36.88198], [139.08306, 36.88208], [139.08109, 36.88071], [139.07898, 36.88433], [139.08019, 36.88413], [139.08053, 36.88488]]]}, "properties": {"name": "ならまた湖"}}, {"type": "Feature", "geometry": {"type": "Polygon", "coordinates": [[[139.05249, 36.89065], [139.0531, 36.89245], [139.05614, 36.89412], [139.05403, 36.89906], [139.05537, 36.90222], [139.05707, 36.90405], [139.05515, 36.90753], [139.05652, 36.90888], [139.05674, 36.91075], [139.057, 36.9089], [139.0556, 36.90779], [139.0578, 36.90558], [139.05787, 36.90321], [139.056, 36.9001], [139.05757, 36.89416], [139.05699, 36.89268], [139.05414, 36.89058], [139.05446, 36.88931], [139.0569, 36.88802], [139.05779, 36.88636], [139.0595, 36.88628], [139.05737, 36.88538], [139.05694, 36.88385], [139.05811, 36.88175], [139.05801, 36.87784], [139.06194, 36.87697], [139.06106, 36.87674], [139.06085, 36.87432], [139.06174, 36.87391], [139.06108, 36.87361], [139.06155, 36.87238], [139.06095, 36.87134], [139.06416, 36.86797], [139.06785, 36.87034], [139.06888, 36.87486], [139.07354, 36.87451], [139.07508, 36.8769], [139.07786, 36.87811], [139.07668, 36.87623], [139.07554, 36.87653], [139.07471, 36.87566], [139.07435, 36.87405], [139.07063, 36.87321], [139.0689, 36.86846], [139.06631, 36.8676], [139.06516, 36.86807], [139.06504, 36.86698], [139.06396, 36.8668], [139.06117, 36.86779], [139.05881, 36.87224], [139.05912, 36.87389], [139.05829, 36.87475], [139.05904, 36.87486], [139.05907, 36.87599], [139.05613, 36.87745], [139.05332, 36.87688], [139.05614, 36.87827], [139.05629, 36.87944], [139.05466, 36.88332], [139.05515, 36.88666], [139.05325, 36.88856], [139.05249, 36.89065]]]}, "properties": {"name": "洞元湖"}}, {"type": "Feature", "geometry": {"type": "Polygon", "coordinates": [[[139.1037, 36.95983], [139.10529, 36.96314], [139.1057, 36.96617], [139.10466, 36.96911], [139.10498, 36.96809], [139.10631, 36.96752], [139.10607, 36.96366], [139.1049, 36.95931], [139.10352, 36.95937], [139.10364, 36.95846], [139.10164, 36.95769], [139.1017, 36.95522], [139.10236, 36.95467], [139.10058, 36.95479], [139.09896, 36.95392], [139.10188, 36.94892], [139.10105, 36.94722], [139.09669, 36.94388], [139.09792, 36.94277], [139.09805, 36.94122], [139.09526, 36.94318], [139.09074, 36.93942], [139.0909, 36.93802], [139.08956, 36.93906], [139.08635, 36.9381], [139.08318, 36.93501], [139.08286, 36.93574], [139.08132, 36.93409], [139.07835, 36.93326], [139.07746, 36.93103], [139.07834, 36.92934], [139.07759, 36.92969], [139.07692, 36.92821], [139.07648, 36.93326], [139.07555, 36.9341], [139.07318, 36.93423], [139.07212, 36.93284], [139.07189, 36.93402], [139.06982, 36.93414], [139.06764, 36.93294], [139.06853, 36.93194], [139.06752, 36.93177], [139.068, 36.93009], [139.06458, 36.92964], [139.06388, 36.92888], [139.06495, 36.9278], [139.06298, 36.92781], [139.06225, 36.92692], [139.06331, 36.92516], [139.06213, 36.92602], [139.06033, 36.92552], [139.06233, 36.9231], [139.06019, 36.92403], [139.06047, 36.91838], [139.06284, 36.9182], [139.06029, 36.91734], [139.06027, 36.9158], [139.06249, 36.91499], [139.06159, 36.91385], [139.06091, 36.91473], [139.05791, 36.91304], [139.05794, 36.91141], [139.05469, 36.91113], [139.05386, 36.91243], [139.05267, 36.91133], [139.05012, 36.91334], [139.05242, 36.9135], [139.05241, 36.91442], [139.04444, 36.91836], [139.04825, 36.91788], [139.04801, 36.91948], [139.04994, 36.91775], [139.05053, 36.91865], [139.0509, 36.91774], [139.05296, 36.91982], [139.05214, 36.91724], [139.0547, 36.91594], [139.05601, 36.91638], [139.0553, 36.91827], [139.05666, 36.92053], [139.05393, 36.92275], [139.05339, 36.92155], [139.052, 36.92179], [139.05312, 36.92392], [139.05179, 36.92424], [139.04991, 36.92344], [139.05061, 36.92531], [139.04765, 36.9254], [139.04944, 36.92624], [139.04718, 36.92661], [139.04759, 36.92697], [139.04656, 36.92798], [139.04308, 36.92912], [139.04298, 36.931], [139.04165, 36.93193], [139.04078, 36.9322], [139.03999, 36.93075], [139.03872, 36.93071], [139.03993, 36.9328], [139.03751, 36.93218], [139.03788, 36.93322], [139.03664, 36.93367], [139.03585, 36.93543], [139.03394, 36.93543], [139.03558, 36.93691], [139.03486, 36.93834], [139.03581, 36.93847], [139.03606, 36.94056], [139.03419, 36.94177], [139.02898, 36.94291], [139.02495, 36.94291], [139.02598, 36.94404], [139.02925, 36.94332], [139.03253, 36.94404], [139.03218, 36.94641], [139.02992, 36.94862], [139.03073, 36.95102], [139.0356, 36.9454], [139.03684, 36.94157], [139.03911, 36.94048], [139.03922, 36.93846], [139.04104, 36.9373], [139.04309, 36.93897], [139.04361, 36.9384], [139.04217, 36.936], [139.04523, 36.93788], [139.04246, 36.93487], [139.04283, 36.93319], [139.044, 36.93336], [139.04658, 36.93127], [139.0474, 36.93182], [139.04746, 36.9307], [139.04871, 36.93159], [139.04898, 36.93026], [139.05055, 36.92921], [139.05106, 36.93203], [139.05443, 36.93351], [139.05442, 36.93547], [139.05622, 36.93587], [139.05732, 36.93783], [139.06009, 36.93992], [139.0582, 36.93805], [139.05823, 36.93674], [139.05721, 36.93628], [139.05615, 36.93269], [139.05293, 36.93013], [139.05343, 36.9272], [139.0561, 36.92538], [139.05629, 36.92817], [139.05971, 36.9304], [139.05999, 36.9316], [139.06121, 36.93168], [139.06062, 36.93365], [139.06237, 36.93201], [139.06288, 36.93301], [139.06365, 36.93264], [139.0643, 36.93331], [139.06387, 36.93421], [139.06488, 36.93467], [139.06435, 36.93507], [139.06485, 36.93614], [139.06603, 36.93581], [139.06567, 36.93721], [139.06753, 36.93618], [139.06938, 36.93665], [139.06944, 36.93783], [139.07073, 36.93681], [139.07106, 36.93799], [139.07201, 36.93707], [139.07238, 36.93884], [139.07311, 36.93657], [139.07497, 36.93618], [139.07533, 36.93744], [139.07696, 36.93821], [139.07647, 36.93672], [139.07718, 36.93635], [139.0781, 36.93709], [139.07755, 36.93862], [139.08023, 36.93706], [139.08558, 36.93972], [139.08881, 36.94022], [139.09097, 36.94264], [139.0967, 36.9461], [139.09542, 36.94728], [139.09744, 36.94683], [139.09921, 36.94791], [139.09746, 36.95413], [139.10049, 36.95599], [139.10145, 36.95839], [139.1037, 36.95983]]]}, "properties": {"name": "奥利根湖"}}, {"type": "Feature", "geometry": {"type": "Polygon", "coordinates": [[[138.87787, 36.72343], [138.88305, 36.72437], [138.88454, 36.72275], [138.88607, 36.7239], [138.8876, 36.72178], [138.88874, 36.7219], [138.88983, 36.72346], [138.89012, 36.72718], [138.89251, 36.7289], [138.894, 36.72901], [138.89288, 36.72768], [138.89266, 36.7239], [138.89364, 36.72229], [138.89353, 36.71899], [138.89486, 36.71492], [138.89217, 36.71214], [138.89185, 36.71414], [138.88868, 36.71782], [138.88777, 36.72008], [138.88573, 36.72063], [138.8859, 36.72181], [138.88367, 36.72199], [138.88162, 36.72384], [138.87787, 36.72343]]]}, "properties": {"name": "赤谷湖"}}, {"type": "Feature", "geometry": {"type": "Polygon", "coordinates": [[[138.90245, 35.94018], [138.89247, 35.94039], [138.88514, 35.94212], [138.89251, 35.94122], [138.90238, 35.94176], [138.90617, 35.94041], [138.90915, 35.94212], [138.91064, 35.94132], [138.90716, 35.9389], [138.90673, 35.93735], [138.90731, 35.93669], [138.90643, 35.93442], [138.90897, 35.93356], [138.90938, 35.9321], [138.9085, 35.93344], [138.90637, 35.93303], [138.9047, 35.93472], [138.90579, 35.93599], [138.9052, 35.93927], [138.90245, 35.94018]]]}, "properties": {"name": "秩父湖"}}, {"type": "Feature", "geometry": {"type": "Polygon", "coordinates": [[[139.05744, 35.93599], [139.0565, 35.93616], [139.05583, 35.93875], [139.05415, 35.93869], [139.05591, 35.94211], [139.05481, 35.94327], [139.05456, 35.94515], [139.05301, 35.94506], [139.05295, 35.94615], [139.05044, 35.94654], [139.05123, 35.94689], [139.05119, 35.94938], [139.04997, 35.94933], [139.05081, 35.95009], [139.04989, 35.95057], [139.0496, 35.95254], [139.05064, 35.954], [139.05393, 35.95305], [139.0536, 35.95211], [139.0554, 35.94985], [139.0551, 35.94923], [139.05756, 35.94794], [139.05852, 35.94569], [139.05766, 35.94515], [139.05787, 35.94429], [139.06022, 35.94264], [139.05854, 35.94089], [139.05978, 35.93935], [139.05913, 35.93819], [139.06413, 35.93533], [139.06177, 35.93314], [139.06334, 35.93272], [139.06433, 35.93122], [139.06607, 35.93206], [139.06697, 35.9292], [139.06895, 35.92844], [139.06795, 35.92322], [139.06841, 35.92214], [139.07054, 35.92106], [139.0675, 35.92276], [139.06769, 35.92785], [139.0655, 35.92806], [139.06513, 35.92968], [139.06302, 35.92974], [139.0603, 35.93201], [139.05779, 35.92944], [139.05423, 35.92866], [139.05265, 35.92671], [139.05933, 35.93347], [139.05958, 35.93453], [139.05744, 35.93599]]]}, "properties": {"name": "秩父さくら湖"}}, {"type": "Feature", "geometry": {"type": "Polygon", "coordinates": [[[139.40839, 35.77999], [139.40733, 35.7805], [139.40739, 35.7812], [139.4082, 35.78068], [139.40823, 35.78212], [139.4089, 35.78079], [139.41066, 35.78033], [139.41062, 35.78224], [139.41171, 35.7818], [139.41259, 35.78223], [139.41261, 35.78324], [139.41336, 35.78254], [139.41388, 35.78334], [139.41512, 35.78307], [139.4157, 35.7808], [139.41489, 35.77525], [139.41315, 35.77411], [139.41386, 35.77376], [139.41414, 35.77099], [139.41354, 35.77044], [139.41267, 35.77106], [139.41209, 35.76913], [139.4113, 35.76952], [139.41193, 35.7724], [139.4103, 35.76953], [139.40988, 35.76982], [139.41046, 35.7728], [139.40978, 35.77441], [139.40742, 35.77438], [139.40816, 35.77297], [139.40761, 35.7701], [139.40722, 35.77095], [139.40602, 35.77066], [139.40688, 35.77251], [139.4061, 35.77404], [139.40476, 35.77453], [139.4045, 35.77338], [139.40389, 35.77404], [139.40288, 35.7731], [139.40293, 35.7701], [139.40277, 35.77193], [139.40188, 35.77265], [139.4007, 35.77153], [139.40073, 35.77047], [139.39984, 35.77162], [139.39807, 35.76989], [139.39762, 35.77088], [139.39585, 35.76949], [139.39626, 35.76792], [139.39497, 35.76803], [139.3945, 35.7691], [139.39209, 35.76791], [139.39331, 35.76928], [139.39183, 35.77017], [139.39331, 35.77113], [139.39489, 35.77085], [139.39558, 35.77144], [139.39523, 35.77211], [139.39627, 35.77173], [139.39746, 35.77284], [139.39641, 35.77339], [139.39904, 35.7738], [139.39898, 35.77476], [139.40012, 35.77442], [139.40226, 35.7767], [139.39937, 35.77811], [139.39763, 35.77661], [139.3983, 35.77824], [139.39722, 35.77848], [139.39551, 35.77808], [139.3948, 35.77661], [139.39486, 35.77837], [139.39363, 35.7793], [139.39015, 35.77947], [139.38897, 35.77871], [139.38814, 35.77981], [139.38906, 35.77921], [139.3917, 35.78056], [139.39514, 35.78056], [139.39546, 35.78125], [139.39813, 35.78061], [139.39931, 35.78121], [139.39999, 35.78044], [139.40053, 35.78112], [139.40061, 35.7801], [139.40189, 35.78051], [139.40195, 35.7797], [139.40332, 35.77946], [139.40386, 35.78115], [139.40432, 35.7791], [139.40545, 35.77878], [139.40604, 35.78034], [139.40685, 35.77884], [139.40917, 35.77954], [139.40839, 35.77999]]]}, "properties": {"name": "山口貯水池（狭山湖）"}}, {"type": "Feature", "geometry": {"type": "Polygon", "coordinates": [[[139.33072, 35.87555], [139.33179, 35.87445], [139.33077, 35.87292], [139.32953, 35.87326], [139.32601, 35.87174], [139.32724, 35.87322], [139.3261, 35.87414], [139.3278, 35.87404], [139.33072, 35.87555]]]}, "properties": {"name": "宮沢湖"}}, {"type": "Feature", "geometry": {"type": "Polygon", "coordinates": [[[139.17088, 35.87486], [139.17415, 35.87525], [139.17743, 35.87365], [139.17647, 35.87205], [139.17445, 35.87243], [139.17259, 35.87008], [139.17318, 35.87305], [139.17092, 35.8728], [139.1692, 35.87424], [139.16184, 35.87403], [139.15934, 35.8749], [139.16749, 35.87492], [139.16927, 35.8759], [139.17088, 35.87486]]]}, "properties": {"name": "名栗湖"}}, {"type": "Feature", "geometry": {"type": "Polygon", "coordinates": [[[139.29132, 35.91752], [139.29178, 35.91722], [139.29105, 35.91581], [139.29029, 35.91659], [139.29085, 35.91707], [139.28665, 35.91717], [139.29132, 35.91752]]]}, "properties": {"name": "鎌北湖"}}, {"type": "Feature", "geometry": {"type": "Polygon", "coordinates": [[[139.44041, 36.06006], [139.44021, 36.05933], [139.44173, 36.05871], [139.44063, 36.05703], [139.44041, 36.05832], [139.43896, 36.05798], [139.43915, 36.05905], [139.4381, 36.06024], [139.43954, 36.05947], [139.44041, 36.06006]]]}, "properties": {"name": "八丁湖"}}, {"type": "Feature", "geometry": {"type": "Polygon", "coordinates": [[[139.16951, 36.13207], [139.16838, 36.1318], [139.16772, 36.1295], [139.16996, 36.12803], [139.16868, 36.12792], [139.16569, 36.12955], [139.16775, 36.13113], [139.16821, 36.13634], [139.16818, 36.13314], [139.16951, 36.13207]]]}, "properties": {"name": "円良田湖"}}, {"type": "Feature", "geometry": {"type": "Polygon", "coordinates": [[[139.10902, 36.16256], [139.10953, 36.16222], [139.10747, 36.16015], [139.10783, 36.15885], [139.10681, 36.1572], [139.10691, 36.16025], [139.10902, 36.16256]]]}, "properties": {"name": "間瀬湖"}}, {"type": "Feature", "geometry": {"type": "Polygon", "coordinates": [[[140.29523, 35.39796], [140.29436, 35.3988], [140.29458, 35.40058], [140.29621, 35.40017], [140.29565, 35.39959], [140.29714, 35.39752], [140.29679, 35.39637], [140.29523, 35.39796]]]}, "properties": {"name": "八幡湖"}}, {"type": "Feature", "geometry": {"type": "Polygon", "coordinates": [[[140.20717, 35.77009], [140.21121, 35.76936], [140.21591, 35.76538], [140.22383, 35.76087], [140.22481, 35.75916], [140.22329, 35.75646], [140.22154, 35.75539], [140.21785, 35.75693], [140.21554, 35.75884], [140.2156, 35.76125], [140.21302, 35.76157], [140.21067, 35.76289], [140.20511, 35.76176], [140.20333, 35.76024], [140.19909, 35.7514], [140.19974, 35.75105], [140.19864, 35.7473], [140.20368, 35.74263], [140.20548, 35.74343], [140.2041, 35.74269], [140.20309, 35.74079], [140.20177, 35.74237], [140.19832, 35.74325], [140.19103, 35.74003], [140.18789, 35.74008], [140.18759, 35.73915], [140.1877, 35.74017], [140.17945, 35.74617], [140.18001, 35.74866], [140.17871, 35.74676], [140.16791, 35.74868], [140.15073, 35.75963], [140.14801, 35.76351], [140.14452, 35.76349], [140.1486, 35.76388], [140.15319, 35.75974], [140.16932, 35.74986], [140.17435, 35.74916], [140.18258, 35.74942], [140.18749, 35.75134], [140.19879, 35.762], [140.20487, 35.76927], [140.20717, 35.77009]], [[140.25811, 35.811], [140.2612, 35.80906], [140.26459, 35.80321], [140.2611, 35.79736], [140.25635, 35.79492], [140.25243, 35.79157], [140.25035, 35.79264], [140.24988, 35.79208], [140.25129, 35.79008], [140.25054, 35.78875], [140.25127, 35.78576], [140.25994, 35.78207], [140.26121, 35.78071], [140.26222, 35.77547], [140.26139, 35.77421], [140.26229, 35.77323], [140.26155, 35.772], [140.26267, 35.77026], [140.26007, 35.76953], [140.2576, 35.76993], [140.25743, 35.77076], [140.25868, 35.77114], [140.25838, 35.77187], [140.25752, 35.77173], [140.25848, 35.7763], [140.25661, 35.77641], [140.25565, 35.77769], [140.25474, 35.77743], [140.25528, 35.77825], [140.254, 35.77821], [140.25313, 35.77929], [140.25211, 35.77885], [140.25229, 35.77976], [140.25303, 35.77938], [140.25377, 35.78039], [140.25297, 35.77984], [140.25306, 35.78096], [140.25061, 35.78248], [140.25045, 35.78501], [140.24946, 35.785], [140.25052, 35.78549], [140.2494, 35.78586], [140.24849, 35.78914], [140.24818, 35.79177], [140.24973, 35.79327], [140.24818, 35.7947], [140.24188, 35.79759], [140.23192, 35.80122], [140.23832, 35.80562], [140.23695, 35.80559], [140.23766, 35.80651], [140.23841, 35.80596], [140.23927, 35.80683], [140.25811, 35.811]], [[140.25822, 35.77751], [140.25736, 35.77715], [140.25846, 35.77667], [140.25871, 35.77765], [140.25822, 35.77751]]]}, "properties": {"name": "印旛沼"}}, {"type": "Feature", "geometry": {"type": "Polygon", "coordinates": [[[140.35687, 35.56222], [140.35942, 35.56134], [140.3575, 35.5606], [140.35759, 35.56117], [140.35651, 35.56135], [140.35687, 35.56222]]]}, "properties": {"name": "八鶴湖"}}, {"type": "Feature", "geometry": {"type": "Polygon", "coordinates": [[[140.02101, 35.85873], [140.01521, 35.85857], [140.01094, 35.85997], [140.01005, 35.85916], [140.00589, 35.85844], [140.00393, 35.85947], [140.00454, 35.86077], [140.00278, 35.86133], [140.0001, 35.86404], [139.99619, 35.86563], [139.99297, 35.86571], [139.99462, 35.86577], [139.99477, 35.86647], [139.9925, 35.86657], [139.99228, 35.86752], [139.99297, 35.8689], [139.9939, 35.86896], [140.00899, 35.86498], [140.01461, 35.86535], [140.01463, 35.8643], [140.01701, 35.86316], [140.02191, 35.86309], [140.02597, 35.86129], [140.02658, 35.86196], [140.03095, 35.85915], [140.03597, 35.859], [140.038, 35.86128], [140.04166, 35.86172], [140.04653, 35.85976], [140.05099, 35.85593], [140.0594, 35.85545], [140.0592, 35.85475], [140.05987, 35.85539], [140.06211, 35.85523], [140.06547, 35.85036], [140.06234, 35.84966], [140.05816, 35.8471], [140.05486, 35.84617], [140.04918, 35.8521], [140.04243, 35.85725], [140.03926, 35.85726], [140.03345, 35.85407], [140.03109, 35.85366], [140.02996, 35.85396], [140.02579, 35.85876], [140.02101, 35.85873]]]}, "properties": {"name": "手賀沼"}}, {"type": "Feature", "geometry": {"type": "Polygon", "coordinates": [[[140.15665, 35.35843], [140.15607, 35.35662], [140.15661, 35.35593], [140.15975, 35.35468], [140.161, 35.35454], [140.16187, 35.35572], [140.16275, 35.35494], [140.16074, 35.35429], [140.16107, 35.35197], [140.15966, 35.35003], [140.16029, 35.34851], [140.15817, 35.3467], [140.15883, 35.34606], [140.15618, 35.34621], [140.15295, 35.34434], [140.15376, 35.34242], [140.15334, 35.34071], [140.15476, 35.34034], [140.1532, 35.34061], [140.15221, 35.33954], [140.15096, 35.34064], [140.15147, 35.34514], [140.14962, 35.34878], [140.15338, 35.34868], [140.15519, 35.35056], [140.15522, 35.35224], [140.15794, 35.3524], [140.15521, 35.35276], [140.1544, 35.35458], [140.15525, 35.35806], [140.15216, 35.35818], [140.14847, 35.35358], [140.14653, 35.35288], [140.14447, 35.35628], [140.14449, 35.3577], [140.14637, 35.35775], [140.14812, 35.35582], [140.15178, 35.35897], [140.15665, 35.35843]]]}, "properties": {"name": "高滝湖"}}, {"type": "Feature", "geometry": {"type": "Polygon", "coordinates": [[[140.20331, 35.47659], [140.20716, 35.4749], [140.20853, 35.47284], [140.20943, 35.47314], [140.20903, 35.47214], [140.21109, 35.47011], [140.20863, 35.47066], [140.20721, 35.47325], [140.20532, 35.47441], [140.20235, 35.46956], [140.20472, 35.46776], [140.2072, 35.46821], [140.20971, 35.4667], [140.21096, 35.46729], [140.21014, 35.46634], [140.21052, 35.46582], [140.20932, 35.46619], [140.20918, 35.46443], [140.21022, 35.46437], [140.21084, 35.46229], [140.21502, 35.46091], [140.21001, 35.4625], [140.20833, 35.46466], [140.208, 35.46661], [140.20611, 35.46698], [140.20528, 35.46578], [140.20333, 35.4677], [140.20241, 35.46754], [140.20205, 35.465], [140.20462, 35.46382], [140.20304, 35.46394], [140.20371, 35.46162], [140.20561, 35.46149], [140.2051, 35.46125], [140.20581, 35.46055], [140.20383, 35.46094], [140.20345, 35.45956], [140.20308, 35.46106], [140.20164, 35.46064], [140.2028, 35.46153], [140.20187, 35.46407], [140.20023, 35.46398], [140.20133, 35.46477], [140.20067, 35.46591], [140.20167, 35.46732], [140.20084, 35.46809], [140.20138, 35.46935], [140.20086, 35.47041], [140.20166, 35.47094], [140.20092, 35.47625], [140.20331, 35.47659]]]}, "properties": {"name": "市津湖"}}, {"type": "Feature", "geometry": {"type": "Polygon", "coordinates": [[[140.021, 35.19475], [140.01864, 35.19444], [140.02211, 35.19403], [140.02265, 35.18844], [140.02093, 35.18866], [140.01982, 35.19195], [140.01581, 35.1919], [140.01792, 35.19022], [140.01704, 35.1893], [140.01526, 35.18969], [140.01696, 35.19034], [140.01507, 35.19173], [140.01681, 35.19268], [140.0172, 35.19436], [140.02214, 35.19686], [140.02246, 35.19631], [140.021, 35.19475]], [[140.01771, 35.1923], [140.02, 35.19213], [140.02149, 35.19038], [140.02087, 35.19237], [140.02137, 35.19338], [140.01694, 35.19267], [140.01771, 35.1923]]]}, "properties": {"name": "豊英湖"}}, {"type": "Feature", "geometry": {"type": "Polygon", "coordinates": [[[140.03026, 35.21425], [140.03057, 35.21085], [140.03254, 35.21093], [140.03304, 35.20966], [140.03307, 35.2114], [140.03396, 35.21227], [140.03168, 35.21294], [140.03292, 35.21627], [140.02777, 35.21889], [140.0266, 35.22188], [140.02819, 35.2216], [140.02811, 35.22078], [140.0292, 35.22126], [140.02843, 35.21975], [140.03124, 35.21804], [140.03215, 35.21945], [140.03333, 35.21859], [140.03435, 35.21939], [140.03493, 35.21858], [140.03442, 35.21815], [140.03526, 35.21771], [140.03444, 35.21856], [140.03291, 35.21837], [140.03386, 35.21671], [140.03316, 35.21465], [140.0343, 35.21478], [140.03252, 35.21325], [140.03525, 35.21293], [140.03475, 35.21221], [140.03655, 35.21041], [140.03814, 35.21057], [140.03826, 35.20968], [140.03876, 35.2102], [140.03984, 35.20928], [140.03715, 35.20868], [140.03782, 35.20979], [140.03722, 35.21016], [140.0353, 35.20781], [140.03402, 35.20762], [140.03411, 35.20916], [140.03569, 35.21089], [140.0348, 35.2116], [140.0339, 35.20946], [140.03075, 35.2084], [140.02997, 35.21349], [140.02731, 35.21485], [140.02709, 35.21702], [140.02917, 35.21658], [140.03026, 35.21425]], [[140.0297, 35.21479], [140.02852, 35.21664], [140.02735, 35.21678], [140.02794, 35.21499], [140.0297, 35.21479]]]}, "properties": {"name": "三島湖"}}, {"type": "Feature", "geometry": {"type": "Polygon", "coordinates": [[[140.09583, 35.22593], [140.09764, 35.22535], [140.0982, 35.22423], [140.09924, 35.22573], [140.09842, 35.22852], [140.09911, 35.22876], [140.10123, 35.22298], [140.10159, 35.22428], [140.10148, 35.22358], [140.10284, 35.22306], [140.10123, 35.22205], [140.09939, 35.22434], [140.09705, 35.22292], [140.09633, 35.22493], [140.09531, 35.22531], [140.09552, 35.22732], [140.09388, 35.22866], [140.09314, 35.22856], [140.09308, 35.22686], [140.09272, 35.22836], [140.09064, 35.22651], [140.09096, 35.22728], [140.08999, 35.22814], [140.0912, 35.22959], [140.09004, 35.23001], [140.08893, 35.22942], [140.08928, 35.22877], [140.08801, 35.22847], [140.08771, 35.22774], [140.08841, 35.22759], [140.08763, 35.22729], [140.08686, 35.22406], [140.08544, 35.22292], [140.08385, 35.2232], [140.08258, 35.22198], [140.08117, 35.22329], [140.08064, 35.22222], [140.07897, 35.22173], [140.07682, 35.22323], [140.07444, 35.22186], [140.07327, 35.21872], [140.07314, 35.2197], [140.07159, 35.22006], [140.07232, 35.22165], [140.07439, 35.22276], [140.0739, 35.22321], [140.0756, 35.22327], [140.07617, 35.22464], [140.07752, 35.22443], [140.07842, 35.22276], [140.08077, 35.22395], [140.07924, 35.22561], [140.0802, 35.22667], [140.08325, 35.22761], [140.08473, 35.23], [140.08609, 35.22957], [140.08556, 35.22781], [140.0866, 35.22698], [140.0892, 35.23075], [140.09244, 35.22951], [140.09432, 35.22962], [140.09608, 35.22779], [140.09583, 35.22593]], [[140.08254, 35.22352], [140.08332, 35.22364], [140.08367, 35.22637], [140.08089, 35.22615], [140.08094, 35.22495], [140.08254, 35.22352]], [[140.07327, 35.22062], [140.07402, 35.22204], [140.07212, 35.22079], [140.07327, 35.22062]]]}, "properties": {"name": "亀山湖"}}, {"type": "Feature", "geometry": {"type": "Polygon", "coordinates": [[[140.36438, 35.3537], [140.3642, 35.35256], [140.36213, 35.35363], [140.36397, 35.3536], [140.36422, 35.35456], [140.36438, 35.3537]], [[140.36656, 35.35427], [140.36618, 35.35362], [140.3646, 35.35467], [140.36596, 35.35425], [140.36619, 35.3553], [140.36656, 35.35427]]]}, "properties": {"name": "洞庭湖"}}, {"type": "Feature", "geometry": {"type": "Polygon", "coordinates": [[[139.41264, 35.76729], [139.41209, 35.76577], [139.41332, 35.76557], [139.41399, 35.76653], [139.4145, 35.76525], [139.41543, 35.76659], [139.41579, 35.76501], [139.41703, 35.76535], [139.41613, 35.76113], [139.41594, 35.76223], [139.41457, 35.7626], [139.41475, 35.76071], [139.41321, 35.76125], [139.41295, 35.76299], [139.41214, 35.76302], [139.41163, 35.7619], [139.41121, 35.76249], [139.40971, 35.76191], [139.4111, 35.76311], [139.41008, 35.76365], [139.40903, 35.76304], [139.40911, 35.76379], [139.40764, 35.76374], [139.40688, 35.76255], [139.40665, 35.76402], [139.40421, 35.76364], [139.40741, 35.76458], [139.4062, 35.76587], [139.4016, 35.76519], [139.40609, 35.7674], [139.40806, 35.76623], [139.40871, 35.76753], [139.4088, 35.76586], [139.41017, 35.76542], [139.41126, 35.7662], [139.41056, 35.76752], [139.41264, 35.76729]], [[139.43988, 35.76695], [139.44068, 35.76602], [139.43905, 35.76047], [139.43789, 35.76122], [139.43647, 35.7606], [139.43599, 35.76186], [139.43502, 35.76125], [139.43427, 35.76205], [139.43376, 35.76084], [139.43233, 35.76224], [139.43252, 35.76089], [139.43158, 35.7607], [139.43058, 35.76114], [139.43104, 35.76219], [139.42866, 35.76222], [139.42822, 35.76079], [139.42904, 35.76003], [139.42786, 35.76021], [139.42661, 35.75869], [139.42562, 35.75865], [139.42689, 35.76217], [139.42507, 35.76237], [139.42449, 35.76132], [139.42295, 35.76218], [139.42255, 35.76064], [139.42153, 35.76172], [139.41965, 35.76138], [139.41905, 35.76019], [139.42018, 35.75946], [139.41993, 35.75888], [139.41811, 35.76], [139.41822, 35.7646], [139.41965, 35.76427], [139.42095, 35.76542], [139.42159, 35.76472], [139.42273, 35.76506], [139.42197, 35.76641], [139.42267, 35.76622], [139.42249, 35.76708], [139.42467, 35.76535], [139.42498, 35.76653], [139.426, 35.76552], [139.42878, 35.76532], [139.42896, 35.76687], [139.42979, 35.76596], [139.4307, 35.76654], [139.43086, 35.76557], [139.43246, 35.76613], [139.43312, 35.7656], [139.43365, 35.76714], [139.43445, 35.76603], [139.43546, 35.76705], [139.43812, 35.76739], [139.43866, 35.76902], [139.43988, 35.76695]]]}, "properties": {"name": "村山貯水池（多摩湖）"}}, {"type": "Feature", "geometry": {"type": "Polygon", "coordinates": [[[139.0227, 35.78064], [139.02352, 35.7803], [139.02529, 35.7817], [139.02633, 35.78137], [139.02851, 35.78237], [139.03088, 35.77947], [139.03035, 35.78344], [139.03248, 35.78145], [139.0341, 35.78531], [139.0344, 35.78208], [139.03944, 35.78402], [139.042, 35.78396], [139.04588, 35.7824], [139.04611, 35.78351], [139.04272, 35.78649], [139.04426, 35.78659], [139.04586, 35.78789], [139.04392, 35.78923], [139.04412, 35.79055], [139.04895, 35.79233], [139.05092, 35.79123], [139.04964, 35.78702], [139.05124, 35.78628], [139.05151, 35.78303], [139.05344, 35.78231], [139.0518, 35.78139], [139.05306, 35.77987], [139.05212, 35.77871], [139.0536, 35.77551], [139.04931, 35.78178], [139.0477, 35.77984], [139.04838, 35.77838], [139.04791, 35.77619], [139.05026, 35.77345], [139.05044, 35.7715], [139.04729, 35.77477], [139.04544, 35.77421], [139.0466, 35.77602], [139.04569, 35.77869], [139.04369, 35.77811], [139.04246, 35.77918], [139.03983, 35.7792], [139.03845, 35.77626], [139.03854, 35.77763], [139.03644, 35.77717], [139.03368, 35.7789], [139.03242, 35.77678], [139.02997, 35.7763], [139.02843, 35.77754], [139.02764, 35.77979], [139.0256, 35.77831], [139.02654, 35.77678], [139.02618, 35.77495], [139.02765, 35.77421], [139.02582, 35.77399], [139.02585, 35.77198], [139.02423, 35.77108], [139.02533, 35.76917], [139.02513, 35.76756], [139.02495, 35.76894], [139.02177, 35.77025], [139.02191, 35.7667], [139.02057, 35.77068], [139.02207, 35.77171], [139.01793, 35.77256], [139.01808, 35.77355], [139.01671, 35.77495], [139.01481, 35.77554], [139.01261, 35.77502], [139.00785, 35.7769], [139.00694, 35.77452], [139.00517, 35.77372], [139.00583, 35.77182], [139.00434, 35.77356], [139.00324, 35.77255], [138.9989, 35.77265], [138.99839, 35.77157], [139.00006, 35.76748], [138.99732, 35.76623], [138.99519, 35.76663], [138.99364, 35.76493], [138.99471, 35.76298], [138.99152, 35.76183], [138.99026, 35.76047], [138.98881, 35.76089], [138.99043, 35.76072], [138.99134, 35.76208], [138.99409, 35.76315], [138.99257, 35.76504], [138.99409, 35.76703], [138.99855, 35.76768], [138.99712, 35.77181], [138.9988, 35.77421], [138.99625, 35.77517], [138.9928, 35.77385], [138.98959, 35.77454], [138.98626, 35.77956], [138.984, 35.77772], [138.98047, 35.77804], [138.97771, 35.77924], [138.97852, 35.77972], [138.97634, 35.78202], [138.97613, 35.78345], [138.97067, 35.78246], [138.96985, 35.78352], [138.97167, 35.78276], [138.97624, 35.78391], [138.97688, 35.78209], [138.98123, 35.7788], [138.98412, 35.77928], [138.9866, 35.78092], [138.98626, 35.78204], [138.99105, 35.77592], [138.99245, 35.77646], [138.99181, 35.7755], [138.99834, 35.7776], [138.99925, 35.77608], [139.00205, 35.77445], [139.00279, 35.77643], [139.0035, 35.77607], [139.00477, 35.77722], [139.00449, 35.77842], [139.00777, 35.77895], [139.00826, 35.78002], [139.00859, 35.77902], [139.01784, 35.77685], [139.02155, 35.77461], [139.0219, 35.77837], [139.02088, 35.77865], [139.01974, 35.77697], [139.0178, 35.77775], [139.01786, 35.77937], [139.01516, 35.77844], [139.01363, 35.77915], [139.0132, 35.78193], [139.01444, 35.7825], [139.01468, 35.78397], [139.01243, 35.78712], [139.01392, 35.79038], [139.01341, 35.78677], [139.01404, 35.78592], [139.0151, 35.78607], [139.01552, 35.78394], [139.01453, 35.78135], [139.01562, 35.77996], [139.01831, 35.78055], [139.01938, 35.77827], [139.01994, 35.78042], [139.02253, 35.7814], [139.0227, 35.78064]]]}, "properties": {"name": "奥多摩湖"}}, {"type": "Feature", "geometry": {"type": "Polygon", "coordinates": [[[139.21146, 35.36], [139.21198, 35.35917], [139.20937, 35.36108], [139.21146, 35.36]]]}, "properties": {"name": "震生湖"}}, {"type": "Feature", "geometry": {"type": "Polygon", "coordinates": [[[139.04592, 35.42925], [139.04528, 35.43221], [139.04678, 35.42951], [139.04468, 35.4282], [139.04513, 35.42319], [139.04428, 35.42134], [139.04692, 35.41979], [139.04542, 35.41838], [139.0494, 35.41553], [139.0493, 35.41462], [139.05018, 35.41463], [139.04978, 35.41424], [139.0507, 35.41359], [139.0522, 35.41386], [139.05279, 35.41506], [139.05294, 35.4135], [139.05569, 35.41288], [139.06277, 35.41607], [139.06545, 35.41614], [139.06912, 35.42041], [139.06822, 35.41758], [139.07021, 35.41706], [139.06795, 35.41694], [139.06559, 35.41387], [139.06027, 35.41241], [139.05735, 35.41019], [139.0541, 35.40921], [139.05182, 35.41096], [139.04975, 35.41039], [139.04956, 35.41095], [139.04785, 35.41038], [139.04571, 35.41082], [139.04392, 35.41235], [139.04382, 35.41406], [139.04264, 35.41529], [139.04141, 35.41337], [139.04298, 35.41186], [139.0389, 35.4091], [139.03774, 35.40936], [139.03643, 35.41095], [139.03648, 35.41223], [139.03324, 35.4116], [139.03241, 35.41441], [139.03006, 35.4134], [139.02844, 35.4139], [139.02772, 35.41547], [139.02393, 35.4124], [139.022, 35.41241], [139.02026, 35.41074], [139.01816, 35.41177], [139.01615, 35.40879], [139.01518, 35.40823], [139.01392, 35.40881], [139.01658, 35.40984], [139.01749, 35.41215], [139.0199, 35.41196], [139.02014, 35.41298], [139.02178, 35.4138], [139.02163, 35.41465], [139.02336, 35.41445], [139.02377, 35.41638], [139.02494, 35.41625], [139.02538, 35.4177], [139.02799, 35.41754], [139.02955, 35.41574], [139.03376, 35.41659], [139.03493, 35.41423], [139.04017, 35.41513], [139.04061, 35.41763], [139.04284, 35.41749], [139.04636, 35.4143], [139.0456, 35.41675], [139.04333, 35.41792], [139.04404, 35.42011], [139.04256, 35.42115], [139.04366, 35.4231], [139.04295, 35.42484], [139.0433, 35.42657], [139.04528, 35.42932], [139.04592, 35.42925]], [[139.04184, 35.41247], [139.04084, 35.41241], [139.0415, 35.41193], [139.04184, 35.41247]]]}, "properties": {"name": "丹沢湖"}}, {"type": "Feature", "geometry": {"type": "Polygon", "coordinates": [[[138.98719, 35.23964], [138.98711, 35.23894], [138.99694, 35.23651], [138.99707, 35.23467], [138.99805, 35.23349], [138.9969, 35.22957], [138.99817, 35.22704], [138.99781, 35.22557], [138.99925, 35.22428], [138.99907, 35.22196], [139.00158, 35.22107], [139.00154, 35.21855], [139.00394, 35.21627], [139.00637, 35.21544], [139.00684, 35.21282], [139.01002, 35.21093], [139.01105, 35.209], [139.01653, 35.2075], [139.0174, 35.20564], [139.02297, 35.20318], [139.02599, 35.20279], [139.0285, 35.20413], [139.03022, 35.20336], [139.03041, 35.20086], [139.02844, 35.19633], [139.02774, 35.19607], [139.02784, 35.19765], [139.02682, 35.19906], [139.02312, 35.19565], [139.02588, 35.19388], [139.02635, 35.19175], [139.02412, 35.18967], [139.02134, 35.18901], [139.01944, 35.19255], [139.01684, 35.19201], [139.01432, 35.19282], [139.01268, 35.19187], [139.01335, 35.1905], [139.0124, 35.18947], [139.0096, 35.18963], [139.00849, 35.19086], [139.00771, 35.19458], [139.00675, 35.19528], [139.0074, 35.19717], [139.00463, 35.197], [139.00272, 35.19894], [139.00358, 35.20174], [138.99872, 35.20292], [138.99834, 35.20415], [138.99641, 35.20505], [138.99657, 35.21018], [138.99505, 35.21253], [138.99777, 35.2155], [138.99544, 35.21839], [138.99472, 35.22143], [138.99247, 35.22142], [138.98961, 35.22309], [138.98998, 35.22563], [138.99088, 35.22647], [138.9902, 35.22818], [138.99071, 35.22921], [138.98519, 35.22967], [138.98406, 35.23086], [138.98403, 35.23659], [138.98538, 35.2387], [138.98719, 35.23964]]]}, "properties": {"name": "芦ノ湖"}}, {"type": "Feature", "geometry": {"type": "Polygon", "coordinates": [[[139.22045, 35.5359], [139.22094, 35.53713], [139.22346, 35.53613], [139.22348, 35.53817], [139.22577, 35.53478], [139.22874, 35.53328], [139.22889, 35.53467], [139.23071, 35.53333], [139.23173, 35.53347], [139.23217, 35.53437], [139.23351, 35.5341], [139.23879, 35.53724], [139.23747, 35.53826], [139.23932, 35.53932], [139.23851, 35.54046], [139.24271, 35.54132], [139.24347, 35.54263], [139.24215, 35.54478], [139.24851, 35.54439], [139.24932, 35.54316], [139.24807, 35.54056], [139.24728, 35.54088], [139.24531, 35.53879], [139.24397, 35.53926], [139.2434, 35.53808], [139.24217, 35.53795], [139.24237, 35.53633], [139.24144, 35.53531], [139.24119, 35.53325], [139.2402, 35.5334], [139.23891, 35.53196], [139.23713, 35.53238], [139.23708, 35.5316], [139.23555, 35.5327], [139.23454, 35.53162], [139.23451, 35.52876], [139.23727, 35.52676], [139.2389, 35.52656], [139.2376, 35.52616], [139.23225, 35.52873], [139.2308, 35.52795], [139.23426, 35.52625], [139.23951, 35.52059], [139.24346, 35.52007], [139.24093, 35.51928], [139.24116, 35.51694], [139.2439, 35.51555], [139.24357, 35.51466], [139.24519, 35.51282], [139.24685, 35.51242], [139.24733, 35.51022], [139.24885, 35.50996], [139.25031, 35.50814], [139.24826, 35.50982], [139.24603, 35.51013], [139.24522, 35.50954], [139.24519, 35.5108], [139.24405, 35.51068], [139.24327, 35.51223], [139.24271, 35.51156], [139.24224, 35.51281], [139.24112, 35.51265], [139.24146, 35.51324], [139.23967, 35.51418], [139.23924, 35.51549], [139.23856, 35.51541], [139.23877, 35.51424], [139.23761, 35.51512], [139.23711, 35.5147], [139.23639, 35.51597], [139.23322, 35.51668], [139.23208, 35.51781], [139.23302, 35.5188], [139.23225, 35.51906], [139.23305, 35.52234], [139.23193, 35.52207], [139.23321, 35.52378], [139.23169, 35.52474], [139.22974, 35.52451], [139.23058, 35.52365], [139.2291, 35.52138], [139.22934, 35.51952], [139.22806, 35.51893], [139.22691, 35.51972], [139.22802, 35.5203], [139.22776, 35.52102], [139.22539, 35.52117], [139.22662, 35.52102], [139.22748, 35.52223], [139.22618, 35.52246], [139.22672, 35.52303], [139.22616, 35.5236], [139.22534, 35.52351], [139.22777, 35.52516], [139.22487, 35.52824], [139.22404, 35.52822], [139.2244, 35.52949], [139.22336, 35.52985], [139.22365, 35.53057], [139.22284, 35.53048], [139.22328, 35.53129], [139.22246, 35.53152], [139.22233, 35.53257], [139.22159, 35.53234], [139.22145, 35.53323], [139.22038, 35.53253], [139.21969, 35.533], [139.21886, 35.53201], [139.22223, 35.52849], [139.22136, 35.52823], [139.22222, 35.52754], [139.22098, 35.52654], [139.222, 35.52541], [139.22101, 35.52481], [139.21968, 35.52587], [139.21989, 35.52727], [139.21889, 35.52748], [139.21815, 35.529], [139.21575, 35.5276], [139.21555, 35.52534], [139.21483, 35.5273], [139.21294, 35.52764], [139.21167, 35.526], [139.21322, 35.52376], [139.21247, 35.52287], [139.21088, 35.52305], [139.21067, 35.52373], [139.21212, 35.52421], [139.20958, 35.52685], [139.21167, 35.52868], [139.21157, 35.52973], [139.21463, 35.52956], [139.21466, 35.53084], [139.21555, 35.53155], [139.21477, 35.53235], [139.21353, 35.53192], [139.21324, 35.53292], [139.21439, 35.53283], [139.21446, 35.5343], [139.21717, 35.53328], [139.21684, 35.53445], [139.21853, 35.53462], [139.21816, 35.53563], [139.22045, 35.5359]]]}, "properties": {"name": "宮ヶ瀬湖"}}, {"type": "Feature", "geometry": {"type": "Polygon", "coordinates": [[[139.23764, 35.60251], [139.23988, 35.60199], [139.24108, 35.5975], [139.24273, 35.60017], [139.24838, 35.59982], [139.24857, 35.5989], [139.255, 35.59499], [139.26064, 35.59294], [139.262, 35.5914], [139.26202, 35.58949], [139.26521, 35.58851], [139.26705, 35.58967], [139.26578, 35.59264], [139.26731, 35.59184], [139.26986, 35.59536], [139.27545, 35.59589], [139.27605, 35.59245], [139.27464, 35.58988], [139.28119, 35.5906], [139.2818, 35.59176], [139.28241, 35.59123], [139.28228, 35.58887], [139.28415, 35.58632], [139.28209, 35.58563], [139.2795, 35.58811], [139.27822, 35.58681], [139.27532, 35.58751], [139.27435, 35.5858], [139.27295, 35.58563], [139.27151, 35.58895], [139.27, 35.5891], [139.26846, 35.58835], [139.26885, 35.58741], [139.26774, 35.58607], [139.26624, 35.58629], [139.2652, 35.58479], [139.26248, 35.58478], [139.2618, 35.58409], [139.25888, 35.58602], [139.2589, 35.58934], [139.25588, 35.58927], [139.25454, 35.58997], [139.2535, 35.59318], [139.25076, 35.59256], [139.25323, 35.59397], [139.24946, 35.59757], [139.24658, 35.59899], [139.24411, 35.599], [139.24306, 35.59829], [139.24405, 35.59604], [139.2431, 35.5951], [139.23963, 35.59629], [139.23891, 35.60106], [139.23821, 35.60174], [139.23524, 35.60123], [139.2344, 35.59935], [139.2317, 35.59867], [139.23082, 35.59617], [139.22606, 35.59645], [139.23007, 35.59987], [139.22974, 35.60196], [139.23213, 35.60104], [139.23764, 35.60251]], [[139.22921, 35.59815], [139.22854, 35.59731], [139.22917, 35.59713], [139.22921, 35.59815]]]}, "properties": {"name": "津久井湖"}}, {"type": "Feature", "geometry": {"type": "Polygon", "coordinates": [[[139.27488, 35.60633], [139.26848, 35.60383], [139.26981, 35.60616], [139.26772, 35.60718], [139.2707, 35.60867], [139.27157, 35.60752], [139.27456, 35.60905], [139.27522, 35.60875], [139.27488, 35.60633]]]}, "properties": {"name": "城山湖"}}, {"type": "Feature", "geometry": {"type": "Polygon", "coordinates": [[[139.13339, 35.55053], [139.13183, 35.54897], [139.12892, 35.54852], [139.12759, 35.54927], [139.12682, 35.54752], [139.12422, 35.54803], [139.12484, 35.5488], [139.12684, 35.54806], [139.1262, 35.54903], [139.12728, 35.55008], [139.1289, 35.54918], [139.13339, 35.55053]]]}, "properties": {"name": "奥相模湖"}}, {"type": "Feature", "geometry": {"type": "Polygon", "coordinates": [[[139.17795, 35.60655], [139.17663, 35.6056], [139.17783, 35.60778], [139.18106, 35.60802], [139.18274, 35.60981], [139.17948, 35.61206], [139.1718, 35.61463], [139.17024, 35.61681], [139.17117, 35.61648], [139.17253, 35.61943], [139.17202, 35.61997], [139.17505, 35.61978], [139.17545, 35.62053], [139.17786, 35.61918], [139.18011, 35.6189], [139.18063, 35.61956], [139.18202, 35.61682], [139.1861, 35.61505], [139.18877, 35.61218], [139.19379, 35.61246], [139.19479, 35.61532], [139.19622, 35.61508], [139.19522, 35.61122], [139.19246, 35.61024], [139.19175, 35.60908], [139.1938, 35.60499], [139.19459, 35.60495], [139.19422, 35.6043], [139.19512, 35.60429], [139.19524, 35.60242], [139.19446, 35.60173], [139.19379, 35.60162], [139.19437, 35.60338], [139.19316, 35.6034], [139.19219, 35.60567], [139.19092, 35.60472], [139.19154, 35.60606], [139.19066, 35.60682], [139.18924, 35.60572], [139.18924, 35.60713], [139.18608, 35.60756], [139.18552, 35.60648], [139.18481, 35.60802], [139.18066, 35.60585], [139.1784, 35.60751], [139.17795, 35.60655]]]}, "properties": {"name": "相模湖"}}, {"type": "Feature", "geometry": {"type": "Polygon", "coordinates": [[[139.13679, 37.78245], [139.13592, 37.78282], [139.13831, 37.78244], [139.13679, 37.78245]]]}, "properties": {"name": "秋葉湖"}}, {"type": "Feature", "geometry": {"type": "Polygon", "coordinates": [[[139.06552, 37.89548], [139.06645, 37.8955], [139.0643, 37.89344], [139.06484, 37.89326], [139.06412, 37.89283], [139.0642, 37.89087], [139.06166, 37.88912], [139.05938, 37.88575], [139.0554, 37.88551], [139.05274, 37.88312], [139.04175, 37.88047], [139.03994, 37.88043], [139.04017, 37.88191], [139.038, 37.88349], [139.04008, 37.88376], [139.03911, 37.88517], [139.04154, 37.88345], [139.04324, 37.8842], [139.04546, 37.884], [139.0486, 37.88554], [139.04889, 37.8867], [139.05361, 37.89011], [139.05093, 37.8924], [139.0538, 37.89386], [139.06072, 37.89383], [139.06552, 37.89548]], [[139.0563, 37.89266], [139.05593, 37.89171], [139.05766, 37.89221], [139.0563, 37.89266]]]}, "properties": {"name": "鳥屋野潟"}}, {"type": "Feature", "geometry": {"type": "Polygon", "coordinates": [[[138.50773, 37.30332], [138.50894, 37.30128], [138.50699, 37.30408], [138.50622, 37.30391], [138.50701, 37.30449], [138.50485, 37.30644], [138.5039, 37.30921], [138.50322, 37.30894], [138.5035, 37.31023], [138.5046, 37.31093], [138.50574, 37.31039], [138.50546, 37.30885], [138.50773, 37.30332]]]}, "properties": {"name": "米山湖"}}, {"type": "Feature", "geometry": {"type": "Polygon", "coordinates": [[[139.42577, 37.84996], [139.42498, 37.84996], [139.42457, 37.85121], [139.42626, 37.85268], [139.42871, 37.85172], [139.42939, 37.85235], [139.42919, 37.85354], [139.43049, 37.85262], [139.43329, 37.8537], [139.43394, 37.85489], [139.43406, 37.85409], [139.43484, 37.85405], [139.43151, 37.85107], [139.43355, 37.84947], [139.43964, 37.84801], [139.44359, 37.84883], [139.44336, 37.8478], [139.4499, 37.84935], [139.4501, 37.84806], [139.44538, 37.84696], [139.44599, 37.84389], [139.44355, 37.84605], [139.43515, 37.84537], [139.43427, 37.84624], [139.43122, 37.8466], [139.42577, 37.84996]]]}, "properties": {"name": "内の倉湖"}}, {"type": "Feature", "geometry": {"type": "Polygon", "coordinates": [[[138.07025, 36.86753], [138.06993, 36.86605], [138.07146, 36.8654], [138.07419, 36.86183], [138.07448, 36.85925], [138.07529, 36.85872], [138.07502, 36.85639], [138.07309, 36.85645], [138.07109, 36.85789], [138.06626, 36.85893], [138.06463, 36.86028], [138.06121, 36.86154], [138.06046, 36.86104], [138.05775, 36.8625], [138.05919, 36.86327], [138.06348, 36.8626], [138.0674, 36.85934], [138.0719, 36.85862], [138.06895, 36.86037], [138.06718, 36.86487], [138.06437, 36.86814], [138.06412, 36.86941], [138.06539, 36.87052], [138.06666, 36.86958], [138.0665, 36.87023], [138.06913, 36.86767], [138.07025, 36.86753]]]}, "properties": {"name": "乙見湖"}}, {"type": "Feature", "geometry": {"type": "Polygon", "coordinates": [[[139.23971, 37.83727], [139.23663, 37.83685], [139.23502, 37.83915], [139.23795, 37.83994], [139.23935, 37.83785], [139.23903, 37.84018], [139.24136, 37.83714], [139.23971, 37.83727]]]}, "properties": {"name": "瓢湖"}}, {"type": "Feature", "geometry": {"type": "Polygon", "coordinates": [[[138.42355, 38.0806], [138.42401, 38.0822], [138.42632, 38.0818], [138.42677, 38.08239], [138.42528, 38.08541], [138.42886, 38.08584], [138.43131, 38.08417], [138.43219, 38.08252], [138.43396, 38.08208], [138.43431, 38.08064], [138.4337, 38.08019], [138.4346, 38.07909], [138.43693, 38.07844], [138.44099, 38.07376], [138.44188, 38.07403], [138.44104, 38.07104], [138.43769, 38.06718], [138.43966, 38.06484], [138.44292, 38.06289], [138.44743, 38.05695], [138.44685, 38.05279], [138.44389, 38.04948], [138.44377, 38.04622], [138.44159, 38.04615], [138.44092, 38.04473], [138.43875, 38.04708], [138.43752, 38.05133], [138.43808, 38.05313], [138.43998, 38.05406], [138.43854, 38.05593], [138.43228, 38.05609], [138.43102, 38.05356], [138.42986, 38.05336], [138.42795, 38.05387], [138.42955, 38.05554], [138.42887, 38.05669], [138.42153, 38.05922], [138.42258, 38.06029], [138.42632, 38.06026], [138.42747, 38.06109], [138.42899, 38.06051], [138.42767, 38.06243], [138.4307, 38.06235], [138.42922, 38.06478], [138.42979, 38.06608], [138.42727, 38.0675], [138.42568, 38.06737], [138.42397, 38.06476], [138.42117, 38.06334], [138.42441, 38.0681], [138.42258, 38.07155], [138.42239, 38.07413], [138.42356, 38.07614], [138.42352, 38.07792], [138.42494, 38.07874], [138.42546, 38.08033], [138.42355, 38.0806]]]}, "properties": {"name": "加茂湖"}}, {"type": "Feature", "geometry": {"type": "Polygon", "coordinates": [[[139.1073, 37.32048], [139.10766, 37.32191], [139.10862, 37.32242], [139.10831, 37.31926], [139.11069, 37.31963], [139.11628, 37.31615], [139.11453, 37.31404], [139.11482, 37.3122], [139.11474, 37.31356], [139.11383, 37.31398], [139.1152, 37.31584], [139.11386, 37.31616], [139.11276, 37.31758], [139.10413, 37.31873], [139.10558, 37.3147], [139.10492, 37.31338], [139.10789, 37.31185], [139.10736, 37.31114], [139.10834, 37.30897], [139.10738, 37.30668], [139.10851, 37.30608], [139.10735, 37.30615], [139.10719, 37.30528], [139.10843, 37.30445], [139.10554, 37.303], [139.10552, 37.30172], [139.10795, 37.30022], [139.10867, 37.29718], [139.11091, 37.29469], [139.11378, 37.29342], [139.11343, 37.29157], [139.11558, 37.28984], [139.11526, 37.28841], [139.11323, 37.28765], [139.11448, 37.28773], [139.11854, 37.28569], [139.12283, 37.28675], [139.12428, 37.28496], [139.12403, 37.28305], [139.12716, 37.2811], [139.12589, 37.27948], [139.12688, 37.28107], [139.12392, 37.28296], [139.12414, 37.2845], [139.1227, 37.28635], [139.11963, 37.28512], [139.1157, 37.28548], [139.11402, 37.28641], [139.11316, 37.28578], [139.11246, 37.28766], [139.11381, 37.28944], [139.11122, 37.28949], [139.11271, 37.29007], [139.11171, 37.29171], [139.11229, 37.29294], [139.11043, 37.29345], [139.10819, 37.29556], [139.10633, 37.29902], [139.10509, 37.29846], [139.10605, 37.29973], [139.10372, 37.30208], [139.1059, 37.30423], [139.10545, 37.30783], [139.10628, 37.30823], [139.10515, 37.3096], [139.10496, 37.31144], [139.10323, 37.3125], [139.10285, 37.31487], [139.1021, 37.31501], [139.10167, 37.31278], [139.10073, 37.31215], [139.10089, 37.31517], [139.10228, 37.31639], [139.10189, 37.31749], [139.10114, 37.31781], [139.10096, 37.31686], [139.0981, 37.31569], [139.0996, 37.31757], [139.0942, 37.31972], [139.09501, 37.32021], [139.09577, 37.31962], [139.09661, 37.32026], [139.09615, 37.32108], [139.09869, 37.32179], [139.09944, 37.3213], [139.09931, 37.32032], [139.10281, 37.32172], [139.10208, 37.32036], [139.10632, 37.31954], [139.10718, 37.31962], [139.1073, 37.32048]]]}, "properties": {"name": "黒又川第一ダム貯水池"}}, {"type": "Feature", "geometry": {"type": "Polygon", "coordinates": [[[139.10887, 37.2682], [139.11432, 37.26721], [139.11791, 37.26803], [139.11902, 37.26902], [139.11912, 37.27052], [139.11662, 37.27251], [139.11741, 37.27277], [139.11695, 37.27466], [139.11799, 37.27609], [139.11789, 37.27798], [139.12321, 37.27778], [139.12453, 37.28005], [139.12615, 37.27902], [139.12538, 37.27679], [139.12209, 37.27422], [139.12617, 37.27144], [139.13186, 37.27043], [139.12579, 37.27014], [139.12225, 37.27219], [139.12154, 37.27115], [139.12114, 37.2663], [139.12606, 37.26357], [139.12577, 37.26178], [139.12684, 37.26096], [139.126, 37.26032], [139.1272, 37.26023], [139.126, 37.25962], [139.12548, 37.25786], [139.12724, 37.25718], [139.12713, 37.25418], [139.12835, 37.25407], [139.1271, 37.25365], [139.12715, 37.25255], [139.12944, 37.25159], [139.12992, 37.25004], [139.13074, 37.24999], [139.13017, 37.24805], [139.13375, 37.24519], [139.13478, 37.2457], [139.13428, 37.24497], [139.1369, 37.2432], [139.13934, 37.24239], [139.13934, 37.24324], [139.14026, 37.24327], [139.13951, 37.2431], [139.14017, 37.241], [139.13915, 37.24069], [139.13941, 37.24176], [139.13849, 37.24222], [139.13479, 37.24351], [139.13089, 37.24367], [139.12803, 37.24533], [139.1278, 37.24803], [139.12663, 37.24991], [139.12454, 37.24919], [139.12364, 37.2475], [139.1212, 37.24794], [139.12347, 37.248], [139.12624, 37.25122], [139.12529, 37.25585], [139.12486, 37.25634], [139.12396, 37.2552], [139.12457, 37.25581], [139.12314, 37.25745], [139.12434, 37.25965], [139.12365, 37.26025], [139.12042, 37.25797], [139.11959, 37.25807], [139.12081, 37.25836], [139.12148, 37.25978], [139.11325, 37.25765], [139.12031, 37.2606], [139.12289, 37.26075], [139.12427, 37.26303], [139.11975, 37.26523], [139.11931, 37.26767], [139.11579, 37.26723], [139.11476, 37.26586], [139.11381, 37.26656], [139.11271, 37.26603], [139.1133, 37.26682], [139.10887, 37.2682]]]}, "properties": {"name": "黒又川第二ダム貯水池"}}, {"type": "Feature", "geometry": {"type": "Polygon", "coordinates": [[[139.19652, 37.50591], [139.19123, 37.50705], [139.19009, 37.5059], [139.18582, 37.50474], [139.18601, 37.50335], [139.18518, 37.50469], [139.17596, 37.50397], [139.17377, 37.50454], [139.17396, 37.50584], [139.17672, 37.5066], [139.18037, 37.50639], [139.18144, 37.5075], [139.18192, 37.50661], [139.18447, 37.50617], [139.18619, 37.50753], [139.18953, 37.50708], [139.19124, 37.50825], [139.19246, 37.50805], [139.19314, 37.50901], [139.19378, 37.5073], [139.19652, 37.50591]]]}, "properties": {"name": "笠堀湖"}}, {"type": "Feature", "geometry": {"type": "Polygon", "coordinates": [[[139.64115, 38.25475], [139.64149, 38.25582], [139.64043, 38.25801], [139.63846, 38.25947], [139.63855, 38.26053], [139.63876, 38.25948], [139.64049, 38.25912], [139.64118, 38.25998], [139.6412, 38.25897], [139.64707, 38.25728], [139.64649, 38.25982], [139.64913, 38.26073], [139.64917, 38.26142], [139.65211, 38.25931], [139.64966, 38.2587], [139.64903, 38.2577], [139.64891, 38.25557], [139.65064, 38.25442], [139.65, 38.25258], [139.64782, 38.25084], [139.64964, 38.24969], [139.6457, 38.25071], [139.64236, 38.2481], [139.6403, 38.2479], [139.64114, 38.24661], [139.64073, 38.24453], [139.6362, 38.24466], [139.63603, 38.24408], [139.63747, 38.24393], [139.63615, 38.24368], [139.63601, 38.24258], [139.63372, 38.24249], [139.63388, 38.24541], [139.63535, 38.24632], [139.639, 38.24598], [139.6375, 38.24726], [139.63815, 38.24887], [139.64139, 38.2496], [139.64115, 38.25475]], [[139.64552, 38.25294], [139.64444, 38.25145], [139.64782, 38.25218], [139.6483, 38.25425], [139.64552, 38.25294]], [[139.64334, 38.25612], [139.64267, 38.25086], [139.64748, 38.25521], [139.64274, 38.25708], [139.64334, 38.25612]]]}, "properties": {"name": "三面貯水池"}}, {"type": "Feature", "geometry": {"type": "Polygon", "coordinates": [[[139.73257, 38.26696], [139.73247, 38.26795], [139.72739, 38.27218], [139.72292, 38.27331], [139.72067, 38.27474], [139.71993, 38.27415], [139.71951, 38.27513], [139.71733, 38.27623], [139.71558, 38.27513], [139.71349, 38.27665], [139.7146, 38.2768], [139.71592, 38.27574], [139.71598, 38.27717], [139.71756, 38.27804], [139.71801, 38.27717], [139.71927, 38.277], [139.72081, 38.27915], [139.72494, 38.27979], [139.72297, 38.28167], [139.72698, 38.28765], [139.72567, 38.28896], [139.72317, 38.28939], [139.72312, 38.29039], [139.72418, 38.29126], [139.72846, 38.28864], [139.72851, 38.28743], [139.72568, 38.28491], [139.72468, 38.28233], [139.72454, 38.2811], [139.72604, 38.28004], [139.72534, 38.27793], [139.7238, 38.27712], [139.7208, 38.27788], [139.72073, 38.27702], [139.72981, 38.27155], [139.73606, 38.27226], [139.73432, 38.27119], [139.73457, 38.27026], [139.73247, 38.2712], [139.7313, 38.27084], [139.73406, 38.26816], [139.73521, 38.26498], [139.73392, 38.26672], [139.73257, 38.26696]], [[139.72455, 38.28977], [139.72478, 38.29096], [139.72362, 38.29081], [139.72342, 38.28994], [139.72455, 38.28977]]]}, "properties": {"name": "猿田貯水池"}}, {"type": "Feature", "geometry": {"type": "Polygon", "coordinates": [[[137.45818, 36.48847], [137.45962, 36.48909], [137.45541, 36.48496], [137.4529, 36.48462], [137.45323, 36.48377], [137.45139, 36.48337], [137.4511, 36.48237], [137.44879, 36.48239], [137.4499, 36.48109], [137.44793, 36.48094], [137.44743, 36.47776], [137.4456, 36.47726], [137.44647, 36.47529], [137.44321, 36.47524], [137.44232, 36.47396], [137.44273, 36.47078], [137.44531, 36.47198], [137.44416, 36.471], [137.44474, 36.46913], [137.44569, 36.46877], [137.44745, 36.46925], [137.44743, 36.47049], [137.44979, 36.47225], [137.45038, 36.47465], [137.45035, 36.47177], [137.45267, 36.47152], [137.44956, 36.46991], [137.44974, 36.46779], [137.44882, 36.46851], [137.44708, 36.46772], [137.45052, 36.46604], [137.44549, 36.46596], [137.44641, 36.46462], [137.44411, 36.46461], [137.44349, 36.46581], [137.44085, 36.46572], [137.4411, 36.46495], [137.44029, 36.46465], [137.44171, 36.46442], [137.44193, 36.46288], [137.44331, 36.46288], [137.44218, 36.46145], [137.44468, 36.46104], [137.44319, 36.46015], [137.44801, 36.45862], [137.44547, 36.45747], [137.4434, 36.45768], [137.44584, 36.45337], [137.44407, 36.45406], [137.44462, 36.45247], [137.44354, 36.45282], [137.44056, 36.45689], [137.43998, 36.45456], [137.44079, 36.45428], [137.44033, 36.45359], [137.44126, 36.45245], [137.43997, 36.45309], [137.43921, 36.45245], [137.4387, 36.45132], [137.43971, 36.45055], [137.43807, 36.45007], [137.43874, 36.44865], [137.43793, 36.44859], [137.4382, 36.44669], [137.43596, 36.44627], [137.43469, 36.44883], [137.43528, 36.44958], [137.4344, 36.44958], [137.4353, 36.4509], [137.43467, 36.45163], [137.43565, 36.45256], [137.43425, 36.45268], [137.43593, 36.4534], [137.43522, 36.45471], [137.43646, 36.45573], [137.43554, 36.45759], [137.43633, 36.4586], [137.43545, 36.46199], [137.4349, 36.46078], [137.43303, 36.46055], [137.43161, 36.45748], [137.43099, 36.45799], [137.42909, 36.45698], [137.42957, 36.45605], [137.42883, 36.45625], [137.42885, 36.45532], [137.42775, 36.45649], [137.42072, 36.4507], [137.42134, 36.4522], [137.42054, 36.45247], [137.42072, 36.45314], [137.42306, 36.45386], [137.42265, 36.45591], [137.42578, 36.45887], [137.424, 36.45865], [137.42721, 36.46007], [137.42814, 36.46336], [137.43146, 36.46643], [137.4314, 36.46831], [137.4332, 36.46868], [137.43309, 36.47059], [137.43471, 36.47202], [137.43414, 36.47279], [137.43689, 36.47415], [137.43657, 36.47537], [137.43747, 36.47657], [137.43674, 36.47681], [137.44055, 36.48087], [137.44057, 36.48213], [137.44205, 36.48257], [137.44603, 36.48651], [137.4443, 36.48781], [137.44751, 36.48817], [137.44939, 36.49018], [137.45124, 36.49071], [137.45222, 36.48917], [137.4535, 36.4897], [137.45521, 36.48752], [137.45818, 36.48847]], [[137.43035, 36.46306], [137.43192, 36.46356], [137.43324, 36.4656], [137.43101, 36.46475], [137.43035, 36.46306]]]}, "properties": {"name": "有峰湖"}}, {"type": "Feature", "geometry": {"type": "Polygon", "coordinates": [[[137.64883, 36.55218], [137.65004, 36.55398], [137.65195, 36.55484], [137.65202, 36.55566], [137.65546, 36.55473], [137.655, 36.55729], [137.65725, 36.55543], [137.65988, 36.55518], [137.65782, 36.55813], [137.65788, 36.56105], [137.65632, 36.56379], [137.65759, 36.56375], [137.65786, 36.56509], [137.66015, 36.56675], [137.66396, 36.56667], [137.66409, 36.56547], [137.66511, 36.56483], [137.66282, 36.56313], [137.66368, 36.56259], [137.66281, 36.56196], [137.66225, 36.55933], [137.665, 36.55679], [137.66257, 36.55695], [137.66377, 36.5549], [137.66342, 36.55372], [137.66437, 36.55286], [137.66195, 36.55212], [137.66097, 36.54996], [137.66282, 36.54878], [137.65949, 36.54752], [137.65833, 36.54613], [137.65859, 36.54489], [137.6546, 36.54352], [137.65513, 36.54177], [137.65324, 36.54242], [137.65362, 36.54103], [137.65089, 36.54195], [137.64914, 36.54035], [137.64742, 36.53695], [137.64791, 36.53623], [137.644, 36.53395], [137.64522, 36.53032], [137.64361, 36.52994], [137.64333, 36.52772], [137.64649, 36.52627], [137.64692, 36.52479], [137.64594, 36.52578], [137.64139, 36.52647], [137.63909, 36.52376], [137.63791, 36.51999], [137.63505, 36.51861], [137.63518, 36.51672], [137.63745, 36.51496], [137.63579, 36.51286], [137.63732, 36.51074], [137.63734, 36.5097], [137.63651, 36.50924], [137.63681, 36.51006], [137.63485, 36.51278], [137.63483, 36.51459], [137.63573, 36.51533], [137.63179, 36.51945], [137.63432, 36.52037], [137.63875, 36.52571], [137.63794, 36.52788], [137.63446, 36.52753], [137.63625, 36.52875], [137.63954, 36.52898], [137.63902, 36.53083], [137.64095, 36.53279], [137.63933, 36.53324], [137.63664, 36.53229], [137.63543, 36.53321], [137.63993, 36.53417], [137.64114, 36.53658], [137.64409, 36.53763], [137.64342, 36.53942], [137.64445, 36.53945], [137.6445, 36.54028], [137.64619, 36.54138], [137.64607, 36.54291], [137.65051, 36.54687], [137.65483, 36.54781], [137.65572, 36.5491], [137.65521, 36.55019], [137.65635, 36.55064], [137.65723, 36.5523], [137.65478, 36.55264], [137.65382, 36.55353], [137.64883, 36.55218]]]}, "properties": {"name": "黒部湖"}}, {"type": "Feature", "geometry": {"type": "Polygon", "coordinates": [[[136.8335, 36.35428], [136.83413, 36.35539], [136.83478, 36.35196], [136.83662, 36.35081], [136.8374, 36.3492], [136.83915, 36.34961], [136.84036, 36.34812], [136.83846, 36.34677], [136.8383, 36.3455], [136.83942, 36.34436], [136.83862, 36.34334], [136.84069, 36.341], [136.84123, 36.33852], [136.84243, 36.33771], [136.84205, 36.33687], [136.84327, 36.33328], [136.84216, 36.32928], [136.83585, 36.31932], [136.83554, 36.32036], [136.83628, 36.32026], [136.83732, 36.3225], [136.83651, 36.32464], [136.83898, 36.32741], [136.83866, 36.32933], [136.83987, 36.33226], [136.83786, 36.33865], [136.83643, 36.34042], [136.83591, 36.34511], [136.83667, 36.34634], [136.8358, 36.34884], [136.83444, 36.3449], [136.82985, 36.34341], [136.83213, 36.34507], [136.83304, 36.34926], [136.83494, 36.34981], [136.83336, 36.35163], [136.83379, 36.35255], [136.83299, 36.35296], [136.83418, 36.35387], [136.8335, 36.35428]]]}, "properties": {"name": "桂湖"}}, {"type": "Feature", "geometry": {"type": "Polygon", "coordinates": [[[136.80084, 36.46592], [136.80143, 36.4671], [136.80473, 36.468], [136.80636, 36.47042], [136.80772, 36.46966], [136.80726, 36.46448], [136.80351, 36.46491], [136.80395, 36.46278], [136.80267, 36.4621], [136.80276, 36.45914], [136.80138, 36.45794], [136.80299, 36.45707], [136.80026, 36.45581], [136.80062, 36.45296], [136.80222, 36.45305], [136.8036, 36.45212], [136.80138, 36.45194], [136.80165, 36.45033], [136.79996, 36.44802], [136.80054, 36.44636], [136.79827, 36.44593], [136.79986, 36.44228], [136.79766, 36.44063], [136.79976, 36.44238], [136.79855, 36.44341], [136.79816, 36.44528], [136.7966, 36.44533], [136.79758, 36.44563], [136.79771, 36.44666], [136.79907, 36.44666], [136.79854, 36.44873], [136.79932, 36.45043], [136.79857, 36.45135], [136.7993, 36.45134], [136.7983, 36.4525], [136.79822, 36.45586], [136.79924, 36.45904], [136.79872, 36.46101], [136.79677, 36.46029], [136.79833, 36.46214], [136.79771, 36.46366], [136.80011, 36.46333], [136.80084, 36.46592]]]}, "properties": {"name": "刀利ダム貯水池"}}, {"type": "Feature", "geometry": {"type": "Polygon", "coordinates": [[[136.6512, 36.66082], [136.65391, 36.65941], [136.65555, 36.65985], [136.69103, 36.65367], [136.69057, 36.65095], [136.68763, 36.65118], [136.68594, 36.64978], [136.68649, 36.64802], [136.67129, 36.64267], [136.67135, 36.63579], [136.6681, 36.63667], [136.66662, 36.63563], [136.66806, 36.63847], [136.66632, 36.63922], [136.66738, 36.64149], [136.66632, 36.64483], [136.6624, 36.64659], [136.65928, 36.64588], [136.6558, 36.64878], [136.65286, 36.64926], [136.65594, 36.65669], [136.65166, 36.65888], [136.64277, 36.66541], [136.64389, 36.66628], [136.6512, 36.66082]]]}, "properties": {"name": "河北潟"}}, {"type": "Feature", "geometry": {"type": "Polygon", "coordinates": [[[136.74751, 36.43077], [136.75088, 36.42738], [136.75191, 36.42474], [136.75308, 36.42469], [136.7523, 36.42425], [136.75131, 36.42105], [136.74928, 36.41886], [136.74794, 36.41947], [136.74417, 36.41721], [136.74607, 36.41593], [136.74584, 36.41438], [136.74858, 36.41098], [136.74559, 36.41428], [136.7459, 36.41564], [136.74369, 36.41667], [136.74364, 36.41756], [136.74117, 36.41726], [136.73922, 36.41804], [136.73733, 36.41659], [136.73923, 36.41814], [136.74137, 36.41748], [136.74494, 36.41797], [136.74677, 36.41906], [136.74761, 36.42097], [136.75136, 36.42271], [136.74974, 36.42633], [136.74619, 36.42988], [136.74621, 36.43051], [136.74751, 36.43077]]]}, "properties": {"name": "犀川湖"}}, {"type": "Feature", "geometry": {"type": "Polygon", "coordinates": [[[136.66724, 36.47185], [136.67036, 36.47335], [136.67127, 36.47287], [136.66842, 36.4698], [136.66862, 36.46795], [136.66761, 36.46741], [136.66805, 36.46611], [136.66714, 36.46531], [136.66806, 36.4641], [136.66705, 36.4647], [136.66592, 36.46398], [136.66413, 36.46009], [136.66494, 36.45843], [136.66779, 36.45789], [136.66898, 36.45468], [136.66874, 36.45222], [136.66882, 36.45477], [136.66756, 36.45743], [136.66399, 36.45736], [136.66403, 36.45905], [136.66234, 36.45961], [136.66438, 36.46135], [136.66406, 36.46224], [136.66566, 36.46504], [136.66559, 36.46627], [136.66641, 36.46625], [136.66507, 36.46804], [136.66717, 36.46882], [136.66629, 36.46983], [136.66684, 36.47038], [136.66606, 36.47044], [136.66753, 36.47091], [136.66724, 36.47185]]]}, "properties": {"name": "内川湖"}}, {"type": "Feature", "geometry": {"type": "Polygon", "coordinates": [[[136.57248, 36.28391], [136.56761, 36.28033], [136.56752, 36.28131], [136.56649, 36.28152], [136.56879, 36.28224], [136.57118, 36.28473], [136.56966, 36.28598], [136.56731, 36.28533], [136.56791, 36.28661], [136.5653, 36.28754], [136.56371, 36.28698], [136.56386, 36.28768], [136.5662, 36.28805], [136.56921, 36.28687], [136.57077, 36.28916], [136.57401, 36.28984], [136.57745, 36.28881], [136.57853, 36.28941], [136.58105, 36.28896], [136.57773, 36.28638], [136.57405, 36.28672], [136.577, 36.28459], [136.57763, 36.283], [136.57492, 36.28027], [136.57452, 36.28109], [136.57366, 36.28093], [136.57371, 36.27398], [136.57259, 36.27211], [136.57286, 36.27098], [136.56962, 36.26845], [136.56614, 36.26797], [136.56537, 36.26551], [136.56345, 36.26392], [136.5595, 36.26269], [136.55533, 36.26278], [136.55288, 36.26174], [136.55427, 36.26321], [136.55832, 36.26302], [136.5629, 36.26477], [136.56525, 36.26837], [136.56334, 36.27028], [136.56569, 36.26914], [136.56948, 36.27034], [136.56988, 36.27135], [136.56876, 36.27406], [136.57109, 36.2785], [136.57042, 36.28183], [136.57343, 36.28371], [136.57248, 36.28391]]]}, "properties": {"name": "大日湖"}}, {"type": "Feature", "geometry": {"type": "Polygon", "coordinates": [[[136.45106, 36.3761], [136.45268, 36.37383], [136.44964, 36.37002], [136.44747, 36.36548], [136.44793, 36.36483], [136.44464, 36.36062], [136.44377, 36.35799], [136.44314, 36.35824], [136.44173, 36.35651], [136.4395, 36.35654], [136.44064, 36.35975], [136.44029, 36.3618], [136.43881, 36.36324], [136.43953, 36.36538], [136.44192, 36.36888], [136.44301, 36.36847], [136.44407, 36.36915], [136.44704, 36.37344], [136.44714, 36.37526], [136.44857, 36.37625], [136.45106, 36.3761]]]}, "properties": {"name": "木場潟"}}, {"type": "Feature", "geometry": {"type": "Polygon", "coordinates": [[[136.2152, 36.25327], [136.21328, 36.25269], [136.21287, 36.25324], [136.21746, 36.25777], [136.22136, 36.26008], [136.22404, 36.25889], [136.22709, 36.2625], [136.23023, 36.26338], [136.23118, 36.26513], [136.23083, 36.26659], [136.2325, 36.26733], [136.23236, 36.26907], [136.23491, 36.2696], [136.23579, 36.27184], [136.24017, 36.27382], [136.24173, 36.27562], [136.24164, 36.27671], [136.24682, 36.27622], [136.24661, 36.27771], [136.25117, 36.28272], [136.24841, 36.28629], [136.2482, 36.29225], [136.2512, 36.29267], [136.25262, 36.29167], [136.25263, 36.29075], [136.24936, 36.28755], [136.25123, 36.28534], [136.25343, 36.28479], [136.2538, 36.28315], [136.25037, 36.27752], [136.24859, 36.27727], [136.24517, 36.2739], [136.24363, 36.26459], [136.24099, 36.26413], [136.23695, 36.26671], [136.23486, 36.26699], [136.23499, 36.26564], [136.23309, 36.26536], [136.2333, 36.26375], [136.23197, 36.26208], [136.22984, 36.26201], [136.23471, 36.2596], [136.23313, 36.25711], [136.23134, 36.25646], [136.23045, 36.25395], [136.22688, 36.25232], [136.22296, 36.25194], [136.22644, 36.2558], [136.22959, 36.25727], [136.22899, 36.25846], [136.22995, 36.25992], [136.22729, 36.26082], [136.22719, 36.25949], [136.22508, 36.2593], [136.22327, 36.25731], [136.2223, 36.25735], [136.2217, 36.25945], [136.22077, 36.2595], [136.21995, 36.25817], [136.21691, 36.2566], [136.2152, 36.25327]]]}, "properties": {"name": "北潟湖"}}, {"type": "Feature", "geometry": {"type": "Polygon", "coordinates": [[[136.36659, 36.3568], [136.36792, 36.35612], [136.36684, 36.35435], [136.36821, 36.35395], [136.36961, 36.35408], [136.36858, 36.3556], [136.37139, 36.3537], [136.37778, 36.35546], [136.37904, 36.35492], [136.38721, 36.34703], [136.38597, 36.34597], [136.38008, 36.34562], [136.37931, 36.34422], [136.37735, 36.34461], [136.36886, 36.34362], [136.36833, 36.34416], [136.36926, 36.3456], [136.36761, 36.347], [136.36634, 36.34625], [136.36554, 36.34663], [136.36283, 36.3514], [136.36368, 36.35421], [136.36227, 36.35537], [136.36147, 36.35441], [136.36302, 36.35686], [136.3642, 36.35605], [136.36659, 36.3568]], [[136.36657, 36.3559], [136.3658, 36.35584], [136.36675, 36.35542], [136.36657, 36.3559]]]}, "properties": {"name": "柴山潟"}}, {"type": "Feature", "geometry": {"type": "Polygon", "coordinates": [[[136.82502, 36.92923], [136.82591, 36.9287], [136.81305, 36.92268], [136.79796, 36.91619], [136.7967, 36.91657], [136.80046, 36.92037], [136.82122, 36.92861], [136.82502, 36.92923]]]}, "properties": {"name": "邑知潟"}}, {"type": "Feature", "geometry": {"type": "Polygon", "coordinates": [[[136.52567, 35.89587], [136.52756, 35.89762], [136.52751, 35.90021], [136.52992, 35.90195], [136.53299, 35.9028], [136.53347, 35.90393], [136.53156, 35.91071], [136.53206, 35.91121], [136.53074, 35.91264], [136.5313, 35.91389], [136.53009, 35.91504], [136.53497, 35.91481], [136.53602, 35.91401], [136.53984, 35.91655], [136.54105, 35.91872], [136.54287, 35.91745], [136.54197, 35.91641], [136.54334, 35.91502], [136.54498, 35.91471], [136.54322, 35.91442], [136.54093, 35.91529], [136.53889, 35.91325], [136.53907, 35.91248], [136.53801, 35.91291], [136.53674, 35.91184], [136.53316, 35.91276], [136.534, 35.90899], [136.53545, 35.90665], [136.53883, 35.9041], [136.54081, 35.90121], [136.53686, 35.90409], [136.53524, 35.9018], [136.53425, 35.90214], [136.52913, 35.89985], [136.5287, 35.89907], [136.52948, 35.89756], [136.52492, 35.89347], [136.52128, 35.89471], [136.5193, 35.89423], [136.51768, 35.89702], [136.51636, 35.89778], [136.51626, 35.89945], [136.51436, 35.89983], [136.51322, 35.89919], [136.51591, 35.90114], [136.51706, 35.89982], [136.51714, 35.89801], [136.51964, 35.89538], [136.52432, 35.89519], [136.52567, 35.89587]], [[136.51616, 35.89995], [136.51563, 35.90066], [136.51438, 35.90002], [136.51616, 35.89995]]]}, "properties": {"name": "麻那姫湖"}}, {"type": "Feature", "geometry": {"type": "Polygon", "coordinates": [[[136.54757, 35.84299], [136.54894, 35.8417], [136.55065, 35.84265], [136.55317, 35.84254], [136.55425, 35.84507], [136.55434, 35.84261], [136.55607, 35.84348], [136.55653, 35.84155], [136.55798, 35.84105], [136.5592, 35.83946], [136.55948, 35.83726], [136.56272, 35.83543], [136.57758, 35.83501], [136.57919, 35.83423], [136.58053, 35.83498], [136.58343, 35.83429], [136.58674, 35.83503], [136.58818, 35.83439], [136.58637, 35.83482], [136.58244, 35.83334], [136.57731, 35.83329], [136.57715, 35.83219], [136.57656, 35.83302], [136.57121, 35.83285], [136.5701, 35.83095], [136.57243, 35.82839], [136.5728, 35.82677], [136.56917, 35.82561], [136.56945, 35.82415], [136.56798, 35.82504], [136.56916, 35.82654], [136.5686, 35.82673], [136.57045, 35.82683], [136.57097, 35.82773], [136.56853, 35.83151], [136.56803, 35.83131], [136.56841, 35.83266], [136.56706, 35.83324], [136.56346, 35.83263], [136.56006, 35.83377], [136.55817, 35.83594], [136.55701, 35.83223], [136.55655, 35.83521], [136.55566, 35.83558], [136.55773, 35.83664], [136.5571, 35.8381], [136.55773, 35.83836], [136.55745, 35.83993], [136.55118, 35.84118], [136.55106, 35.83827], [136.54914, 35.83757], [136.54916, 35.83591], [136.55004, 35.83544], [136.54867, 35.8352], [136.54887, 35.83357], [136.54974, 35.8333], [136.5493, 35.83259], [136.5476, 35.83471], [136.54582, 35.83404], [136.54475, 35.83485], [136.54389, 35.83298], [136.54611, 35.83221], [136.54687, 35.83], [136.54842, 35.82947], [136.54615, 35.82938], [136.54559, 35.82795], [136.54725, 35.82768], [136.54814, 35.82628], [136.54644, 35.82498], [136.5474, 35.82458], [136.54627, 35.82353], [136.54416, 35.82282], [136.54382, 35.82152], [136.543, 35.82197], [136.54425, 35.82514], [136.54563, 35.82471], [136.54696, 35.82643], [136.54457, 35.82707], [136.5447, 35.83095], [136.54213, 35.83195], [136.54033, 35.83098], [136.54108, 35.82929], [136.53981, 35.82882], [136.53951, 35.83081], [136.53846, 35.83025], [136.53577, 35.83103], [136.53337, 35.83022], [136.53561, 35.83202], [136.54092, 35.83259], [136.54107, 35.83491], [136.54338, 35.83685], [136.54647, 35.83661], [136.54773, 35.83881], [136.54929, 35.83931], [136.54674, 35.84078], [136.54641, 35.84192], [136.54554, 35.84145], [136.54568, 35.84264], [136.54757, 35.84299]]]}, "properties": {"name": "笹生川貯水池"}}, {"type": "Feature", "geometry": {"type": "Polygon", "coordinates": [[[136.6861, 35.8898], [136.68932, 35.88833], [136.69085, 35.889], [136.69155, 35.88621], [136.68869, 35.88576], [136.68831, 35.88448], [136.68522, 35.88292], [136.68567, 35.88168], [136.68291, 35.88031], [136.68466, 35.8783], [136.6893, 35.87837], [136.69028, 35.87968], [136.69078, 35.87836], [136.69259, 35.87816], [136.69279, 35.87957], [136.69441, 35.87779], [136.6959, 35.87766], [136.69768, 35.87798], [136.69979, 35.88017], [136.69913, 35.87883], [136.69958, 35.87806], [136.70521, 35.87762], [136.70658, 35.87921], [136.70697, 35.87761], [136.71381, 35.87764], [136.71358, 35.88127], [136.71235, 35.88201], [136.71247, 35.88457], [136.71444, 35.88508], [136.71398, 35.88308], [136.71538, 35.8818], [136.71637, 35.8784], [136.71781, 35.87942], [136.72007, 35.87902], [136.72053, 35.87994], [136.72086, 35.87859], [136.72232, 35.87975], [136.72221, 35.87829], [136.72433, 35.87872], [136.72506, 35.87991], [136.72524, 35.87809], [136.72771, 35.87951], [136.72829, 35.87885], [136.73163, 35.87959], [136.72832, 35.87708], [136.72741, 35.8755], [136.72766, 35.87368], [136.73838, 35.87481], [136.74266, 35.87633], [136.74223, 35.8768], [136.74292, 35.87738], [136.74578, 35.87735], [136.74634, 35.87631], [136.75013, 35.87582], [136.75081, 35.87739], [136.75036, 35.87805], [136.75208, 35.87948], [136.75141, 35.87601], [136.75283, 35.87599], [136.75269, 35.87508], [136.75428, 35.87479], [136.75743, 35.87681], [136.7589, 35.87656], [136.75969, 35.87764], [136.7598, 35.87654], [136.76272, 35.87641], [136.76461, 35.88012], [136.76342, 35.88579], [136.76445, 35.88476], [136.76605, 35.87914], [136.77225, 35.87945], [136.77435, 35.87822], [136.77772, 35.87826], [136.77898, 35.87941], [136.77858, 35.87818], [136.78183, 35.87698], [136.77654, 35.87726], [136.77413, 35.87651], [136.76999, 35.87835], [136.76933, 35.87782], [136.76974, 35.8772], [136.76856, 35.87717], [136.76452, 35.87358], [136.75798, 35.8739], [136.75473, 35.87233], [136.75464, 35.86766], [136.75566, 35.86542], [136.75652, 35.86517], [136.75561, 35.86495], [136.75457, 35.86186], [136.75548, 35.85633], [136.75778, 35.85307], [136.76008, 35.85202], [136.7611, 35.85049], [136.75782, 35.85215], [136.75294, 35.85717], [136.75352, 35.85998], [136.75221, 35.86194], [136.75343, 35.87235], [136.74887, 35.874], [136.74433, 35.8731], [136.74414, 35.87178], [136.74293, 35.87234], [136.74232, 35.87094], [136.73878, 35.87096], [136.73797, 35.86679], [136.73947, 35.8655], [136.73967, 35.86387], [136.73635, 35.85973], [136.73295, 35.85766], [136.73284, 35.85596], [136.7328, 35.85764], [136.73779, 35.8618], [136.7381, 35.86437], [136.73626, 35.86741], [136.73709, 35.86861], [136.73702, 35.87083], [136.73375, 35.87143], [136.7306, 35.87055], [136.7289, 35.87145], [136.72705, 35.87074], [136.72669, 35.86964], [136.7279, 35.86761], [136.72711, 35.86751], [136.72701, 35.86579], [136.72629, 35.86809], [136.72486, 35.86841], [136.72549, 35.86923], [136.72364, 35.86935], [136.72525, 35.87058], [136.72257, 35.8723], [136.72246, 35.8736], [136.72065, 35.87337], [136.7201, 35.87246], [136.72159, 35.87226], [136.72179, 35.87157], [136.71974, 35.8701], [136.7199, 35.86893], [136.72096, 35.869], [136.7206, 35.86558], [136.72026, 35.86688], [136.71895, 35.86725], [136.71734, 35.86595], [136.7145, 35.86521], [136.71425, 35.86416], [136.71342, 35.86475], [136.71122, 35.86239], [136.71153, 35.86142], [136.70799, 35.86067], [136.70615, 35.8615], [136.70246, 35.85959], [136.70107, 35.85707], [136.70625, 35.85511], [136.69987, 35.85631], [136.69949, 35.85696], [136.69319, 35.85673], [136.69227, 35.856], [136.69246, 35.85723], [136.69084, 35.85765], [136.68733, 35.85464], [136.68207, 35.8558], [136.68059, 35.85689], [136.68735, 35.85664], [136.68716, 35.85785], [136.68809, 35.8572], [136.68943, 35.85941], [136.69719, 35.85903], [136.70001, 35.86039], [136.70178, 35.8623], [136.7034, 35.86244], [136.70342, 35.86353], [136.70534, 35.86285], [136.70851, 35.86366], [136.71235, 35.86698], [136.71236, 35.86785], [136.71384, 35.86698], [136.71493, 35.86835], [136.7164, 35.86859], [136.71632, 35.87371], [136.71028, 35.87131], [136.70976, 35.87205], [136.70862, 35.87141], [136.70784, 35.87204], [136.7073, 35.87146], [136.70597, 35.87226], [136.70496, 35.87184], [136.70454, 35.87315], [136.70302, 35.87267], [136.70162, 35.87382], [136.69971, 35.87387], [136.69855, 35.87285], [136.69788, 35.8741], [136.69656, 35.87419], [136.6962, 35.87326], [136.69533, 35.87451], [136.69234, 35.87427], [136.69146, 35.87254], [136.69212, 35.87142], [136.69114, 35.87172], [136.69051, 35.8707], [136.68901, 35.87034], [136.69006, 35.87377], [136.68791, 35.87401], [136.68721, 35.873], [136.68623, 35.87352], [136.68459, 35.87258], [136.6823, 35.87296], [136.68005, 35.87535], [136.67973, 35.87414], [136.67837, 35.87523], [136.67857, 35.87629], [136.67741, 35.87763], [136.67229, 35.87869], [136.6718, 35.87696], [136.67283, 35.87548], [136.6709, 35.87775], [136.66996, 35.87767], [136.6706, 35.87872], [136.66999, 35.87976], [136.6604, 35.88042], [136.65822, 35.88023], [136.65748, 35.87906], [136.65703, 35.88035], [136.65493, 35.88048], [136.66587, 35.88265], [136.66726, 35.88196], [136.66876, 35.88265], [136.66934, 35.88177], [136.67433, 35.88143], [136.67573, 35.88051], [136.67904, 35.88072], [136.68047, 35.88423], [136.68236, 35.88514], [136.68064, 35.88668], [136.68263, 35.88685], [136.68263, 35.88775], [136.685, 35.88758], [136.68448, 35.88955], [136.68555, 35.88913], [136.6861, 35.8898]]]}, "properties": {"name": "九頭竜湖"}}, {"type": "Feature", "geometry": {"type": "Polygon", "coordinates": [[[136.34998, 36.1505], [136.35302, 36.15003], [136.35617, 36.15116], [136.35925, 36.15097], [136.36135, 36.14884], [136.3574, 36.15044], [136.35247, 36.14865], [136.34856, 36.15005], [136.35039, 36.14505], [136.34996, 36.14397], [136.35143, 36.14371], [136.34991, 36.14336], [136.34768, 36.14766], [136.34632, 36.14806], [136.34593, 36.15157], [136.34726, 36.15241], [136.34786, 36.15093], [136.34998, 36.1505]]]}, "properties": {"name": "龍ヶ鼻湖"}}, {"type": "Feature", "geometry": {"type": "Polygon", "coordinates": [[[135.89143, 35.61191], [135.89125, 35.61111], [135.89477, 35.60817], [135.8954, 35.60463], [135.89263, 35.60253], [135.89321, 35.60047], [135.88703, 35.59996], [135.88632, 35.60078], [135.88703, 35.60317], [135.88575, 35.60422], [135.88576, 35.60764], [135.88441, 35.60916], [135.88461, 35.61004], [135.88986, 35.61219], [135.89097, 35.61132], [135.89143, 35.61191]]]}, "properties": {"name": "日向湖（三方五湖）"}}, {"type": "Feature", "geometry": {"type": "Polygon", "coordinates": [[[135.90741, 35.61617], [135.90618, 35.61486], [135.90799, 35.61084], [135.90955, 35.60959], [135.90931, 35.60638], [135.90984, 35.60548], [135.91168, 35.6055], [135.91072, 35.60433], [135.91034, 35.60106], [135.91297, 35.59949], [135.91119, 35.59295], [135.9101, 35.59269], [135.90941, 35.59461], [135.90721, 35.59458], [135.90596, 35.5957], [135.90628, 35.59434], [135.9055, 35.59284], [135.90335, 35.59199], [135.90054, 35.59354], [135.90011, 35.59629], [135.90328, 35.59753], [135.90553, 35.60079], [135.90637, 35.60375], [135.90496, 35.60644], [135.90296, 35.60805], [135.90189, 35.61214], [135.90741, 35.61617]]]}, "properties": {"name": "久々子湖（三方五湖）"}}, {"type": "Feature", "geometry": {"type": "Polygon", "coordinates": [[[135.89345, 35.58523], [135.89074, 35.58019], [135.89042, 35.57728], [135.88951, 35.57654], [135.87817, 35.57568], [135.87809, 35.57807], [135.87635, 35.57873], [135.87185, 35.5784], [135.86765, 35.58517], [135.86425, 35.58773], [135.86652, 35.58886], [135.86714, 35.59039], [135.86911, 35.59169], [135.8738, 35.58789], [135.87764, 35.58852], [135.87734, 35.5903], [135.87537, 35.59252], [135.87905, 35.60113], [135.88106, 35.6018], [135.88309, 35.60028], [135.88298, 35.59823], [135.88486, 35.59652], [135.88643, 35.5965], [135.88684, 35.59761], [135.88812, 35.59794], [135.88901, 35.59233], [135.8954, 35.59052], [135.89545, 35.58978], [135.89309, 35.5889], [135.89242, 35.58779], [135.89246, 35.58625], [135.89345, 35.58523]]]}, "properties": {"name": "水月湖（三方五湖）"}}, {"type": "Feature", "geometry": {"type": "Polygon", "coordinates": [[[135.89345, 35.58523], [135.89641, 35.58422], [135.89897, 35.58612], [135.90056, 35.58537], [135.89948, 35.58197], [135.90082, 35.5797], [135.90145, 35.57571], [135.8969, 35.57222], [135.89577, 35.57232], [135.89516, 35.57337], [135.89267, 35.57344], [135.8915, 35.57517], [135.89301, 35.57926], [135.89443, 35.58071], [135.8943, 35.58159], [135.89281, 35.58219], [135.89345, 35.58523]]]}, "properties": {"name": "菅湖（三方五湖）"}}, {"type": "Feature", "geometry": {"type": "Polygon", "coordinates": [[[135.87817, 35.57568], [135.87823, 35.57277], [135.8821, 35.57054], [135.88326, 35.57119], [135.88302, 35.57298], [135.88364, 35.57361], [135.88612, 35.5741], [135.88705, 35.57331], [135.88954, 35.57402], [135.89168, 35.57213], [135.8958, 35.57114], [135.89668, 35.56829], [135.90202, 35.56548], [135.90164, 35.56271], [135.90031, 35.5629], [135.89993, 35.562], [135.89663, 35.56049], [135.8953, 35.56152], [135.8922, 35.55938], [135.89106, 35.56008], [135.89025, 35.56239], [135.88754, 35.56134], [135.88589, 35.55911], [135.88435, 35.55848], [135.88015, 35.56054], [135.87558, 35.56], [135.87561, 35.5594], [135.87537, 35.56005], [135.87382, 35.55978], [135.87275, 35.56112], [135.87291, 35.56249], [135.872, 35.56275], [135.8733, 35.56527], [135.87252, 35.56633], [135.8693, 35.56694], [135.86771, 35.57125], [135.86984, 35.5724], [135.87256, 35.57227], [135.87333, 35.57446], [135.87822, 35.57621], [135.87817, 35.57568]]]}, "properties": {"name": "三方湖（三方五湖）"}}, {"type": "Feature", "geometry": {"type": "Polygon", "coordinates": [[[138.55675, 35.70553], [138.55738, 35.70472], [138.55682, 35.70366], [138.55533, 35.70363], [138.55433, 35.7027], [138.55685, 35.70319], [138.55764, 35.70243], [138.55569, 35.70179], [138.55285, 35.69938], [138.55006, 35.69997], [138.55261, 35.70204], [138.55363, 35.70537], [138.55675, 35.70553]]]}, "properties": {"name": "千代田湖"}}, {"type": "Feature", "geometry": {"type": "Polygon", "coordinates": [[[138.58262, 35.76729], [138.58214, 35.76532], [138.57768, 35.76294], [138.57686, 35.76114], [138.57339, 35.75888], [138.57238, 35.75919], [138.57161, 35.75785], [138.57011, 35.75884], [138.57023, 35.7619], [138.57122, 35.76134], [138.57369, 35.76174], [138.57782, 35.76463], [138.57858, 35.76419], [138.58175, 35.76564], [138.58204, 35.76728], [138.58262, 35.76729]]]}, "properties": {"name": "能泉湖"}}, {"type": "Feature", "geometry": {"type": "Polygon", "coordinates": [[[138.41015, 35.59965], [138.41102, 35.60063], [138.41157, 35.60022], [138.4113, 35.59928], [138.41015, 35.59965]]]}, "properties": {"name": "南伊奈ヶ湖"}}, {"type": "Feature", "geometry": {"type": "Polygon", "coordinates": [[[138.41325, 35.60406], [138.41231, 35.60343], [138.41186, 35.60436], [138.41325, 35.60406]]]}, "properties": {"name": "伊奈ヶ湖"}}, {"type": "Feature", "geometry": {"type": "Polygon", "coordinates": [[[138.50151, 35.86177], [138.50104, 35.8607], [138.50491, 35.85841], [138.50496, 35.85731], [138.5003, 35.85843], [138.49844, 35.85808], [138.49744, 35.859], [138.49835, 35.86014], [138.4973, 35.86154], [138.49772, 35.86187], [138.5033, 35.86345], [138.50151, 35.86177]]]}, "properties": {"name": "みずがき湖"}}, {"type": "Feature", "geometry": {"type": "Polygon", "coordinates": [[[138.5734, 35.46428], [138.57945, 35.4663], [138.579, 35.46712], [138.57636, 35.46672], [138.57477, 35.46762], [138.57458, 35.46856], [138.57561, 35.46921], [138.5748, 35.47151], [138.57698, 35.47394], [138.58257, 35.47527], [138.58405, 35.47375], [138.58694, 35.47385], [138.5899, 35.47614], [138.59162, 35.47649], [138.59325, 35.47556], [138.59324, 35.47384], [138.59576, 35.47284], [138.59488, 35.467], [138.59599, 35.46668], [138.59748, 35.46435], [138.59976, 35.4638], [138.60013, 35.46248], [138.60216, 35.46324], [138.60127, 35.46198], [138.60169, 35.46138], [138.59977, 35.46046], [138.59856, 35.4588], [138.598, 35.45641], [138.595, 35.45499], [138.58828, 35.45634], [138.57951, 35.45566], [138.57421, 35.45213], [138.57122, 35.45258], [138.56927, 35.45425], [138.57028, 35.45514], [138.57074, 35.45993], [138.5734, 35.46428]]]}, "properties": {"name": "本栖湖"}}, {"type": "Feature", "geometry": {"type": "Polygon", "coordinates": [[[138.60467, 35.4907], [138.60695, 35.49323], [138.61064, 35.49304], [138.61017, 35.49206], [138.61198, 35.49062], [138.61094, 35.48925], [138.61497, 35.48814], [138.6149, 35.48634], [138.6179, 35.48547], [138.61713, 35.48438], [138.61489, 35.48518], [138.6136, 35.48768], [138.61061, 35.48866], [138.60994, 35.48818], [138.60895, 35.48899], [138.60711, 35.48732], [138.60937, 35.48453], [138.61045, 35.4843], [138.60751, 35.48392], [138.60808, 35.48507], [138.60724, 35.48579], [138.60564, 35.48549], [138.60445, 35.48912], [138.60343, 35.48953], [138.60467, 35.4907]]]}, "properties": {"name": "精進湖"}}, {"type": "Feature", "geometry": {"type": "Polygon", "coordinates": [[[138.51803, 35.5306], [138.51907, 35.52961], [138.51823, 35.52872], [138.51602, 35.52856], [138.51513, 35.52992], [138.51803, 35.5306]]]}, "properties": {"name": "四尾連湖"}}, {"type": "Feature", "geometry": {"type": "Polygon", "coordinates": [[[138.33163, 35.40897], [138.33124, 35.40771], [138.33439, 35.406], [138.3298, 35.40385], [138.32875, 35.40251], [138.32884, 35.40006], [138.32803, 35.39903], [138.3278, 35.401], [138.32749, 35.39986], [138.32604, 35.40141], [138.32706, 35.4041], [138.32489, 35.40426], [138.32555, 35.40496], [138.32955, 35.40466], [138.33239, 35.40594], [138.32874, 35.40724], [138.3273, 35.4094], [138.32776, 35.40992], [138.33163, 35.40897]]]}, "properties": {"name": "雨畑湖"}}, {"type": "Feature", "geometry": {"type": "Polygon", "coordinates": [[[138.30051, 35.57384], [138.30155, 35.57401], [138.30005, 35.5696], [138.29851, 35.57131], [138.29967, 35.57422], [138.30072, 35.57301], [138.30051, 35.57384]]]}, "properties": {"name": "奈良田湖"}}, {"type": "Feature", "geometry": {"type": "Polygon", "coordinates": [[[138.50928, 35.29044], [138.51299, 35.28873], [138.51342, 35.28654], [138.5157, 35.28422], [138.51566, 35.28272], [138.51719, 35.28017], [138.51651, 35.27891], [138.51752, 35.27738], [138.51597, 35.27745], [138.51513, 35.27845], [138.51473, 35.28072], [138.51117, 35.28581], [138.51094, 35.2884], [138.50849, 35.28936], [138.5061, 35.29228], [138.50623, 35.29385], [138.50722, 35.29421], [138.50928, 35.29044]]]}, "properties": {"name": "天子湖"}}, {"type": "Feature", "geometry": {"type": "Polygon", "coordinates": [[[138.85869, 35.41657], [138.85561, 35.41844], [138.84989, 35.42426], [138.85, 35.42612], [138.85172, 35.42833], [138.85562, 35.42923], [138.87374, 35.42638], [138.88082, 35.42334], [138.88295, 35.42128], [138.88634, 35.42102], [138.89231, 35.42179], [138.89711, 35.42411], [138.89722, 35.42619], [138.89578, 35.4243], [138.89454, 35.42391], [138.89386, 35.42476], [138.89585, 35.4284], [138.8977, 35.42863], [138.89945, 35.42697], [138.90102, 35.42161], [138.89828, 35.41989], [138.89823, 35.4184], [138.89454, 35.41459], [138.88317, 35.40899], [138.87773, 35.40928], [138.87434, 35.40836], [138.86689, 35.40911], [138.86281, 35.41143], [138.8623, 35.41472], [138.85987, 35.41491], [138.85869, 35.41657]]]}, "properties": {"name": "山中湖"}}, {"type": "Feature", "geometry": {"type": "Polygon", "coordinates": [[[138.66615, 35.49966], [138.66706, 35.49916], [138.67007, 35.50086], [138.67156, 35.49946], [138.67371, 35.50178], [138.67707, 35.50077], [138.67907, 35.50217], [138.68114, 35.50163], [138.68499, 35.50217], [138.68632, 35.50296], [138.68521, 35.50361], [138.6909, 35.50367], [138.69471, 35.50536], [138.69643, 35.50553], [138.70055, 35.50352], [138.69801, 35.50194], [138.69855, 35.49971], [138.69683, 35.49868], [138.69625, 35.4968], [138.6943, 35.49747], [138.6919, 35.49577], [138.68791, 35.49556], [138.6872, 35.49355], [138.6842, 35.49148], [138.68314, 35.4917], [138.68073, 35.49518], [138.67428, 35.49768], [138.6738, 35.49877], [138.67117, 35.49882], [138.66748, 35.49673], [138.6639, 35.49862], [138.66426, 35.50088], [138.66615, 35.49966]]]}, "properties": {"name": "西湖"}}, {"type": "Feature", "geometry": {"type": "Polygon", "coordinates": [[[138.75789, 35.5231], [138.75863, 35.5244], [138.76262, 35.52471], [138.76488, 35.5228], [138.76724, 35.5228], [138.76892, 35.52147], [138.77033, 35.51754], [138.76582, 35.51273], [138.7733, 35.51282], [138.77359, 35.50844], [138.77297, 35.50722], [138.77157, 35.50674], [138.77118, 35.50419], [138.76938, 35.50358], [138.76829, 35.50391], [138.76857, 35.50453], [138.76708, 35.50402], [138.76603, 35.505], [138.76471, 35.50427], [138.76306, 35.50641], [138.76427, 35.50703], [138.76283, 35.50825], [138.76296, 35.50974], [138.7583, 35.51111], [138.75573, 35.51093], [138.75579, 35.51181], [138.75674, 35.51218], [138.75505, 35.51364], [138.75438, 35.51269], [138.75486, 35.5121], [138.75282, 35.5118], [138.75123, 35.5104], [138.7503, 35.51233], [138.74782, 35.51126], [138.74421, 35.51081], [138.74391, 35.51144], [138.74307, 35.51084], [138.7441, 35.51008], [138.74309, 35.50945], [138.73992, 35.5096], [138.73819, 35.51065], [138.73717, 35.50878], [138.73525, 35.50901], [138.73537, 35.50706], [138.73284, 35.50515], [138.7331, 35.50426], [138.73223, 35.50314], [138.72962, 35.50211], [138.72805, 35.50252], [138.72467, 35.50155], [138.72134, 35.50245], [138.72, 35.50423], [138.71627, 35.505], [138.71704, 35.50581], [138.7161, 35.50642], [138.71794, 35.51049], [138.71982, 35.5105], [138.72248, 35.50835], [138.72375, 35.5116], [138.72755, 35.50995], [138.72791, 35.51271], [138.7293, 35.51414], [138.73172, 35.51391], [138.73246, 35.51244], [138.73469, 35.51264], [138.7368, 35.51495], [138.73866, 35.5137], [138.7407, 35.51447], [138.74107, 35.51687], [138.74249, 35.51741], [138.74524, 35.5222], [138.74683, 35.52354], [138.75499, 35.52251], [138.7571, 35.5213], [138.75789, 35.5231]], [[138.74323, 35.51414], [138.74506, 35.51385], [138.74578, 35.51477], [138.74431, 35.51531], [138.74323, 35.51414]]]}, "properties": {"name": "河口湖"}}, {"type": "Feature", "geometry": {"type": "Polygon", "coordinates": [[[138.01531, 36.49435], [138.01507, 36.49534], [138.01653, 36.49505], [138.01531, 36.49435]]]}, "properties": {"name": "白樺湖"}}, {"type": "Feature", "geometry": {"type": "Polygon", "coordinates": [[[138.04583, 36.5734], [138.04368, 36.57071], [138.04277, 36.56779], [138.04071, 36.567], [138.03661, 36.56805], [138.03484, 36.56728], [138.0323, 36.5677], [138.03055, 36.56992], [138.02948, 36.56977], [138.02875, 36.56831], [138.02693, 36.56825], [138.02503, 36.57111], [138.02161, 36.56973], [138.01902, 36.57083], [138.01623, 36.57094], [138.01427, 36.57049], [138.00851, 36.56418], [138.00473, 36.56188], [138.00173, 36.56207], [137.99683, 36.56538], [138.00184, 36.5634], [138.00502, 36.563], [138.00772, 36.5651], [138.01115, 36.57053], [138.01826, 36.57301], [138.02158, 36.57134], [138.02619, 36.57227], [138.02715, 36.56929], [138.02914, 36.57046], [138.03177, 36.57056], [138.03249, 36.57001], [138.03208, 36.56827], [138.03429, 36.56752], [138.03438, 36.56882], [138.03619, 36.56979], [138.03778, 36.56952], [138.03987, 36.56781], [138.04283, 36.56988], [138.04317, 36.57273], [138.04583, 36.5734]]]}, "properties": {"name": "琅鶴湖"}}, {"type": "Feature", "geometry": {"type": "Polygon", "coordinates": [[[137.67468, 36.15397], [137.67427, 36.15493], [137.67535, 36.15663], [137.67189, 36.15852], [137.67284, 36.15935], [137.6742, 36.15944], [137.67675, 36.15705], [137.677, 36.15604], [137.67576, 36.15491], [137.67823, 36.15228], [137.6804, 36.15267], [137.68202, 36.15043], [137.68412, 36.14947], [137.68536, 36.14712], [137.68886, 36.14681], [137.69028, 36.14534], [137.69119, 36.1457], [137.69243, 36.14496], [137.69185, 36.14102], [137.69287, 36.13972], [137.69869, 36.13953], [137.70064, 36.13779], [137.70271, 36.13807], [137.70438, 36.13738], [137.70589, 36.13506], [137.71325, 36.13523], [137.71621, 36.13383], [137.71838, 36.13392], [137.71808, 36.13262], [137.71886, 36.13156], [137.71728, 36.13016], [137.71689, 36.1286], [137.71232, 36.12636], [137.71057, 36.12421], [137.69973, 36.1224], [137.69779, 36.12009], [137.69495, 36.11897], [137.69305, 36.11599], [137.69425, 36.11502], [137.6914, 36.11256], [137.69148, 36.10654], [137.69073, 36.10481], [137.68918, 36.10449], [137.68734, 36.10067], [137.68564, 36.09972], [137.68615, 36.09751], [137.68562, 36.09661], [137.68463, 36.0999], [137.68773, 36.10339], [137.68718, 36.10588], [137.68873, 36.10622], [137.68748, 36.10855], [137.68978, 36.11142], [137.68848, 36.11291], [137.69284, 36.12016], [137.69669, 36.12129], [137.69728, 36.12329], [137.6989, 36.12451], [137.70195, 36.1241], [137.70879, 36.12564], [137.71042, 36.128], [137.71421, 36.13007], [137.71433, 36.13082], [137.7088, 36.1307], [137.708, 36.13191], [137.70536, 36.13199], [137.70249, 36.13434], [137.70029, 36.13471], [137.6974, 36.13749], [137.69222, 36.13796], [137.68963, 36.14066], [137.69025, 36.14394], [137.68899, 36.14405], [137.68724, 36.14567], [137.68386, 36.14609], [137.68279, 36.14877], [137.68108, 36.14858], [137.68132, 36.14775], [137.67717, 36.1429], [137.67912, 36.14727], [137.67623, 36.14677], [137.67719, 36.14806], [137.68029, 36.1482], [137.68043, 36.15048], [137.67972, 36.15154], [137.67782, 36.15155], [137.67468, 36.15397]]]}, "properties": {"name": "梓湖"}}, {"type": "Feature", "geometry": {"type": "Polygon", "coordinates": [[[138.01752, 36.26274], [138.01587, 36.26035], [138.0152, 36.26079], [138.01556, 36.26173], [138.01331, 36.26082], [138.01283, 36.26163], [138.01295, 36.26314], [138.01632, 36.26369], [138.01752, 36.26274]]]}, "properties": {"name": "美鈴湖"}}, {"type": "Feature", "geometry": {"type": "Polygon", "coordinates": [[[138.25466, 36.36891], [138.25459, 36.36955], [138.25611, 36.36914], [138.25804, 36.36696], [138.25525, 36.36731], [138.25437, 36.36787], [138.25466, 36.36891]]]}, "properties": {"name": "須川湖"}}, {"type": "Feature", "geometry": {"type": "Polygon", "coordinates": [[[138.08298, 36.06336], [138.0884, 36.06479], [138.09348, 36.06512], [138.09648, 36.06722], [138.1014, 36.06648], [138.10596, 36.0618], [138.10907, 36.06034], [138.1124, 36.05059], [138.11143, 36.04785], [138.1106, 36.04791], [138.1049, 36.04267], [138.10337, 36.04251], [138.10383, 36.0422], [138.10296, 36.04101], [138.10143, 36.04178], [138.10064, 36.04064], [138.10092, 36.03869], [138.0965, 36.04003], [138.09435, 36.03981], [138.09428, 36.0392], [138.09355, 36.03969], [138.08912, 36.03594], [138.08841, 36.03372], [138.08445, 36.03334], [138.07937, 36.02852], [138.07496, 36.03203], [138.07097, 36.03405], [138.0692, 36.03711], [138.06447, 36.03997], [138.06306, 36.04302], [138.05614, 36.04754], [138.05297, 36.05295], [138.05381, 36.05369], [138.05612, 36.05343], [138.05999, 36.05575], [138.06177, 36.0556], [138.06516, 36.05778], [138.06653, 36.05722], [138.06771, 36.0583], [138.06743, 36.05982], [138.06805, 36.05869], [138.0695, 36.05993], [138.07402, 36.0612], [138.0762, 36.05916], [138.07971, 36.05918], [138.08048, 36.05974], [138.08025, 36.06259], [138.08298, 36.06336]]]}, "properties": {"name": "諏訪湖"}}, {"type": "Feature", "geometry": {"type": "Polygon", "coordinates": [[[137.89313, 35.73723], [137.89216, 35.73671], [137.8927, 35.73801], [137.89374, 35.73822], [137.89313, 35.73723]]]}, "properties": {"name": "大沼湖"}}, {"type": "Feature", "geometry": {"type": "Polygon", "coordinates": [[[137.78164, 36.51433], [137.78165, 36.51337], [137.77913, 36.51286], [137.77762, 36.50948], [137.77604, 36.50845], [137.77451, 36.50844], [137.77165, 36.5063], [137.76908, 36.50657], [137.76469, 36.50561], [137.7644, 36.50349], [137.76329, 36.50297], [137.76392, 36.50601], [137.7683, 36.50759], [137.77102, 36.50758], [137.77352, 36.5111], [137.77792, 36.51379], [137.77521, 36.51342], [137.76879, 36.51437], [137.76646, 36.5135], [137.76819, 36.51423], [137.76828, 36.51506], [137.77683, 36.5146], [137.77805, 36.51536], [137.77907, 36.51478], [137.78155, 36.51556], [137.78164, 36.51433]]]}, "properties": {"name": "龍神湖"}}, {"type": "Feature", "geometry": {"type": "Polygon", "coordinates": [[[137.84318, 36.56289], [137.8439, 36.56221], [137.8433, 36.55845], [137.84254, 36.55703], [137.84046, 36.55655], [137.83958, 36.55268], [137.83997, 36.55083], [137.8416, 36.55032], [137.84089, 36.549], [137.84341, 36.54381], [137.84217, 36.54359], [137.84047, 36.54465], [137.8386, 36.54757], [137.83558, 36.54842], [137.83557, 36.5497], [137.83349, 36.55094], [137.83241, 36.55352], [137.83366, 36.5558], [137.83367, 36.55822], [137.83165, 36.56231], [137.8331, 36.56668], [137.83935, 36.56774], [137.84035, 36.5671], [137.84089, 36.56446], [137.84318, 36.56289]]]}, "properties": {"name": "木崎湖"}}, {"type": "Feature", "geometry": {"type": "Polygon", "coordinates": [[[137.84497, 36.6002], [137.84512, 36.59687], [137.84335, 36.59391], [137.84335, 36.59525], [137.84162, 36.59809], [137.84311, 36.59997], [137.84497, 36.6002]]]}, "properties": {"name": "中綱湖"}}, {"type": "Feature", "geometry": {"type": "Polygon", "coordinates": [[[137.85935, 36.61306], [137.85816, 36.61167], [137.85762, 36.60921], [137.8558, 36.6073], [137.85331, 36.60629], [137.85198, 36.60404], [137.84613, 36.60232], [137.84521, 36.60598], [137.84616, 36.60705], [137.84532, 36.60833], [137.84651, 36.6096], [137.84611, 36.61], [137.84499, 36.6091], [137.84422, 36.61001], [137.845, 36.61202], [137.84367, 36.61649], [137.84387, 36.61834], [137.84701, 36.61846], [137.84728, 36.61673], [137.84984, 36.61758], [137.85342, 36.61615], [137.85548, 36.61842], [137.8576, 36.61853], [137.85931, 36.61705], [137.85987, 36.61421], [137.85935, 36.61306]]]}, "properties": {"name": "青木湖"}}, {"type": "Feature", "geometry": {"type": "Polygon", "coordinates": [[[138.42833, 36.90528], [138.42704, 36.90489], [138.42738, 36.90269], [138.42625, 36.90076], [138.42485, 36.90098], [138.42418, 36.90551], [138.42854, 36.90656], [138.42901, 36.9059], [138.42833, 36.90528]]]}, "properties": {"name": "北竜湖"}}, {"type": "Feature", "geometry": {"type": "Polygon", "coordinates": [[[138.1616, 35.96759], [138.16313, 35.96758], [138.16151, 35.96686], [138.1616, 35.96759]]]}, "properties": {"name": "鏡湖"}}, {"type": "Feature", "geometry": {"type": "Polygon", "coordinates": [[[138.25942, 36.0515], [138.26001, 36.05013], [138.25894, 36.049], [138.25772, 36.04991], [138.25542, 36.04966], [138.25648, 36.05128], [138.25822, 36.05073], [138.25942, 36.0515]]]}, "properties": {"name": "蓼科湖"}}, {"type": "Feature", "geometry": {"type": "Polygon", "coordinates": [[[138.24136, 36.10623], [138.23898, 36.10442], [138.238, 36.10527], [138.23685, 36.10518], [138.23655, 36.10439], [138.23394, 36.1045], [138.23384, 36.10375], [138.23465, 36.10431], [138.23419, 36.10356], [138.23261, 36.10359], [138.23029, 36.10169], [138.22908, 36.10206], [138.22942, 36.10339], [138.23104, 36.10383], [138.23148, 36.10506], [138.23312, 36.10514], [138.23452, 36.10734], [138.2361, 36.10727], [138.24083, 36.10989], [138.24207, 36.10801], [138.24136, 36.10623]]]}, "properties": {"name": "白樺湖"}}, {"type": "Feature", "geometry": {"type": "Polygon", "coordinates": [[[137.90257, 36.11499], [137.90385, 36.11382], [137.903, 36.11266], [137.90382, 36.11269], [137.90223, 36.11135], [137.90257, 36.11028], [137.90167, 36.11091], [137.89895, 36.10844], [137.90149, 36.11167], [137.9011, 36.11288], [137.90185, 36.1126], [137.90228, 36.11341], [137.90146, 36.11553], [137.90257, 36.11499]]]}, "properties": {"name": "沓沢湖"}}, {"type": "Feature", "geometry": {"type": "Polygon", "coordinates": [[[137.99875, 36.09222], [137.99517, 36.09071], [137.99408, 36.0915], [137.99875, 36.09222]]]}, "properties": {"name": "みどり湖"}}, {"type": "Feature", "geometry": {"type": "Polygon", "coordinates": [[[138.3989, 36.18835], [138.39942, 36.18776], [138.39781, 36.18684], [138.39735, 36.18742], [138.3989, 36.18835]]]}, "properties": {"name": "美笹湖"}}, {"type": "Feature", "geometry": {"type": "Polygon", "coordinates": [[[138.45083, 36.21713], [138.45115, 36.21789], [138.4522, 36.21613], [138.45156, 36.21581], [138.45083, 36.21713]]]}, "properties": {"name": "洞源湖"}}, {"type": "Feature", "geometry": {"type": "Polygon", "coordinates": [[[138.40003, 36.25942], [138.39933, 36.25818], [138.39736, 36.25807], [138.39683, 36.2587], [138.39699, 36.25946], [138.40003, 36.25942]]]}, "properties": {"name": "浅科湖"}}, {"type": "Feature", "geometry": {"type": "Polygon", "coordinates": [[[138.48089, 36.28659], [138.4821, 36.28667], [138.48117, 36.28605], [138.48089, 36.28659]]]}, "properties": {"name": "仙禄湖"}}, {"type": "Feature", "geometry": {"type": "Polygon", "coordinates": [[[138.45186, 36.05185], [138.45158, 36.05077], [138.44931, 36.05111], [138.45035, 36.05231], [138.45186, 36.05185]]]}, "properties": {"name": "大月湖"}}, {"type": "Feature", "geometry": {"type": "Polygon", "coordinates": [[[138.4596, 36.05352], [138.45914, 36.05261], [138.45777, 36.05252], [138.4576, 36.05131], [138.45515, 36.0516], [138.45443, 36.0533], [138.45522, 36.05405], [138.45892, 36.05453], [138.4596, 36.05352]]]}, "properties": {"name": "松原湖"}}, {"type": "Feature", "geometry": {"type": "Polygon", "coordinates": [[[138.55493, 36.02491], [138.55581, 36.02299], [138.55833, 36.02231], [138.55549, 36.02214], [138.55465, 36.02331], [138.55493, 36.02491]]]}, "properties": {"name": "立岩湖"}}, {"type": "Feature", "geometry": {"type": "Polygon", "coordinates": [[[138.43463, 36.13962], [138.43283, 36.13882], [138.43386, 36.1403], [138.43463, 36.13962]]]}, "properties": {"name": "佐口湖"}}, {"type": "Feature", "geometry": {"type": "Polygon", "coordinates": [[[138.5949, 36.32897], [138.5948, 36.32985], [138.59646, 36.3306], [138.59776, 36.32987], [138.59706, 36.32879], [138.5949, 36.32897]]]}, "properties": {"name": "塩沢湖"}}, {"type": "Feature", "geometry": {"type": "Polygon", "coordinates": [[[138.27039, 36.13461], [138.26944, 36.13424], [138.26705, 36.13565], [138.26624, 36.13842], [138.26998, 36.13688], [138.27039, 36.13461]]]}, "properties": {"name": "女神湖"}}, {"type": "Feature", "geometry": {"type": "Polygon", "coordinates": [[[138.34919, 36.50459], [138.34966, 36.50293], [138.34881, 36.50217], [138.34308, 36.5042], [138.34557, 36.5045], [138.34379, 36.50821], [138.34214, 36.50939], [138.34711, 36.5069], [138.34864, 36.5052], [138.34944, 36.50558], [138.34919, 36.50459]]]}, "properties": {"name": "菅平湖"}}, {"type": "Feature", "geometry": {"type": "Polygon", "coordinates": [[[138.19519, 35.93077], [138.19321, 35.93241], [138.19411, 35.93271], [138.19519, 35.93077]]]}, "properties": {"name": "入笠湖"}}, {"type": "Feature", "geometry": {"type": "Polygon", "coordinates": [[[138.0793, 35.8006], [138.07851, 35.80187], [138.07924, 35.80305], [138.07832, 35.80654], [138.07865, 35.80877], [138.07763, 35.8107], [138.0778, 35.81383], [138.08127, 35.81343], [138.08198, 35.81266], [138.08151, 35.80512], [138.08227, 35.80295], [138.08453, 35.80145], [138.08491, 35.79907], [138.08638, 35.79896], [138.08473, 35.79806], [138.08417, 35.7959], [138.08508, 35.79486], [138.08344, 35.79556], [138.08195, 35.79497], [138.08165, 35.79168], [138.08469, 35.79011], [138.08681, 35.78639], [138.08507, 35.78339], [138.0854, 35.78274], [138.08076, 35.77794], [138.07821, 35.7729], [138.07573, 35.77099], [138.07779, 35.7743], [138.07823, 35.77759], [138.08067, 35.78147], [138.08003, 35.79051], [138.0785, 35.79564], [138.08042, 35.79721], [138.0793, 35.8006]]]}, "properties": {"name": "美和湖"}}, {"type": "Feature", "geometry": {"type": "Polygon", "coordinates": [[[138.06961, 35.82284], [138.07092, 35.82116], [138.07642, 35.8193], [138.07026, 35.82075], [138.06908, 35.82182], [138.06726, 35.82628], [138.06601, 35.82701], [138.06387, 35.82687], [138.06272, 35.8294], [138.06622, 35.82978], [138.06961, 35.82284]]]}, "properties": {"name": "高遠湖"}}, {"type": "Feature", "geometry": {"type": "Polygon", "coordinates": [[[138.14748, 35.95032], [138.14805, 35.9517], [138.14906, 35.95093], [138.14748, 35.95032]]]}, "properties": {"name": "千代田湖"}}, {"type": "Feature", "geometry": {"type": "Polygon", "coordinates": [[[138.03929, 35.93518], [138.03875, 35.93431], [138.03969, 35.9336], [138.04107, 35.93329], [138.04267, 35.93427], [138.0408, 35.93275], [138.03716, 35.93311], [138.03654, 35.93262], [138.03711, 35.93107], [138.03633, 35.93192], [138.0341, 35.92832], [138.0326, 35.92818], [138.03302, 35.92668], [138.0319, 35.92763], [138.03101, 35.92728], [138.03072, 35.92911], [138.03324, 35.93071], [138.03268, 35.93159], [138.03346, 35.93147], [138.03522, 35.93345], [138.03456, 35.93454], [138.03561, 35.93387], [138.03774, 35.93495], [138.03902, 35.93633], [138.03837, 35.93856], [138.04135, 35.93841], [138.0421, 35.93977], [138.04072, 35.93956], [138.04211, 35.9399], [138.04155, 35.93817], [138.0391, 35.93799], [138.04029, 35.93635], [138.03929, 35.93518]]]}, "properties": {"name": "もみじ湖"}}, {"type": "Feature", "geometry": {"type": "Polygon", "coordinates": [[[137.97947, 35.60534], [137.97824, 35.60828], [137.97968, 35.60836], [137.98, 35.60761], [137.98064, 35.60889], [137.98304, 35.60897], [137.98451, 35.6104], [137.98733, 35.61134], [137.98582, 35.61491], [137.98501, 35.61512], [137.98586, 35.61561], [137.98566, 35.61876], [137.98951, 35.61888], [137.99017, 35.62015], [137.98971, 35.62122], [137.99053, 35.62139], [137.99038, 35.62074], [137.9919, 35.62032], [137.99069, 35.61962], [137.98922, 35.617], [137.98781, 35.61675], [137.98865, 35.61605], [137.98788, 35.61505], [137.98929, 35.61364], [137.98981, 35.6112], [137.9933, 35.61033], [137.99406, 35.60825], [137.99494, 35.60805], [137.99443, 35.60733], [137.9971, 35.60761], [137.9983, 35.60569], [137.99753, 35.60376], [137.99957, 35.60327], [137.99992, 35.60036], [138.00245, 35.59802], [138.00611, 35.59863], [138.00695, 35.59957], [138.00678, 35.59884], [138.00748, 35.59989], [138.00697, 35.59839], [138.00837, 35.597], [138.01045, 35.59875], [138.01183, 35.59821], [138.01296, 35.59401], [138.01296, 35.59059], [138.01175, 35.59202], [138.01224, 35.59424], [138.01076, 35.59651], [138.01139, 35.59758], [138.0086, 35.59556], [138.00553, 35.59657], [138.00339, 35.59636], [138.00271, 35.59545], [138.00204, 35.59618], [138.00014, 35.5961], [138.00098, 35.59694], [137.99751, 35.6011], [137.99828, 35.60254], [137.99585, 35.60216], [137.99546, 35.60549], [137.99259, 35.60566], [137.99142, 35.60691], [137.99143, 35.6085], [137.98736, 35.60749], [137.98737, 35.60673], [137.98626, 35.60673], [137.98644, 35.60548], [137.98481, 35.60523], [137.98495, 35.60632], [137.98343, 35.60602], [137.98273, 35.60663], [137.98325, 35.60549], [137.9815, 35.60528], [137.98145, 35.60287], [137.97947, 35.60534]]]}, "properties": {"name": "小渋湖"}}, {"type": "Feature", "geometry": {"type": "Polygon", "coordinates": [[[137.74075, 35.2713], [137.74133, 35.27088], [137.74055, 35.26963], [137.74075, 35.2713]]]}, "properties": {"name": "巣山湖"}}, {"type": "Feature", "geometry": {"type": "Polygon", "coordinates": [[[137.65909, 35.2329], [137.6596, 35.2315], [137.65801, 35.23257], [137.65909, 35.2329]]]}, "properties": {"name": "茶臼山湖"}}, {"type": "Feature", "geometry": {"type": "Polygon", "coordinates": [[[137.5727, 35.8063], [137.57406, 35.80702], [137.57289, 35.80889], [137.57508, 35.80708], [137.57639, 35.80699], [137.58505, 35.81136], [137.58532, 35.81228], [137.58927, 35.81287], [137.5871, 35.81466], [137.59013, 35.81381], [137.59306, 35.81444], [137.59529, 35.81682], [137.59569, 35.82003], [137.59696, 35.8211], [137.59591, 35.82237], [137.59712, 35.82207], [137.59871, 35.82583], [137.60114, 35.8262], [137.60063, 35.82376], [137.60176, 35.82461], [137.60374, 35.82367], [137.60498, 35.82093], [137.60373, 35.81795], [137.60002, 35.81539], [137.59543, 35.8107], [137.59236, 35.81009], [137.59082, 35.81066], [137.58992, 35.80978], [137.58856, 35.81141], [137.58784, 35.80875], [137.58575, 35.80718], [137.57823, 35.8049], [137.57237, 35.80432], [137.5668, 35.8021], [137.56314, 35.80248], [137.56056, 35.80655], [137.55758, 35.80594], [137.55681, 35.80489], [137.55593, 35.80517], [137.55643, 35.80825], [137.56035, 35.80947], [137.56625, 35.80491], [137.5727, 35.8063]]]}, "properties": {"name": "御岳湖"}}, {"type": "Feature", "geometry": {"type": "Polygon", "coordinates": [[[137.36473, 35.82812], [137.36372, 35.82848], [137.36684, 35.82827], [137.37039, 35.8293], [137.37017, 35.83094], [137.36905, 35.83223], [137.36674, 35.83261], [137.36176, 35.83156], [137.36094, 35.83197], [137.35912, 35.83078], [137.35848, 35.83125], [137.35928, 35.83197], [137.3579, 35.83213], [137.35944, 35.83224], [137.36193, 35.83392], [137.36158, 35.83526], [137.36287, 35.83421], [137.37157, 35.83368], [137.37193, 35.83554], [137.37096, 35.83831], [137.37207, 35.84029], [137.37062, 35.8426], [137.37361, 35.84053], [137.37474, 35.83819], [137.37471, 35.8355], [137.3761, 35.83458], [137.37758, 35.83492], [137.37678, 35.83337], [137.37881, 35.82866], [137.37997, 35.82974], [137.38049, 35.82876], [137.38427, 35.8283], [137.38741, 35.82691], [137.38894, 35.82815], [137.39167, 35.83418], [137.39343, 35.83585], [137.3984, 35.83839], [137.39884, 35.83944], [137.39926, 35.83753], [137.398, 35.83706], [137.40064, 35.83658], [137.39793, 35.83635], [137.39467, 35.83478], [137.3925, 35.8279], [137.39061, 35.82528], [137.39303, 35.82483], [137.39463, 35.82323], [137.3894, 35.82096], [137.38362, 35.82548], [137.37644, 35.8262], [137.37506, 35.82737], [137.37421, 35.82677], [137.37438, 35.82514], [137.37407, 35.82585], [137.37269, 35.82574], [137.37173, 35.82433], [137.36826, 35.82207], [137.36473, 35.82118], [137.36376, 35.8198], [137.36494, 35.82322], [137.36861, 35.82707], [137.36473, 35.82812]]]}, "properties": {"name": "三浦貯水池"}}, {"type": "Feature", "geometry": {"type": "Polygon", "coordinates": [[[138.06643, 36.48992], [138.06803, 36.48881], [138.06846, 36.48736], [138.06551, 36.48662], [138.06542, 36.48892], [138.06643, 36.48992]]]}, "properties": {"name": "聖湖"}}, {"type": "Feature", "geometry": {"type": "Polygon", "coordinates": [[[138.04837, 36.48885], [138.0477, 36.4901], [138.04894, 36.48986], [138.04837, 36.48885]]]}, "properties": {"name": "すずらん湖"}}, {"type": "Feature", "geometry": {"type": "Polygon", "coordinates": [[[138.4908, 36.91612], [138.4899, 36.91741], [138.49197, 36.91777], [138.49185, 36.91661], [138.4908, 36.91612]]]}, "properties": {"name": "巣鷹湖"}}, {"type": "Feature", "geometry": {"type": "Polygon", "coordinates": [[[138.2096, 36.83581], [138.2141, 36.83689], [138.21875, 36.83618], [138.22163, 36.8286], [138.22307, 36.82998], [138.22568, 36.83055], [138.22595, 36.83281], [138.22805, 36.83252], [138.23183, 36.83583], [138.23331, 36.8347], [138.23265, 36.83354], [138.23335, 36.83293], [138.23869, 36.83574], [138.23965, 36.83473], [138.24282, 36.83388], [138.24193, 36.8321], [138.24214, 36.8303], [138.24122, 36.82943], [138.23734, 36.82983], [138.23716, 36.82853], [138.23872, 36.82763], [138.2375, 36.82594], [138.23515, 36.82538], [138.23014, 36.82618], [138.23312, 36.82206], [138.2332, 36.8213], [138.23205, 36.82076], [138.23215, 36.8193], [138.23437, 36.81712], [138.23304, 36.81638], [138.23191, 36.81423], [138.23063, 36.81385], [138.22696, 36.81852], [138.22548, 36.81827], [138.22747, 36.8156], [138.22664, 36.81474], [138.22287, 36.81802], [138.2212, 36.81782], [138.22153, 36.81943], [138.2204, 36.82102], [138.21765, 36.8199], [138.21337, 36.81995], [138.20791, 36.82479], [138.20558, 36.82531], [138.20549, 36.82652], [138.20708, 36.82914], [138.20637, 36.82947], [138.20738, 36.82937], [138.20779, 36.83172], [138.20949, 36.83236], [138.20867, 36.83442], [138.2096, 36.83581]], [[138.21533, 36.83316], [138.21381, 36.83316], [138.21426, 36.83253], [138.21672, 36.83251], [138.21533, 36.83316]]]}, "properties": {"name": "野尻湖（芙蓉湖）"}}, {"type": "Feature", "geometry": {"type": "Polygon", "coordinates": [[[138.18877, 36.74539], [138.18403, 36.74331], [138.18449, 36.74417], [138.18359, 36.7456], [138.1846, 36.74697], [138.18404, 36.74784], [138.18652, 36.74773], [138.18877, 36.74539]]]}, "properties": {"name": "霊仙寺湖"}}, {"type": "Feature", "geometry": {"type": "Polygon", "coordinates": [[[137.50982, 36.00933], [137.50874, 36.00915], [137.5082, 36.00751], [137.50978, 36.00627], [137.50761, 36.00683], [137.50766, 36.01158], [137.50417, 36.0142], [137.50027, 36.01523], [137.49905, 36.01893], [137.4975, 36.01962], [137.49723, 36.02101], [137.49517, 36.02099], [137.49337, 36.02309], [137.49323, 36.02441], [137.49226, 36.02425], [137.49212, 36.02621], [137.49013, 36.0278], [137.49016, 36.03068], [137.49126, 36.0321], [137.49481, 36.03167], [137.49484, 36.02847], [137.49413, 36.02774], [137.49614, 36.02625], [137.49725, 36.02642], [137.49614, 36.02515], [137.49615, 36.02306], [137.49899, 36.02234], [137.49946, 36.0205], [137.50717, 36.0235], [137.51061, 36.02592], [137.51554, 36.02679], [137.51407, 36.02567], [137.51118, 36.02514], [137.50845, 36.02261], [137.50311, 36.02096], [137.501, 36.01919], [137.50154, 36.0178], [137.5049, 36.01748], [137.50515, 36.01635], [137.51046, 36.01058], [137.51281, 36.01047], [137.51102, 36.00794], [137.51303, 36.00805], [137.51457, 36.00623], [137.51307, 36.00759], [137.51076, 36.00769], [137.50982, 36.00933]]]}, "properties": {"name": "高根乗鞍湖"}}, {"type": "Feature", "geometry": {"type": "Polygon", "coordinates": [[[136.93038, 36.12695], [136.93196, 36.1283], [136.93492, 36.1282], [136.93746, 36.12732], [136.9382, 36.1251], [136.93921, 36.12499], [136.94071, 36.12688], [136.94019, 36.12819], [136.94091, 36.12942], [136.94571, 36.13028], [136.94665, 36.13206], [136.94802, 36.13259], [136.94829, 36.13753], [136.94991, 36.13833], [136.95143, 36.14215], [136.95053, 36.13824], [136.94905, 36.13725], [136.94884, 36.13093], [136.95193, 36.12883], [136.95471, 36.12934], [136.95868, 36.12639], [136.96046, 36.12678], [136.9586, 36.12621], [136.9573, 36.12757], [136.9544, 36.12869], [136.95116, 36.12853], [136.94769, 36.13116], [136.9469, 36.12936], [136.94379, 36.12724], [136.94259, 36.1242], [136.93962, 36.12238], [136.93803, 36.12309], [136.93649, 36.12557], [136.93393, 36.1268], [136.92988, 36.12456], [136.92685, 36.12533], [136.92425, 36.1238], [136.92241, 36.12381], [136.92194, 36.12288], [136.92251, 36.12098], [136.92549, 36.1194], [136.93272, 36.11821], [136.93389, 36.11907], [136.93483, 36.11871], [136.9339, 36.11808], [136.93476, 36.1174], [136.93476, 36.11573], [136.93589, 36.11404], [136.93698, 36.11386], [136.93624, 36.11046], [136.93763, 36.11007], [136.93924, 36.10784], [136.93886, 36.10601], [136.9395, 36.10438], [136.94051, 36.10474], [136.94288, 36.10381], [136.94579, 36.10489], [136.94553, 36.10418], [136.94676, 36.10296], [136.94524, 36.10412], [136.94334, 36.10311], [136.94135, 36.1035], [136.94031, 36.10287], [136.94332, 36.09877], [136.94274, 36.09817], [136.9432, 36.09707], [136.94508, 36.09633], [136.94432, 36.09525], [136.9444, 36.09198], [136.94942, 36.08964], [136.95053, 36.08819], [136.95121, 36.08859], [136.95353, 36.0851], [136.95526, 36.0844], [136.95467, 36.08359], [136.95585, 36.08148], [136.95161, 36.0782], [136.95123, 36.07512], [136.95414, 36.07355], [136.95771, 36.07675], [136.96454, 36.0797], [136.96352, 36.07756], [136.96088, 36.07668], [136.95724, 36.0739], [136.95798, 36.07201], [136.95369, 36.07239], [136.94924, 36.07421], [136.94842, 36.07372], [136.94883, 36.07307], [136.94454, 36.07074], [136.94318, 36.06268], [136.94442, 36.06173], [136.94317, 36.06174], [136.94289, 36.05906], [136.94173, 36.05908], [136.94079, 36.05757], [136.94113, 36.05471], [136.94402, 36.0524], [136.94443, 36.05166], [136.94382, 36.05135], [136.94075, 36.05416], [136.93994, 36.05684], [136.93919, 36.05702], [136.9416, 36.06137], [136.9415, 36.06754], [136.94082, 36.06794], [136.94235, 36.07153], [136.94178, 36.07383], [136.94386, 36.07642], [136.94694, 36.0762], [136.94817, 36.08102], [136.94666, 36.08193], [136.94411, 36.08714], [136.9363, 36.09205], [136.93649, 36.09652], [136.93497, 36.0991], [136.93152, 36.09904], [136.92758, 36.09569], [136.92605, 36.09533], [136.92613, 36.0919], [136.92379, 36.09062], [136.92138, 36.0864], [136.91702, 36.08493], [136.91206, 36.08163], [136.90855, 36.08086], [136.90666, 36.07952], [136.90706, 36.07752], [136.90489, 36.07551], [136.90431, 36.07535], [136.90662, 36.07752], [136.90638, 36.079], [136.90532, 36.07962], [136.89805, 36.07766], [136.89421, 36.0748], [136.89144, 36.07421], [136.89023, 36.07245], [136.88623, 36.07231], [136.88975, 36.07276], [136.89057, 36.07421], [136.894, 36.07521], [136.89745, 36.07798], [136.90031, 36.079], [136.90018, 36.07967], [136.9024, 36.07916], [136.90654, 36.08065], [136.91084, 36.0829], [136.91197, 36.08488], [136.91387, 36.08502], [136.91544, 36.08577], [136.91511, 36.08626], [136.91816, 36.08723], [136.92068, 36.08974], [136.92114, 36.09169], [136.92331, 36.09297], [136.9239, 36.09678], [136.92812, 36.10007], [136.9291, 36.10195], [136.92844, 36.10295], [136.92966, 36.10299], [136.92958, 36.10404], [136.92801, 36.1054], [136.92855, 36.10575], [136.92806, 36.10701], [136.92932, 36.10766], [136.92574, 36.10882], [136.92286, 36.11309], [136.92064, 36.11299], [136.92188, 36.11406], [136.92113, 36.11574], [136.91814, 36.11851], [136.91703, 36.12126], [136.914, 36.12317], [136.91445, 36.12364], [136.91329, 36.12418], [136.91322, 36.12607], [136.90655, 36.12683], [136.91195, 36.12845], [136.90884, 36.13431], [136.90855, 36.13591], [136.90991, 36.13623], [136.90867, 36.13649], [136.90857, 36.13766], [136.91277, 36.13829], [136.91534, 36.13311], [136.9175, 36.13198], [136.91839, 36.12782], [136.91939, 36.127], [136.93038, 36.12695]]]}, "properties": {"name": "御母衣湖"}}, {"type": "Feature", "geometry": {"type": "Polygon", "coordinates": [[[137.42069, 36.07797], [137.42093, 36.07683], [137.42424, 36.07509], [137.42416, 36.07328], [137.42591, 36.07082], [137.43223, 36.06914], [137.42846, 36.06989], [137.42638, 36.06947], [137.42563, 36.06813], [137.42725, 36.06467], [137.42673, 36.06366], [137.42723, 36.06016], [137.42869, 36.05918], [137.4292, 36.05718], [137.42644, 36.05911], [137.42538, 36.06311], [137.42586, 36.06478], [137.42443, 36.06651], [137.42397, 36.07107], [137.42183, 36.07345], [137.42061, 36.07423], [137.41491, 36.07358], [137.41179, 36.07445], [137.41132, 36.0761], [137.41297, 36.07674], [137.41663, 36.07645], [137.42069, 36.07797]]]}, "properties": {"name": "朝日貯水池"}}, {"type": "Feature", "geometry": {"type": "Polygon", "coordinates": [[[137.4354, 35.40243], [137.43315, 35.40369], [137.43469, 35.40611], [137.43385, 35.40919], [137.43255, 35.40915], [137.43369, 35.41077], [137.43206, 35.41121], [137.43221, 35.41225], [137.43074, 35.41081], [137.43027, 35.4128], [137.42662, 35.41288], [137.43141, 35.41349], [137.43178, 35.41536], [137.43352, 35.41724], [137.42966, 35.4193], [137.42948, 35.42175], [137.42783, 35.42463], [137.43289, 35.42472], [137.43447, 35.42173], [137.43447, 35.41958], [137.43624, 35.41724], [137.43856, 35.4156], [137.44029, 35.41543], [137.44124, 35.4166], [137.44276, 35.41616], [137.4443, 35.41333], [137.44354, 35.41194], [137.44679, 35.41039], [137.44741, 35.41082], [137.44705, 35.41016], [137.44536, 35.41033], [137.44251, 35.41162], [137.44168, 35.41019], [137.44296, 35.40906], [137.44571, 35.40899], [137.44893, 35.40702], [137.44599, 35.40718], [137.44264, 35.40861], [137.44073, 35.41027], [137.44082, 35.41243], [137.43495, 35.41481], [137.43365, 35.41363], [137.43548, 35.41292], [137.43621, 35.41073], [137.43576, 35.40575], [137.43735, 35.4045], [137.43608, 35.40427], [137.43534, 35.40513], [137.43385, 35.40362], [137.43552, 35.40266], [137.43516, 35.40114], [137.4354, 35.40243]]]}, "properties": {"name": "阿木川湖"}}, {"type": "Feature", "geometry": {"type": "Polygon", "coordinates": [[[137.49227, 35.44265], [137.49348, 35.44171], [137.49693, 35.44175], [137.49156, 35.4401], [137.49084, 35.44049], [137.4914, 35.44158], [137.49077, 35.44274], [137.48866, 35.44382], [137.49122, 35.44451], [137.49227, 35.44265]]]}, "properties": {"name": "保古ノ湖"}}, {"type": "Feature", "geometry": {"type": "Polygon", "coordinates": [[[137.50019, 35.44405], [137.49762, 35.44454], [137.4972, 35.44594], [137.50088, 35.44681], [137.50019, 35.44405]]]}, "properties": {"name": "根ノ上湖"}}, {"type": "Feature", "geometry": {"type": "Polygon", "coordinates": [[[137.47317, 35.54259], [137.47037, 35.54229], [137.47008, 35.54417], [137.47156, 35.54369], [137.4731, 35.54424], [137.47335, 35.54328], [137.47513, 35.54309], [137.47317, 35.54259]]]}, "properties": {"name": "高峰湖"}}, {"type": "Feature", "geometry": {"type": "Polygon", "coordinates": [[[137.49698, 35.58825], [137.49812, 35.58827], [137.49764, 35.58759], [137.49826, 35.58696], [137.50111, 35.58739], [137.50158, 35.5868], [137.49893, 35.5848], [137.49574, 35.58653], [137.4958, 35.58803], [137.49698, 35.58825]]]}, "properties": {"name": "椛ノ湖"}}, {"type": "Feature", "geometry": {"type": "Polygon", "coordinates": [[[137.28869, 35.41723], [137.28851, 35.41647], [137.28669, 35.41739], [137.28495, 35.41699], [137.28394, 35.41886], [137.2847, 35.41924], [137.28529, 35.41836], [137.28869, 35.41723]]]}, "properties": {"name": "竜吟湖"}}, {"type": "Feature", "geometry": {"type": "Polygon", "coordinates": [[[137.20883, 35.41988], [137.21036, 35.4198], [137.20726, 35.41719], [137.21114, 35.41682], [137.20931, 35.41628], [137.20984, 35.41458], [137.20848, 35.41623], [137.20717, 35.41594], [137.20719, 35.41434], [137.2041, 35.41506], [137.20744, 35.4114], [137.20527, 35.41313], [137.20087, 35.41479], [137.19879, 35.41838], [137.19977, 35.41899], [137.20142, 35.41712], [137.20234, 35.41814], [137.20506, 35.41738], [137.20479, 35.4198], [137.20634, 35.41724], [137.20845, 35.4186], [137.20883, 35.41988]]]}, "properties": {"name": "松野湖"}}, {"type": "Feature", "geometry": {"type": "Polygon", "coordinates": [[[137.17128, 35.47249], [137.17203, 35.4737], [137.17373, 35.46999], [137.1804, 35.47269], [137.18681, 35.47375], [137.18706, 35.47562], [137.18611, 35.47673], [137.1867, 35.48014], [137.19245, 35.48172], [137.18692, 35.47994], [137.1865, 35.47668], [137.18799, 35.47602], [137.188, 35.47383], [137.19615, 35.47435], [137.19812, 35.47307], [137.2005, 35.47378], [137.19872, 35.47256], [137.19916, 35.47194], [137.20466, 35.47045], [137.20836, 35.47193], [137.21139, 35.47492], [137.21445, 35.47557], [137.21771, 35.47325], [137.2188, 35.4733], [137.21781, 35.47288], [137.21845, 35.4718], [137.22099, 35.46995], [137.22636, 35.47327], [137.23049, 35.47346], [137.23343, 35.47109], [137.23206, 35.46654], [137.2323, 35.4642], [137.23394, 35.46172], [137.23411, 35.45966], [137.23592, 35.4578], [137.23568, 35.45709], [137.23349, 35.45871], [137.23146, 35.46339], [137.23092, 35.46665], [137.23215, 35.47089], [137.22927, 35.47221], [137.22685, 35.47212], [137.22274, 35.46846], [137.21927, 35.46913], [137.21611, 35.47295], [137.21379, 35.47406], [137.21146, 35.47281], [137.20911, 35.4697], [137.20411, 35.46877], [137.20292, 35.4682], [137.2032, 35.46729], [137.20194, 35.46717], [137.20261, 35.46879], [137.19501, 35.47289], [137.18599, 35.47247], [137.18196, 35.47144], [137.18275, 35.47033], [137.18098, 35.47101], [137.18017, 35.47073], [137.18043, 35.47019], [137.17296, 35.46804], [137.17178, 35.46959], [137.17249, 35.47006], [137.17164, 35.47054], [137.17128, 35.47249]]]}, "properties": {"name": "丸山蘇水湖"}}, {"type": "Feature", "geometry": {"type": "Polygon", "coordinates": [[[137.41995, 35.23299], [137.41858, 35.23585], [137.42099, 35.23654], [137.42143, 35.2345], [137.42457, 35.23277], [137.42502, 35.23084], [137.42583, 35.23043], [137.42548, 35.22956], [137.42648, 35.229], [137.4258, 35.22828], [137.42682, 35.22798], [137.42651, 35.22677], [137.42836, 35.2256], [137.43001, 35.22574], [137.43093, 35.22409], [137.43567, 35.22705], [137.43823, 35.23276], [137.44099, 35.23307], [137.44439, 35.23592], [137.44884, 35.23588], [137.45082, 35.23724], [137.45278, 35.24079], [137.45408, 35.24087], [137.45423, 35.24025], [137.45068, 35.23471], [137.44748, 35.23375], [137.44778, 35.23006], [137.44537, 35.22889], [137.44242, 35.23018], [137.44027, 35.22874], [137.43837, 35.2254], [137.4387, 35.22465], [137.43795, 35.22489], [137.43655, 35.2233], [137.43394, 35.22312], [137.43159, 35.22114], [137.42583, 35.22078], [137.42674, 35.22411], [137.42083, 35.22315], [137.41891, 35.22475], [137.42059, 35.21815], [137.42029, 35.21669], [137.42167, 35.21615], [137.42205, 35.2149], [137.41932, 35.2166], [137.4198, 35.21807], [137.41895, 35.22201], [137.41694, 35.22421], [137.41732, 35.22512], [137.41633, 35.22521], [137.41807, 35.22679], [137.42078, 35.22536], [137.42501, 35.22537], [137.42318, 35.22769], [137.42281, 35.22988], [137.41995, 35.23299]]]}, "properties": {"name": "奥矢作湖"}}, {"type": "Feature", "geometry": {"type": "Polygon", "coordinates": [[[136.70575, 35.56526], [136.7052, 35.56403], [136.70325, 35.56396], [136.70354, 35.5626], [136.70219, 35.56264], [136.70165, 35.56591], [136.70031, 35.5671], [136.70248, 35.56666], [136.70376, 35.56475], [136.70575, 35.56526]]]}, "properties": {"name": "伊自良湖"}}, {"type": "Feature", "geometry": {"type": "Polygon", "coordinates": [[[137.00683, 36.22513], [137.00921, 36.22426], [137.01271, 36.2254], [137.01479, 36.2248], [137.01606, 36.22622], [137.0167, 36.2282], [137.01569, 36.22869], [137.01642, 36.22896], [137.01678, 36.23068], [137.01656, 36.23205], [137.01497, 36.23222], [137.01633, 36.23326], [137.01531, 36.23427], [137.01696, 36.23456], [137.0167, 36.23583], [137.0179, 36.23585], [137.02009, 36.23908], [137.02163, 36.2392], [137.02439, 36.2425], [137.02136, 36.24296], [137.02544, 36.24589], [137.02437, 36.24762], [137.02714, 36.24909], [137.02749, 36.24788], [137.02999, 36.24634], [137.03088, 36.24479], [137.03539, 36.24537], [137.03653, 36.2442], [137.03496, 36.24393], [137.03464, 36.24286], [137.03228, 36.24254], [137.02997, 36.2402], [137.02961, 36.24061], [137.02816, 36.23685], [137.02666, 36.23516], [137.02669, 36.23361], [137.02508, 36.23343], [137.02377, 36.23194], [137.02401, 36.23107], [137.02302, 36.23124], [137.0215, 36.22972], [137.0209, 36.22841], [137.02137, 36.22679], [137.01945, 36.22474], [137.01843, 36.22188], [137.02239, 36.22001], [137.02351, 36.22056], [137.02304, 36.21929], [137.02433, 36.21908], [137.02452, 36.21832], [137.0318, 36.21744], [137.03138, 36.21661], [137.03232, 36.21601], [137.03025, 36.21146], [137.03162, 36.20938], [137.03156, 36.20693], [137.0331, 36.20654], [137.03665, 36.20753], [137.03773, 36.2062], [137.0374, 36.20468], [137.03688, 36.20425], [137.03719, 36.20554], [137.0362, 36.20607], [137.03068, 36.20538], [137.02991, 36.20617], [137.03021, 36.2104], [137.02919, 36.21069], [137.02781, 36.21279], [137.02933, 36.21506], [137.02889, 36.21555], [137.02182, 36.21653], [137.01923, 36.2154], [137.02008, 36.21772], [137.01536, 36.22069], [137.01489, 36.22363], [137.00921, 36.22354], [137.00683, 36.22513]]]}, "properties": {"name": "下小鳥ダム貯水池"}}, {"type": "Feature", "geometry": {"type": "Polygon", "coordinates": [[[137.15617, 35.79095], [137.15801, 35.79183], [137.16072, 35.79138], [137.1595, 35.79286], [137.15673, 35.79358], [137.15534, 35.79743], [137.15202, 35.79771], [137.15163, 35.79834], [137.15644, 35.79909], [137.15362, 35.80071], [137.15387, 35.80196], [137.1559, 35.80401], [137.16115, 35.80442], [137.16135, 35.80559], [137.15861, 35.80782], [137.15962, 35.80869], [137.16148, 35.80848], [137.15926, 35.80774], [137.16231, 35.80565], [137.16226, 35.80444], [137.16045, 35.80305], [137.158, 35.80306], [137.15503, 35.80126], [137.1577, 35.8001], [137.15747, 35.79662], [137.15912, 35.79476], [137.16148, 35.79326], [137.16209, 35.79411], [137.16179, 35.7923], [137.16312, 35.79225], [137.1629, 35.79086], [137.16597, 35.78963], [137.16664, 35.78802], [137.16607, 35.78662], [137.17004, 35.78732], [137.17229, 35.78546], [137.17434, 35.78595], [137.17766, 35.78442], [137.18034, 35.78552], [137.18411, 35.79001], [137.18412, 35.79107], [137.18283, 35.79183], [137.18201, 35.79411], [137.18061, 35.79528], [137.18104, 35.79873], [137.18276, 35.79991], [137.18567, 35.79927], [137.18553, 35.80068], [137.18692, 35.79918], [137.18637, 35.79844], [137.18265, 35.79915], [137.18202, 35.79842], [137.18153, 35.79578], [137.18564, 35.79095], [137.1852, 35.78905], [137.18188, 35.78516], [137.18221, 35.78325], [137.18071, 35.78427], [137.17858, 35.78306], [137.17451, 35.78407], [137.17181, 35.78346], [137.16879, 35.78536], [137.16483, 35.78506], [137.16357, 35.78593], [137.16433, 35.78762], [137.1638, 35.78851], [137.16325, 35.78648], [137.16395, 35.78228], [137.16621, 35.77803], [137.16563, 35.77741], [137.167, 35.7764], [137.16609, 35.77649], [137.16601, 35.77441], [137.16376, 35.77661], [137.16246, 35.78048], [137.15914, 35.77901], [137.15751, 35.77746], [137.15772, 35.77658], [137.1563, 35.77612], [137.15685, 35.77507], [137.15474, 35.77491], [137.15449, 35.77396], [137.15152, 35.77196], [137.15137, 35.77027], [137.15404, 35.76671], [137.15655, 35.7643], [137.15785, 35.76525], [137.15767, 35.76274], [137.1596, 35.76248], [137.15939, 35.76102], [137.15511, 35.76094], [137.15316, 35.76195], [137.1492, 35.76232], [137.14966, 35.76335], [137.14647, 35.76688], [137.143, 35.76793], [137.14587, 35.76964], [137.14496, 35.77023], [137.14488, 35.77411], [137.14575, 35.7748], [137.14455, 35.77556], [137.14578, 35.77592], [137.14406, 35.77748], [137.14517, 35.77812], [137.14734, 35.77711], [137.1481, 35.77792], [137.14874, 35.7765], [137.15082, 35.77604], [137.15218, 35.77708], [137.15204, 35.77928], [137.15824, 35.78094], [137.15727, 35.78237], [137.15789, 35.78398], [137.15621, 35.78467], [137.15663, 35.78575], [137.15445, 35.78686], [137.15241, 35.78687], [137.15336, 35.7884], [137.15537, 35.7882], [137.15575, 35.78891], [137.15829, 35.78803], [137.15597, 35.78973], [137.15617, 35.79095]], [[137.16109, 35.78976], [137.16024, 35.78885], [137.16038, 35.78652], [137.16186, 35.7897], [137.16109, 35.78976]]]}, "properties": {"name": "東仙峡金山湖"}}, {"type": "Feature", "geometry": {"type": "Polygon", "coordinates": [[[136.47579, 35.23772], [136.4761, 35.2369], [136.47539, 35.23713], [136.4755, 35.23869], [136.47361, 35.2385], [136.47425, 35.23932], [136.47612, 35.23933], [136.47603, 35.24059], [136.47358, 35.24025], [136.47461, 35.24114], [136.4746, 35.24242], [136.47622, 35.24322], [136.48167, 35.24178], [136.4835, 35.24058], [136.47697, 35.24157], [136.47958, 35.24058], [136.47913, 35.24018], [136.47968, 35.23983], [136.48059, 35.24018], [136.48033, 35.23956], [136.4811, 35.23962], [136.48055, 35.23916], [136.48209, 35.23838], [136.48205, 35.23733], [136.47982, 35.23952], [136.47892, 35.23924], [136.47719, 35.24032], [136.47765, 35.2388], [136.48003, 35.23734], [136.47934, 35.23704], [136.48016, 35.23636], [136.4796, 35.23514], [136.47793, 35.23812], [136.47626, 35.23882], [136.47657, 35.23799], [136.47579, 35.23772]]]}, "properties": {"name": "水嶺湖"}}, {"type": "Feature", "geometry": {"type": "Polygon", "coordinates": [[[136.49005, 35.40158], [136.48995, 35.39836], [136.48915, 35.39728], [136.48186, 35.40173], [136.48566, 35.40062], [136.48745, 35.39923], [136.48907, 35.39953], [136.49005, 35.40158]]]}, "properties": {"name": "明神湖"}}, {"type": "Feature", "geometry": {"type": "Polygon", "coordinates": [[[136.46177, 35.6042], [136.46115, 35.60147], [136.46387, 35.5987], [136.46345, 35.59617], [136.45935, 35.59596], [136.45633, 35.59263], [136.45473, 35.59339], [136.45665, 35.59636], [136.46196, 35.59813], [136.45901, 35.60141], [136.45941, 35.60492], [136.46177, 35.6042]]]}, "properties": {"name": "奥いび湖"}}, {"type": "Feature", "geometry": {"type": "Polygon", "coordinates": [[[137.10267, 35.46579], [137.10584, 35.46684], [137.10523, 35.46774], [137.1092, 35.47024], [137.11019, 35.47231], [137.11162, 35.47329], [137.11917, 35.47093], [137.12201, 35.47124], [137.12402, 35.47224], [137.12545, 35.47514], [137.12807, 35.47725], [137.13125, 35.47653], [137.13595, 35.47712], [137.13811, 35.47638], [137.13947, 35.47683], [137.13866, 35.47768], [137.13926, 35.47879], [137.13875, 35.47772], [137.13977, 35.47674], [137.13879, 35.47626], [137.13962, 35.47518], [137.13956, 35.47193], [137.14073, 35.47159], [137.15217, 35.47621], [137.15442, 35.4763], [137.15284, 35.47468], [137.1408, 35.46997], [137.13879, 35.47019], [137.1385, 35.47207], [137.13556, 35.47553], [137.13106, 35.47402], [137.12808, 35.47531], [137.12539, 35.47155], [137.12239, 35.4699], [137.11911, 35.46973], [137.11221, 35.47148], [137.10654, 35.46636], [137.10684, 35.46583], [137.10533, 35.4657], [137.1045, 35.4641], [137.10267, 35.46579]]]}, "properties": {"name": "兼山ダム貯水池"}}, {"type": "Feature", "geometry": {"type": "Polygon", "coordinates": [[[136.82273, 36.14451], [136.82057, 36.1425], [136.82258, 36.13924], [136.81775, 36.13343], [136.81554, 36.13229], [136.81363, 36.12959], [136.81193, 36.12899], [136.81131, 36.12681], [136.81029, 36.12673], [136.80974, 36.12576], [136.80882, 36.12704], [136.81113, 36.12973], [136.8127, 36.13431], [136.81547, 36.13641], [136.8169, 36.13913], [136.81654, 36.14026], [136.81775, 36.14036], [136.81747, 36.14111], [136.81905, 36.14275], [136.8203, 36.14266], [136.82273, 36.14451]]]}, "properties": {"name": "白水湖"}}, {"type": "Feature", "geometry": {"type": "Polygon", "coordinates": [[[136.88964, 36.29522], [136.89329, 36.30409], [136.89537, 36.30532], [136.89335, 36.30808], [136.89581, 36.31166], [136.89218, 36.31292], [136.88977, 36.31213], [136.89171, 36.31367], [136.89691, 36.31273], [136.89809, 36.31185], [136.89571, 36.30782], [136.89736, 36.30674], [136.89702, 36.30451], [136.89465, 36.30302], [136.89321, 36.29882], [136.89125, 36.29598], [136.89269, 36.2951], [136.89544, 36.29494], [136.89536, 36.29276], [136.89728, 36.29448], [136.90223, 36.29431], [136.89764, 36.29375], [136.89621, 36.29211], [136.89417, 36.29131], [136.89273, 36.2916], [136.89403, 36.29405], [136.88964, 36.29522]]]}, "properties": {"name": "椿原ダム貯水池"}}, {"type": "Feature", "geometry": {"type": "Polygon", "coordinates": [[[136.89466, 36.24092], [136.89238, 36.23872], [136.89254, 36.23265], [136.89034, 36.2292], [136.8829, 36.2263], [136.88022, 36.22336], [136.88194, 36.22203], [136.88185, 36.22073], [136.88463, 36.21853], [136.8838, 36.21873], [136.88538, 36.21733], [136.88479, 36.21675], [136.87921, 36.22267], [136.87761, 36.22539], [136.87801, 36.22671], [136.88124, 36.22823], [136.88102, 36.22947], [136.88313, 36.2303], [136.88568, 36.23016], [136.887, 36.23155], [136.8873, 36.23886], [136.89023, 36.24268], [136.89206, 36.24269], [136.89245, 36.24782], [136.89432, 36.24866], [136.89615, 36.24629], [136.89616, 36.2443], [136.89466, 36.24092]]]}, "properties": {"name": "鳩山ダム貯水池"}}, {"type": "Feature", "geometry": {"type": "Polygon", "coordinates": [[[138.249, 35.22952], [138.25254, 35.23188], [138.25346, 35.23427], [138.25306, 35.23598], [138.24682, 35.2404], [138.24516, 35.24548], [138.24286, 35.24638], [138.24193, 35.2507], [138.23863, 35.25217], [138.24189, 35.2517], [138.24106, 35.25649], [138.23873, 35.25733], [138.2362, 35.25606], [138.23524, 35.25717], [138.23708, 35.25721], [138.23854, 35.2592], [138.24123, 35.25937], [138.24536, 35.25759], [138.24686, 35.2525], [138.24669, 35.25071], [138.24521, 35.24893], [138.24953, 35.24434], [138.2528, 35.24429], [138.24974, 35.2425], [138.24998, 35.24122], [138.25461, 35.23782], [138.2565, 35.23912], [138.25551, 35.23651], [138.2578, 35.23413], [138.25701, 35.23194], [138.25852, 35.23021], [138.25632, 35.23105], [138.25503, 35.22944], [138.25076, 35.22781], [138.25079, 35.22591], [138.2522, 35.22614], [138.25173, 35.22549], [138.24983, 35.22596], [138.24834, 35.2246], [138.24974, 35.22286], [138.24983, 35.221], [138.25213, 35.21935], [138.2485, 35.21956], [138.24783, 35.21757], [138.24427, 35.21406], [138.24402, 35.21258], [138.2451, 35.21144], [138.24231, 35.21179], [138.23978, 35.21014], [138.23795, 35.21011], [138.23862, 35.2095], [138.23778, 35.20847], [138.24024, 35.20461], [138.23968, 35.20412], [138.24015, 35.20307], [138.23891, 35.20213], [138.23896, 35.20325], [138.23636, 35.20655], [138.23538, 35.21031], [138.23416, 35.21026], [138.23277, 35.20854], [138.23064, 35.20787], [138.23186, 35.20639], [138.23162, 35.20542], [138.23106, 35.20654], [138.22763, 35.20715], [138.22688, 35.20662], [138.22387, 35.20819], [138.22276, 35.21117], [138.22469, 35.21079], [138.22378, 35.21248], [138.22458, 35.21401], [138.22804, 35.21504], [138.23063, 35.21328], [138.23289, 35.21299], [138.23366, 35.21395], [138.23287, 35.21722], [138.23473, 35.21341], [138.23619, 35.21375], [138.23863, 35.21627], [138.23815, 35.21707], [138.23878, 35.21926], [138.24073, 35.21993], [138.24061, 35.22107], [138.24434, 35.22189], [138.24376, 35.22518], [138.24517, 35.22745], [138.24589, 35.22827], [138.24894, 35.22886], [138.249, 35.22952]]]}, "properties": {"name": "井川湖"}}, {"type": "Feature", "geometry": {"type": "Polygon", "coordinates": [[[138.18779, 35.362], [138.18908, 35.36265], [138.18761, 35.36123], [138.18842, 35.3588], [138.18631, 35.35547], [138.18631, 35.35091], [138.1837, 35.3491], [138.1847, 35.34738], [138.18436, 35.34554], [138.18289, 35.34418], [138.18035, 35.34356], [138.1766, 35.33535], [138.17718, 35.33414], [138.17679, 35.33156], [138.17817, 35.33151], [138.17961, 35.32961], [138.17771, 35.32573], [138.18255, 35.32482], [138.18361, 35.32221], [138.18267, 35.32068], [138.18049, 35.32121], [138.17994, 35.32239], [138.17542, 35.32163], [138.17215, 35.32301], [138.17209, 35.32565], [138.17587, 35.32921], [138.17366, 35.32971], [138.17267, 35.33362], [138.17192, 35.33386], [138.17065, 35.33319], [138.16954, 35.33086], [138.16987, 35.32742], [138.16927, 35.32583], [138.16777, 35.32551], [138.16655, 35.32619], [138.16534, 35.32512], [138.16169, 35.3253], [138.16004, 35.32235], [138.16096, 35.32195], [138.15973, 35.322], [138.15939, 35.32286], [138.16095, 35.32624], [138.16801, 35.32725], [138.16789, 35.33138], [138.16882, 35.33418], [138.17057, 35.33581], [138.17226, 35.33555], [138.17336, 35.33702], [138.17086, 35.33958], [138.16918, 35.33977], [138.16897, 35.34095], [138.16772, 35.34029], [138.16702, 35.34074], [138.16884, 35.34141], [138.17308, 35.33965], [138.17696, 35.34495], [138.17862, 35.34586], [138.18231, 35.34603], [138.18278, 35.34756], [138.182, 35.34799], [138.18222, 35.34968], [138.18503, 35.35148], [138.18514, 35.35286], [138.18437, 35.35404], [138.18147, 35.35342], [138.18109, 35.35549], [138.1818, 35.35449], [138.18393, 35.35478], [138.1839, 35.35633], [138.18667, 35.35887], [138.18779, 35.362]]]}, "properties": {"name": "畑薙湖"}}, {"type": "Feature", "geometry": {"type": "Polygon", "coordinates": [[[138.19561, 35.41194], [138.196, 35.41078], [138.19788, 35.41241], [138.19874, 35.41175], [138.19631, 35.40985], [138.19475, 35.41032], [138.19398, 35.4125], [138.1928, 35.41106], [138.19285, 35.41252], [138.19402, 35.41331], [138.19404, 35.41518], [138.1976, 35.41804], [138.19667, 35.41863], [138.1972, 35.41989], [138.19791, 35.41779], [138.19542, 35.41513], [138.19561, 35.41194]]]}, "properties": {"name": "赤石ダム湖"}}, {"type": "Feature", "geometry": {"type": "Polygon", "coordinates": [[[137.69605, 34.7201], [137.6971, 34.71973], [137.69719, 34.71757], [137.69483, 34.71555], [137.69585, 34.71337], [137.69008, 34.7047], [137.68662, 34.70284], [137.68319, 34.70292], [137.68168, 34.70633], [137.68844, 34.71258], [137.69148, 34.71834], [137.69605, 34.7201]]]}, "properties": {"name": "佐鳴湖"}}, {"type": "Feature", "geometry": {"type": "Polygon", "coordinates": [[[137.59734, 34.78864], [137.60321, 34.78765], [137.606, 34.78585], [137.60686, 34.78327], [137.60528, 34.78054], [137.60591, 34.7799], [137.60982, 34.78131], [137.61404, 34.78071], [137.61332, 34.78276], [137.61583, 34.78413], [137.61473, 34.78578], [137.61521, 34.78739], [137.61339, 34.78905], [137.61348, 34.78989], [137.61419, 34.79054], [137.61423, 34.78962], [137.61578, 34.78901], [137.61621, 34.78994], [137.61542, 34.79282], [137.61856, 34.79311], [137.62075, 34.79489], [137.62025, 34.79772], [137.61896, 34.79872], [137.61991, 34.80104], [137.6211, 34.80149], [137.62304, 34.79898], [137.62398, 34.79887], [137.62451, 34.79995], [137.62317, 34.80144], [137.62457, 34.80111], [137.62499, 34.80171], [137.62979, 34.80028], [137.63041, 34.79783], [137.6323, 34.79699], [137.63325, 34.79746], [137.64126, 34.79442], [137.6437, 34.79455], [137.64533, 34.79336], [137.64592, 34.79076], [137.64479, 34.78931], [137.64272, 34.78946], [137.63974, 34.78799], [137.64, 34.78677], [137.64249, 34.78716], [137.6433, 34.78654], [137.64176, 34.78318], [137.63804, 34.78356], [137.63519, 34.78256], [137.63324, 34.78318], [137.62636, 34.77942], [137.62382, 34.77652], [137.62491, 34.77564], [137.62606, 34.77604], [137.62586, 34.77437], [137.62382, 34.77368], [137.62047, 34.77411], [137.61727, 34.77634], [137.61668, 34.77619], [137.61705, 34.77535], [137.61592, 34.77539], [137.61733, 34.77352], [137.6174, 34.77186], [137.61662, 34.77092], [137.6173, 34.76872], [137.62235, 34.7677], [137.62851, 34.76814], [137.62907, 34.76709], [137.62798, 34.7646], [137.61822, 34.76271], [137.61751, 34.76566], [137.61463, 34.76739], [137.61351, 34.76679], [137.61345, 34.76782], [137.61566, 34.77001], [137.61337, 34.77038], [137.61007, 34.76826], [137.61183, 34.76745], [137.61228, 34.76568], [137.61171, 34.76245], [137.60993, 34.7617], [137.60939, 34.76055], [137.61036, 34.76007], [137.60927, 34.76036], [137.60786, 34.75849], [137.60933, 34.75773], [137.60775, 34.75839], [137.60699, 34.75745], [137.60847, 34.7565], [137.60683, 34.75731], [137.60516, 34.75617], [137.60582, 34.75504], [137.60492, 34.75602], [137.60401, 34.75549], [137.60447, 34.75466], [137.60369, 34.75549], [137.60116, 34.75443], [137.60012, 34.75291], [137.60084, 34.75239], [137.60004, 34.75264], [137.5975, 34.74901], [137.59796, 34.7486], [137.59514, 34.74543], [137.59153, 34.7389], [137.58918, 34.73133], [137.59023, 34.73113], [137.58907, 34.73109], [137.58831, 34.72863], [137.58818, 34.72505], [137.5893, 34.7253], [137.58827, 34.72442], [137.58969, 34.72326], [137.5904, 34.72366], [137.58989, 34.72301], [137.59312, 34.72096], [137.5934, 34.72165], [137.5947, 34.7204], [137.59984, 34.72088], [137.60642, 34.7249], [137.60819, 34.72974], [137.60664, 34.73006], [137.60827, 34.72997], [137.60863, 34.73274], [137.60767, 34.73367], [137.61234, 34.73857], [137.6151, 34.73701], [137.61721, 34.73775], [137.61504, 34.73628], [137.61713, 34.735], [137.61794, 34.73642], [137.61747, 34.73478], [137.62245, 34.7321], [137.62187, 34.73255], [137.62421, 34.73488], [137.62575, 34.74094], [137.62547, 34.74309], [137.62723, 34.7459], [137.62716, 34.74731], [137.62861, 34.74857], [137.62847, 34.75034], [137.6313, 34.75186], [137.6314, 34.75367], [137.63213, 34.75314], [137.63544, 34.75438], [137.63857, 34.7543], [137.6474, 34.76054], [137.64986, 34.76137], [137.65311, 34.7612], [137.65141, 34.76091], [137.65176, 34.75726], [137.64766, 34.75572], [137.64443, 34.75062], [137.64106, 34.74807], [137.63926, 34.74787], [137.63519, 34.74285], [137.63545, 34.73934], [137.63989, 34.7399], [137.64294, 34.73605], [137.63813, 34.73137], [137.63777, 34.73241], [137.63577, 34.73183], [137.63589, 34.731], [137.6338, 34.73096], [137.63185, 34.72841], [137.63246, 34.72809], [137.6296, 34.72937], [137.62144, 34.71971], [137.62355, 34.71748], [137.62225, 34.71564], [137.61989, 34.7144], [137.61993, 34.71015], [137.61846, 34.70784], [137.61822, 34.70526], [137.61389, 34.70595], [137.61369, 34.70126], [137.60736, 34.68701], [137.60789, 34.68662], [137.60861, 34.6874], [137.60798, 34.68634], [137.60703, 34.68689], [137.60883, 34.68322], [137.60869, 34.68128], [137.60789, 34.68148], [137.608, 34.68226], [137.60718, 34.68052], [137.60592, 34.68014], [137.60468, 34.67999], [137.60438, 34.68078], [137.5995, 34.67976], [137.59894, 34.67606], [137.59771, 34.67805], [137.59663, 34.67798], [137.59633, 34.68013], [137.58807, 34.68276], [137.58602, 34.68496], [137.58532, 34.68425], [137.58571, 34.68518], [137.58361, 34.6858], [137.57863, 34.69078], [137.57893, 34.69275], [137.58436, 34.69274], [137.58438, 34.69513], [137.56896, 34.6948], [137.56415, 34.69555], [137.56551, 34.69944], [137.564, 34.70013], [137.56571, 34.69992], [137.56602, 34.70097], [137.56587, 34.70249], [137.56494, 34.70227], [137.56493, 34.70322], [137.56383, 34.70332], [137.56615, 34.70394], [137.56459, 34.70659], [137.56277, 34.70603], [137.56506, 34.70703], [137.56367, 34.71097], [137.55496, 34.7094], [137.55837, 34.71027], [137.55663, 34.71543], [137.55682, 34.71489], [137.55577, 34.71454], [137.55619, 34.71637], [137.55546, 34.71647], [137.55598, 34.71668], [137.55513, 34.71803], [137.55367, 34.71808], [137.5551, 34.71819], [137.55306, 34.72289], [137.54958, 34.72374], [137.54744, 34.72337], [137.5474, 34.72191], [137.54485, 34.71753], [137.54518, 34.71832], [137.54127, 34.72137], [137.54031, 34.7209], [137.54115, 34.72146], [137.54044, 34.72229], [137.53968, 34.72192], [137.54102, 34.72317], [137.53682, 34.7249], [137.53405, 34.72425], [137.53396, 34.72494], [137.53146, 34.72485], [137.53103, 34.72385], [137.52905, 34.72338], [137.53009, 34.72442], [137.52893, 34.72516], [137.52937, 34.72632], [137.53081, 34.727], [137.5281, 34.73223], [137.52868, 34.73151], [137.53038, 34.73238], [137.53567, 34.7326], [137.53571, 34.73355], [137.53583, 34.73263], [137.538, 34.73273], [137.53803, 34.73355], [137.53843, 34.73173], [137.54193, 34.73361], [137.54087, 34.73869], [137.53757, 34.74605], [137.53266, 34.74916], [137.53063, 34.7484], [137.53, 34.74893], [137.52973, 34.74806], [137.52885, 34.75076], [137.5349, 34.7551], [137.53738, 34.75605], [137.53852, 34.75763], [137.53187, 34.75822], [137.53008, 34.75699], [137.53007, 34.75492], [137.52847, 34.75437], [137.5258, 34.75598], [137.52233, 34.75459], [137.5202, 34.75599], [137.51528, 34.75395], [137.51441, 34.7543], [137.51469, 34.75574], [137.5127, 34.7567], [137.51456, 34.75772], [137.51333, 34.75927], [137.51676, 34.75896], [137.52358, 34.76329], [137.52652, 34.76408], [137.52894, 34.76177], [137.53101, 34.76105], [137.53168, 34.75975], [137.53239, 34.76085], [137.53148, 34.7611], [137.53182, 34.76229], [137.53055, 34.76285], [137.53032, 34.76383], [137.53247, 34.76687], [137.53483, 34.76694], [137.53809, 34.76917], [137.54304, 34.77015], [137.54766, 34.7696], [137.55008, 34.767], [137.55234, 34.76748], [137.55413, 34.7663], [137.55606, 34.7664], [137.55832, 34.7634], [137.55742, 34.76155], [137.55855, 34.7607], [137.5607, 34.76095], [137.56194, 34.7618], [137.56448, 34.76618], [137.56895, 34.76895], [137.56959, 34.77751], [137.57161, 34.78113], [137.57469, 34.78202], [137.5798, 34.78184], [137.5821, 34.78322], [137.58275, 34.78492], [137.58444, 34.78557], [137.59398, 34.78433], [137.59714, 34.78607], [137.59734, 34.78864]], [[137.55571, 34.76046], [137.55467, 34.75985], [137.55618, 34.76008], [137.55571, 34.76046]], [[137.60829, 34.71815], [137.61064, 34.71997], [137.60567, 34.724], [137.60316, 34.7225], [137.60773, 34.71791], [137.60829, 34.71815]], [[137.59904, 34.71247], [137.605, 34.71274], [137.6077, 34.71759], [137.60286, 34.7222], [137.59837, 34.71969], [137.59904, 34.71247]], [[137.59129, 34.71387], [137.59077, 34.71143], [137.59845, 34.7119], [137.59788, 34.71979], [137.59312, 34.72018], [137.59129, 34.71387]], [[137.58508, 34.7167], [137.58301, 34.71141], [137.58393, 34.71046], [137.58745, 34.71082], [137.58754, 34.71028], [137.59005, 34.71111], [137.593, 34.72077], [137.58771, 34.72439], [137.58508, 34.7167]], [[137.61458, 34.7093], [137.61395, 34.7064], [137.61751, 34.70568], [137.61927, 34.7102], [137.61924, 34.71314], [137.61693, 34.71405], [137.61458, 34.7093]], [[137.61016, 34.70546], [137.6107, 34.70498], [137.60982, 34.70805], [137.61016, 34.70546]], [[137.61024, 34.7023], [137.6108, 34.70211], [137.61072, 34.70487], [137.6102, 34.70487], [137.61024, 34.7023]], [[137.59977, 34.69637], [137.60078, 34.69597], [137.60163, 34.6974], [137.59714, 34.69932], [137.59628, 34.69776], [137.59977, 34.69637]], [[137.60565, 34.69679], [137.60847, 34.69563], [137.61057, 34.69905], [137.60619, 34.70085], [137.60416, 34.69741], [137.60565, 34.69679]], [[137.5663, 34.69543], [137.57258, 34.69569], [137.57255, 34.7009], [137.57446, 34.70087], [137.57445, 34.69601], [137.57283, 34.69569], [137.57612, 34.69584], [137.57548, 34.70079], [137.57433, 34.70147], [137.5673, 34.70125], [137.56574, 34.69618], [137.5663, 34.69543]], [[137.60536, 34.69586], [137.60333, 34.69669], [137.60244, 34.69529], [137.60711, 34.69328], [137.60795, 34.69481], [137.60536, 34.69586]], [[137.59816, 34.69152], [137.60056, 34.69547], [137.59588, 34.69733], [137.59472, 34.69448], [137.5895, 34.69496], [137.59019, 34.69303], [137.59678, 34.69122], [137.59816, 34.69152]], [[137.60258, 34.69111], [137.60363, 34.69081], [137.60528, 34.69353], [137.60221, 34.69479], [137.60034, 34.69195], [137.60258, 34.69111]], [[137.60577, 34.69333], [137.60379, 34.69077], [137.60541, 34.69045], [137.60675, 34.69273], [137.60577, 34.69333]], [[137.5839, 34.69009], [137.58469, 34.68972], [137.5847, 34.68737], [137.58487, 34.68954], [137.5839, 34.69009]], [[137.59997, 34.69101], [137.59985, 34.68997], [137.60501, 34.68729], [137.60684, 34.68897], [137.60039, 34.69162], [137.59997, 34.69101]], [[137.60141, 34.68458], [137.60204, 34.68491], [137.59903, 34.68583], [137.59163, 34.68603], [137.59278, 34.68531], [137.60141, 34.68458]]]}, "properties": {"name": "浜名湖"}}, {"type": "Feature", "geometry": {"type": "Polygon", "coordinates": [[[138.56074, 35.34708], [138.56417, 35.34588], [138.56459, 35.34426], [138.56246, 35.3445], [138.56508, 35.34367], [138.56418, 35.34234], [138.55826, 35.34116], [138.55591, 35.34179], [138.5543, 35.34135], [138.55663, 35.34307], [138.55937, 35.34291], [138.55808, 35.34551], [138.55936, 35.3469], [138.56074, 35.34708]]]}, "properties": {"name": "田貫湖"}}, {"type": "Feature", "geometry": {"type": "Polygon", "coordinates": [[[139.10809, 34.92868], [139.1084, 34.92778], [139.10349, 34.92743], [139.1025, 34.9282], [139.10289, 34.9294], [139.10205, 34.92931], [139.10446, 34.93175], [139.10543, 34.93183], [139.10825, 34.92988], [139.10809, 34.92868]], [[139.10339, 34.92901], [139.10318, 34.92851], [139.104, 34.92842], [139.10339, 34.92901]]]}, "properties": {"name": "一碧湖"}}, {"type": "Feature", "geometry": {"type": "Polygon", "coordinates": [[[139.06804, 34.93731], [139.06986, 34.93456], [139.06792, 34.93475], [139.06653, 34.93608], [139.06566, 34.93377], [139.06267, 34.93445], [139.06074, 34.93241], [139.06156, 34.93489], [139.06327, 34.93576], [139.0628, 34.93687], [139.06458, 34.93585], [139.06626, 34.9382], [139.06804, 34.93731]]]}, "properties": {"name": "松川湖"}}, {"type": "Feature", "geometry": {"type": "Polygon", "coordinates": [[[138.95595, 35.28979], [138.95659, 35.29247], [138.95723, 35.29253], [138.9571, 35.28981], [138.95595, 35.28979]]]}, "properties": {"name": "東山湖"}}, {"type": "Feature", "geometry": {"type": "Polygon", "coordinates": [[[137.81136, 34.8972], [137.80955, 34.90039], [137.80964, 34.90237], [137.80751, 34.90293], [137.81738, 34.90304], [137.81883, 34.9056], [137.81532, 34.90894], [137.81062, 34.90902], [137.80901, 34.90978], [137.80742, 34.90933], [137.80689, 34.91048], [137.80695, 34.91375], [137.81062, 34.91813], [137.81292, 34.92234], [137.81423, 34.92209], [137.8111, 34.91224], [137.81267, 34.91097], [137.8158, 34.9114], [137.81843, 34.90956], [137.82102, 34.90641], [137.82112, 34.90473], [137.81823, 34.9015], [137.81172, 34.90144], [137.8145, 34.89415], [137.81401, 34.89095], [137.81317, 34.89023], [137.81072, 34.89112], [137.81136, 34.8972]]]}, "properties": {"name": "船明ダム湖"}}, {"type": "Feature", "geometry": {"type": "Polygon", "coordinates": [[[137.54766, 34.7696], [137.54703, 34.77527], [137.54465, 34.77554], [137.54396, 34.77946], [137.54223, 34.78036], [137.54192, 34.78138], [137.54242, 34.78247], [137.54331, 34.7825], [137.54224, 34.7827], [137.5428, 34.7833], [137.54502, 34.78266], [137.54784, 34.78354], [137.54791, 34.78564], [137.54366, 34.78671], [137.5474, 34.78817], [137.54657, 34.79062], [137.54791, 34.78981], [137.54922, 34.79071], [137.54886, 34.79208], [137.54688, 34.79368], [137.54887, 34.79601], [137.54892, 34.80039], [137.55088, 34.80046], [137.55198, 34.80195], [137.55694, 34.80137], [137.55457, 34.79784], [137.55685, 34.79593], [137.55801, 34.79668], [137.55954, 34.79634], [137.56077, 34.79403], [137.56039, 34.79294], [137.56373, 34.79468], [137.56464, 34.79598], [137.56785, 34.79617], [137.57279, 34.79486], [137.57234, 34.79349], [137.56921, 34.79255], [137.56927, 34.79163], [137.5712, 34.79107], [137.57053, 34.78896], [137.56777, 34.78711], [137.56659, 34.78765], [137.56598, 34.787], [137.56789, 34.78454], [137.56613, 34.78369], [137.56403, 34.78083], [137.56455, 34.77655], [137.56128, 34.77244], [137.55488, 34.77137], [137.55333, 34.77219], [137.55166, 34.77039], [137.54989, 34.77064], [137.5495, 34.7716], [137.54825, 34.77096], [137.5492, 34.77039], [137.54882, 34.76884], [137.54766, 34.7696]]]}, "properties": {"name": "猪鼻湖"}}, {"type": "Feature", "geometry": {"type": "Polygon", "coordinates": [[[138.95537, 34.95483], [138.95475, 34.95649], [138.95608, 34.95757], [138.95708, 34.95697], [138.95624, 34.95658], [138.9562, 34.9536], [138.95537, 34.95483]]]}, "properties": {"name": "早霧湖"}}, {"type": "Feature", "geometry": {"type": "Polygon", "coordinates": [[[137.83569, 35.00297], [137.83658, 35.00233], [137.83565, 34.99948], [137.82931, 34.99657], [137.82609, 34.99259], [137.82591, 34.98902], [137.83002, 34.97868], [137.82955, 34.97271], [137.82732, 34.9724], [137.82695, 34.97344], [137.82832, 34.97777], [137.82678, 34.98402], [137.82439, 34.98807], [137.82486, 34.99384], [137.82808, 34.99756], [137.83281, 35.00043], [137.8349, 35.00308], [137.83569, 35.00297]]]}, "properties": {"name": "秋葉湖"}}, {"type": "Feature", "geometry": {"type": "Polygon", "coordinates": [[[137.81755, 35.19037], [137.81669, 35.18604], [137.81245, 35.18521], [137.80839, 35.18713], [137.80596, 35.18576], [137.80421, 35.18349], [137.80509, 35.18286], [137.80495, 35.18046], [137.81096, 35.17533], [137.81417, 35.17512], [137.81777, 35.1765], [137.82196, 35.17221], [137.82377, 35.17166], [137.82318, 35.171], [137.8259, 35.16911], [137.82696, 35.16642], [137.82846, 35.16598], [137.82672, 35.16543], [137.82696, 35.16492], [137.82332, 35.16142], [137.82247, 35.1582], [137.82854, 35.15584], [137.83108, 35.1513], [137.82956, 35.15124], [137.82894, 35.1502], [137.82415, 35.14838], [137.82347, 35.14694], [137.81823, 35.14785], [137.81608, 35.15138], [137.81462, 35.15099], [137.81349, 35.14546], [137.81581, 35.14212], [137.81753, 35.14109], [137.81586, 35.13881], [137.8126, 35.13675], [137.8113, 35.13743], [137.81096, 35.13555], [137.80836, 35.13127], [137.80868, 35.12994], [137.80753, 35.13046], [137.80303, 35.12922], [137.79927, 35.12984], [137.79736, 35.13521], [137.79395, 35.13462], [137.79314, 35.12933], [137.79442, 35.12844], [137.79687, 35.12872], [137.79854, 35.12802], [137.80007, 35.12664], [137.80025, 35.12431], [137.80144, 35.12284], [137.80022, 35.12269], [137.7997, 35.11968], [137.80112, 35.11878], [137.80208, 35.11641], [137.80086, 35.11577], [137.8011, 35.11458], [137.80219, 35.10972], [137.80302, 35.1093], [137.80254, 35.10779], [137.80426, 35.10597], [137.80333, 35.10442], [137.80222, 35.10466], [137.79587, 35.10258], [137.79655, 35.10016], [137.79538, 35.09932], [137.79289, 35.09989], [137.7901, 35.10267], [137.79263, 35.10197], [137.79299, 35.10443], [137.79644, 35.10602], [137.79564, 35.10724], [137.79835, 35.10657], [137.80002, 35.10742], [137.79803, 35.11306], [137.79627, 35.11364], [137.79709, 35.11405], [137.79646, 35.1154], [137.79745, 35.11681], [137.79553, 35.11708], [137.79418, 35.11821], [137.79654, 35.11863], [137.79607, 35.12057], [137.79514, 35.12121], [137.79686, 35.12175], [137.79766, 35.1244], [137.79709, 35.12622], [137.79363, 35.1261], [137.79269, 35.12716], [137.79105, 35.12744], [137.79021, 35.13047], [137.79049, 35.13252], [137.78633, 35.13326], [137.78832, 35.13336], [137.78909, 35.13471], [137.79101, 35.1342], [137.79199, 35.13545], [137.79171, 35.13644], [137.79534, 35.13739], [137.79603, 35.13798], [137.79553, 35.13877], [137.79677, 35.13863], [137.7972, 35.13762], [137.79846, 35.13812], [137.8017, 35.13157], [137.80369, 35.13148], [137.80627, 35.13256], [137.80846, 35.13776], [137.80936, 35.13781], [137.8091, 35.13872], [137.81304, 35.14062], [137.81054, 35.14238], [137.81117, 35.14348], [137.80886, 35.14576], [137.80917, 35.14622], [137.81079, 35.14553], [137.81134, 35.14639], [137.81195, 35.14992], [137.8111, 35.15181], [137.81228, 35.15124], [137.81491, 35.15454], [137.81695, 35.15361], [137.81849, 35.15058], [137.82154, 35.14871], [137.82809, 35.15245], [137.82665, 35.15473], [137.82177, 35.15604], [137.82043, 35.15709], [137.81954, 35.15959], [137.82124, 35.16236], [137.82056, 35.16401], [137.82189, 35.16349], [137.82382, 35.16494], [137.82475, 35.16763], [137.81691, 35.1745], [137.81304, 35.17289], [137.80892, 35.17482], [137.80832, 35.17599], [137.80331, 35.17955], [137.80297, 35.18135], [137.80182, 35.18043], [137.80083, 35.18081], [137.79939, 35.18281], [137.80073, 35.18246], [137.80191, 35.18328], [137.80474, 35.18656], [137.80419, 35.18733], [137.80495, 35.18721], [137.80702, 35.18927], [137.8101, 35.18903], [137.81149, 35.18721], [137.81314, 35.18703], [137.81559, 35.18834], [137.81599, 35.191], [137.81738, 35.19109], [137.81755, 35.19037]]]}, "properties": {"name": "佐久間湖"}}, {"type": "Feature", "geometry": {"type": "Polygon", "coordinates": [[[137.94002, 35.19256], [137.94047, 35.1932], [137.94288, 35.19306], [137.94177, 35.19411], [137.94107, 35.19745], [137.94141, 35.19952], [137.943, 35.20052], [137.94379, 35.20007], [137.94246, 35.19925], [137.94289, 35.19442], [137.94547, 35.19349], [137.94432, 35.19201], [137.94265, 35.1917], [137.94312, 35.18787], [137.94424, 35.1875], [137.94339, 35.18689], [137.94378, 35.18558], [137.94198, 35.18527], [137.9422, 35.18318], [137.94055, 35.1824], [137.93683, 35.18283], [137.93675, 35.18066], [137.93553, 35.1801], [137.93356, 35.18324], [137.93062, 35.18386], [137.93449, 35.18632], [137.93699, 35.18561], [137.94154, 35.18668], [137.93982, 35.19036], [137.94002, 35.19256]]]}, "properties": {"name": "水窪湖"}}, {"type": "Feature", "geometry": {"type": "Polygon", "coordinates": [[[137.7147, 34.88859], [137.71428, 34.88748], [137.71839, 34.88309], [137.71903, 34.88319], [137.7191, 34.88467], [137.71972, 34.88397], [137.72183, 34.88446], [137.71984, 34.88359], [137.71993, 34.8827], [137.72274, 34.88074], [137.72346, 34.88108], [137.72376, 34.87957], [137.72571, 34.87767], [137.72388, 34.87647], [137.72157, 34.87987], [137.71667, 34.87694], [137.71573, 34.8781], [137.7173, 34.88109], [137.71662, 34.88293], [137.71488, 34.88383], [137.71564, 34.88424], [137.71324, 34.88687], [137.71298, 34.88824], [137.70852, 34.89261], [137.71027, 34.89254], [137.71127, 34.89083], [137.71253, 34.89066], [137.7147, 34.88859]], [[137.72116, 34.88065], [137.7195, 34.88217], [137.72025, 34.88051], [137.72116, 34.88065]]]}, "properties": {"name": "いなさ湖"}}, {"type": "Feature", "geometry": {"type": "Polygon", "coordinates": [[[137.40636, 35.02777], [137.40634, 35.02859], [137.4096, 35.03096], [137.40549, 35.03226], [137.40326, 35.03086], [137.4032, 35.03158], [137.40237, 35.031], [137.4004, 35.03184], [137.3998, 35.03123], [137.39842, 35.03256], [137.39544, 35.03049], [137.39491, 35.03092], [137.39748, 35.03393], [137.39666, 35.03434], [137.39916, 35.03559], [137.39978, 35.03471], [137.40132, 35.03519], [137.4001, 35.03386], [137.40168, 35.03295], [137.40313, 35.03397], [137.40324, 35.03322], [137.40461, 35.03387], [137.40516, 35.03636], [137.40825, 35.03592], [137.40581, 35.03517], [137.40685, 35.03475], [137.40639, 35.0339], [137.40898, 35.0336], [137.40887, 35.03252], [137.41052, 35.03238], [137.41167, 35.03103], [137.41188, 35.02933], [137.41523, 35.02778], [137.41667, 35.02624], [137.41627, 35.02427], [137.41802, 35.02152], [137.4167, 35.02105], [137.41507, 35.02464], [137.41365, 35.02552], [137.41428, 35.02593], [137.41275, 35.02613], [137.41247, 35.02769], [137.4115, 35.02702], [137.41143, 35.02775], [137.40991, 35.02808], [137.41017, 35.02679], [137.40951, 35.02648], [137.40948, 35.02762], [137.40687, 35.02738], [137.40643, 35.02668], [137.40636, 35.02777]]]}, "properties": {"name": "三河湖"}}, {"type": "Feature", "geometry": {"type": "Polygon", "coordinates": [[[136.99244, 35.34895], [136.99435, 35.34797], [136.9969, 35.34976], [136.99663, 35.35185], [136.99548, 35.35261], [136.99705, 35.35304], [136.99574, 35.35345], [136.99521, 35.35525], [136.99861, 35.35576], [136.99873, 35.35436], [136.99712, 35.35185], [136.99775, 35.34929], [136.99609, 35.34775], [136.99666, 35.3468], [137.00126, 35.34544], [137.0018, 35.34332], [137.00356, 35.34458], [137.00275, 35.3423], [137.00466, 35.3421], [137.00877, 35.34341], [137.00766, 35.34248], [137.00751, 35.33957], [137.00845, 35.33947], [137.00834, 35.33827], [137.00434, 35.3385], [137.00282, 35.33983], [137.00007, 35.33995], [136.999, 35.33894], [136.99891, 35.33569], [136.99779, 35.3361], [136.99703, 35.33528], [136.99579, 35.33678], [136.99439, 35.33576], [136.99513, 35.3348], [136.99445, 35.33443], [136.99151, 35.33842], [136.99004, 35.33831], [136.99178, 35.33913], [136.99165, 35.34081], [136.99295, 35.34024], [136.9945, 35.34146], [136.9915, 35.34254], [136.99231, 35.34324], [136.99166, 35.34411], [136.99098, 35.3438], [136.99108, 35.34484], [136.99013, 35.34493], [136.99063, 35.34525], [136.99004, 35.34619], [136.99175, 35.34552], [136.9916, 35.34608], [136.99366, 35.34698], [136.99372, 35.34777], [136.99207, 35.34837], [136.99244, 35.34895]]]}, "properties": {"name": "入鹿池"}}, {"type": "Feature", "geometry": {"type": "Polygon", "coordinates": [[[137.08285, 35.12812], [137.08313, 35.12912], [137.08568, 35.12796], [137.08564, 35.12598], [137.08691, 35.12497], [137.08498, 35.12478], [137.08578, 35.123], [137.08472, 35.12257], [137.08373, 35.11866], [137.08228, 35.11989], [137.07983, 35.11843], [137.07849, 35.11883], [137.07975, 35.11699], [137.07752, 35.11474], [137.07202, 35.11854], [137.06892, 35.12263], [137.06946, 35.12335], [137.07194, 35.12319], [137.07344, 35.12257], [137.07265, 35.12175], [137.0742, 35.12157], [137.07472, 35.12056], [137.0755, 35.12079], [137.07481, 35.12165], [137.07657, 35.12351], [137.07752, 35.12175], [137.07895, 35.12131], [137.07855, 35.12417], [137.08135, 35.12504], [137.08246, 35.12628], [137.08353, 35.12594], [137.0837, 35.12759], [137.08285, 35.12812]]]}, "properties": {"name": "愛知池"}}, {"type": "Feature", "geometry": {"type": "Polygon", "coordinates": [[[137.62041, 35.02765], [137.6253, 35.02608], [137.6297, 35.02584], [137.63227, 35.02709], [137.6322, 35.02919], [137.63371, 35.02695], [137.63475, 35.03013], [137.63912, 35.03224], [137.63747, 35.03698], [137.63973, 35.03285], [137.64492, 35.03295], [137.64131, 35.03317], [137.63923, 35.03089], [137.63644, 35.02943], [137.63563, 35.02776], [137.636, 35.02398], [137.64013, 35.02324], [137.64214, 35.02521], [137.64101, 35.02314], [137.64228, 35.02156], [137.64776, 35.02401], [137.64234, 35.02052], [137.64173, 35.01667], [137.64367, 35.01292], [137.64572, 35.0126], [137.64577, 35.01171], [137.64849, 35.0099], [137.6484, 35.0082], [137.64668, 35.00815], [137.64499, 35.00659], [137.64551, 35.00822], [137.64182, 35.00994], [137.6404, 35.00594], [137.64034, 35.00945], [137.6374, 35.0088], [137.64149, 35.0109], [137.63942, 35.01311], [137.63896, 35.01607], [137.63371, 35.0145], [137.63412, 35.01582], [137.63716, 35.01587], [137.63869, 35.01738], [137.63942, 35.01982], [137.63896, 35.02095], [137.63471, 35.02278], [137.6332, 35.02549], [137.63179, 35.02528], [137.63141, 35.02385], [137.63113, 35.02483], [137.62551, 35.02549], [137.62041, 35.02765]]]}, "properties": {"name": "鳳来湖"}}, {"type": "Feature", "geometry": {"type": "Polygon", "coordinates": [[[137.75598, 35.13661], [137.75496, 35.14001], [137.75156, 35.14034], [137.75093, 35.14129], [137.75192, 35.14221], [137.75618, 35.14096], [137.758, 35.13944], [137.75723, 35.13843], [137.75915, 35.13614], [137.75888, 35.13461], [137.76172, 35.13385], [137.75953, 35.13323], [137.76054, 35.13101], [137.76394, 35.13034], [137.76524, 35.12912], [137.76565, 35.12781], [137.7629, 35.12651], [137.76195, 35.12476], [137.75936, 35.1255], [137.76045, 35.12606], [137.75974, 35.12709], [137.76093, 35.12872], [137.75765, 35.13003], [137.75765, 35.13149], [137.7537, 35.13062], [137.75237, 35.1311], [137.75154, 35.13319], [137.74845, 35.13033], [137.7468, 35.1321], [137.74521, 35.13165], [137.74599, 35.13255], [137.74252, 35.13264], [137.74177, 35.1343], [137.74078, 35.13474], [137.73945, 35.13406], [137.73944, 35.13483], [137.73735, 35.13489], [137.73692, 35.13605], [137.73482, 35.13446], [137.7324, 35.13411], [137.73157, 35.13676], [137.72961, 35.13689], [137.728, 35.13883], [137.72985, 35.14125], [137.72631, 35.14071], [137.72393, 35.13785], [137.72131, 35.1391], [137.72393, 35.13814], [137.72626, 35.14118], [137.73, 35.14191], [137.73105, 35.14044], [137.72917, 35.13877], [137.73214, 35.1377], [137.73294, 35.13588], [137.7341, 35.13549], [137.73692, 35.13714], [137.73963, 35.13614], [137.74024, 35.13757], [137.73895, 35.14035], [137.741, 35.13667], [137.7438, 35.13526], [137.74464, 35.13615], [137.74521, 35.13456], [137.74797, 35.13399], [137.74886, 35.13292], [137.75034, 35.13532], [137.75145, 35.13579], [137.75285, 35.13569], [137.75399, 35.13326], [137.75628, 35.13399], [137.75663, 35.13609], [137.75598, 35.13661]]]}, "properties": {"name": "みどり湖"}}, {"type": "Feature", "geometry": {"type": "Polygon", "coordinates": [[[136.18253, 34.38218], [136.18688, 34.38116], [136.18683, 34.38188], [136.19005, 34.3818], [136.191, 34.38025], [136.1899, 34.3779], [136.19175, 34.37673], [136.1982, 34.37888], [136.20026, 34.37682], [136.20197, 34.37838], [136.20386, 34.37831], [136.20407, 34.37932], [136.20481, 34.37866], [136.20667, 34.38058], [136.20933, 34.37904], [136.21, 34.37758], [136.20669, 34.37767], [136.20517, 34.37641], [136.20208, 34.37627], [136.20002, 34.37491], [136.19802, 34.37636], [136.19691, 34.37551], [136.19496, 34.3759], [136.19398, 34.37443], [136.19382, 34.37537], [136.19073, 34.37514], [136.19071, 34.37203], [136.18806, 34.3718], [136.18673, 34.36949], [136.18341, 34.36725], [136.18234, 34.36496], [136.17691, 34.3637], [136.17705, 34.36451], [136.18163, 34.36594], [136.18247, 34.36799], [136.18607, 34.37122], [136.18591, 34.37229], [136.1887, 34.37379], [136.18822, 34.37836], [136.1894, 34.37922], [136.18921, 34.38012], [136.18616, 34.38007], [136.18028, 34.3819], [136.17743, 34.38134], [136.17595, 34.38194], [136.18029, 34.38285], [136.18253, 34.38218]]]}, "properties": {"name": "奥香肌湖"}}, {"type": "Feature", "geometry": {"type": "Polygon", "coordinates": [[[136.42889, 34.58783], [136.42958, 34.58745], [136.42863, 34.58695], [136.43294, 34.58577], [136.43003, 34.58536], [136.43022, 34.58267], [136.42932, 34.58163], [136.42989, 34.5827], [136.42918, 34.58467], [136.42802, 34.58535], [136.42704, 34.58455], [136.42747, 34.5858], [136.42703, 34.58688], [136.42631, 34.58675], [136.42692, 34.58784], [136.42889, 34.58783]]]}, "properties": {"name": "なめり湖"}}, {"type": "Feature", "geometry": {"type": "Polygon", "coordinates": [[[136.11483, 34.58749], [136.11652, 34.58906], [136.11753, 34.59192], [136.11635, 34.59358], [136.11348, 34.59335], [136.11242, 34.594], [136.11412, 34.5965], [136.1125, 34.59701], [136.11235, 34.59812], [136.11347, 34.59923], [136.11753, 34.59999], [136.11844, 34.60311], [136.11629, 34.60314], [136.11736, 34.60354], [136.11657, 34.60423], [136.12113, 34.60452], [136.12233, 34.60315], [136.12497, 34.60367], [136.12515, 34.60123], [136.12772, 34.59947], [136.12634, 34.59937], [136.12673, 34.59716], [136.13289, 34.59454], [136.13267, 34.59343], [136.13237, 34.59471], [136.12594, 34.59631], [136.12496, 34.59978], [136.12062, 34.60223], [136.11983, 34.60068], [136.12066, 34.60005], [136.12044, 34.59831], [136.11782, 34.59735], [136.11501, 34.59796], [136.11657, 34.59662], [136.11504, 34.59477], [136.11812, 34.59448], [136.11922, 34.59122], [136.11542, 34.58708], [136.11494, 34.5834], [136.11355, 34.58481], [136.11483, 34.58749]]]}, "properties": {"name": "青蓮寺湖"}}, {"type": "Feature", "geometry": {"type": "Polygon", "coordinates": [[[136.16276, 34.61596], [136.16529, 34.61423], [136.16928, 34.61362], [136.16976, 34.61164], [136.17424, 34.61238], [136.17566, 34.6107], [136.17393, 34.60922], [136.17421, 34.61025], [136.17342, 34.61113], [136.16927, 34.6105], [136.16743, 34.61295], [136.16569, 34.61295], [136.16246, 34.61496], [136.15873, 34.61372], [136.15792, 34.61177], [136.15506, 34.61311], [136.15547, 34.61467], [136.16276, 34.61596]]]}, "properties": {"name": "ひなち湖"}}, {"type": "Feature", "geometry": {"type": "Polygon", "coordinates": [[[136.00102, 33.99364], [135.99682, 33.99717], [135.99426, 33.99679], [135.99581, 33.99768], [135.99463, 33.99954], [135.99472, 34.00183], [135.99634, 34.0031], [136.00365, 34.00228], [136.00635, 34.00747], [136.00411, 34.00918], [135.99932, 34.00938], [135.99735, 34.01065], [135.99725, 34.01161], [135.99885, 34.01152], [135.99995, 34.01036], [136.00608, 34.00977], [136.00777, 34.00815], [136.00763, 34.00659], [136.0046, 34.00122], [136.00173, 34.00082], [135.9968, 34.00184], [135.99584, 34.00111], [135.99707, 33.99869], [136.00508, 33.99184], [136.00583, 33.99049], [136.00531, 33.98619], [136.00626, 33.98576], [136.00571, 33.985], [136.00772, 33.98241], [136.00759, 33.98105], [136.01234, 33.97695], [136.0135, 33.97917], [136.02042, 33.97739], [136.01366, 33.97837], [136.01321, 33.97603], [136.01525, 33.97455], [136.0144, 33.97427], [136.01394, 33.97273], [136.01421, 33.96935], [136.01586, 33.96923], [136.01578, 33.96843], [136.01692, 33.96801], [136.01417, 33.96882], [136.01265, 33.96634], [136.00449, 33.96208], [136.00314, 33.96014], [136.00159, 33.96045], [136.00303, 33.96339], [136.00254, 33.96488], [136.00387, 33.964], [136.00456, 33.96528], [136.00536, 33.96444], [136.00874, 33.96569], [136.01174, 33.96756], [136.01275, 33.96998], [136.01239, 33.97388], [136.01147, 33.97541], [136.00695, 33.97899], [136.00526, 33.98168], [136.00206, 33.9817], [136.00479, 33.98219], [136.00266, 33.98617], [136.00338, 33.9892], [136.00236, 33.98947], [136.00365, 33.99052], [136.00102, 33.99364]]]}, "properties": {"name": "七色貯水池"}}, {"type": "Feature", "geometry": {"type": "Polygon", "coordinates": [[[136.26724, 34.80789], [136.26642, 34.80553], [136.26693, 34.80478], [136.26555, 34.80273], [136.26358, 34.80215], [136.26257, 34.80266], [136.26413, 34.80381], [136.26659, 34.80799], [136.26724, 34.80789]]]}, "properties": {"name": "田代湖"}}, {"type": "Feature", "geometry": {"type": "Polygon", "coordinates": [[[136.36908, 34.81036], [136.37066, 34.80914], [136.37123, 34.80947], [136.37217, 34.80738], [136.37284, 34.80961], [136.37509, 34.80938], [136.37525, 34.80828], [136.37735, 34.808], [136.37868, 34.8069], [136.38076, 34.80831], [136.38273, 34.80774], [136.38029, 34.80582], [136.38011, 34.80482], [136.3785, 34.80406], [136.37736, 34.80512], [136.37691, 34.80403], [136.37674, 34.80607], [136.37411, 34.80664], [136.37398, 34.80737], [136.37249, 34.80595], [136.37129, 34.80612], [136.37018, 34.8081], [136.36906, 34.80727], [136.36922, 34.80822], [136.36809, 34.80925], [136.36857, 34.81126], [136.36712, 34.81218], [136.36761, 34.81071], [136.36647, 34.81081], [136.36661, 34.8125], [136.3689, 34.81166], [136.36908, 34.81036]]]}, "properties": {"name": "錫杖湖"}}, {"type": "Feature", "geometry": {"type": "Polygon", "coordinates": [[[136.18479, 34.29676], [136.18287, 34.29929], [136.18288, 34.3015], [136.18339, 34.29894], [136.18529, 34.29705], [136.18639, 34.29704], [136.18494, 34.29519], [136.18185, 34.29328], [136.1824, 34.29122], [136.18503, 34.29198], [136.18652, 34.29051], [136.18544, 34.28804], [136.18794, 34.28701], [136.18962, 34.28763], [136.19281, 34.28688], [136.19583, 34.28738], [136.19618, 34.28563], [136.19417, 34.28517], [136.19392, 34.28446], [136.19539, 34.28196], [136.19462, 34.28075], [136.19587, 34.2794], [136.19498, 34.27924], [136.1927, 34.27538], [136.19192, 34.27651], [136.1901, 34.27564], [136.19004, 34.27644], [136.18869, 34.2763], [136.18753, 34.27512], [136.18496, 34.27485], [136.1834, 34.27298], [136.18693, 34.2704], [136.18608, 34.26983], [136.18664, 34.26598], [136.18751, 34.264], [136.18888, 34.26393], [136.18712, 34.26325], [136.18791, 34.26051], [136.18621, 34.25889], [136.18826, 34.25938], [136.19, 34.25835], [136.19542, 34.25758], [136.19258, 34.25718], [136.19256, 34.25523], [136.19117, 34.25352], [136.19337, 34.25287], [136.19381, 34.25139], [136.19511, 34.2508], [136.19314, 34.25078], [136.19008, 34.24884], [136.18982, 34.24737], [136.19353, 34.24514], [136.18905, 34.24713], [136.18696, 34.24191], [136.18687, 34.23876], [136.18285, 34.23642], [136.18455, 34.23484], [136.18104, 34.23162], [136.17846, 34.23174], [136.17617, 34.22941], [136.17822, 34.23193], [136.18036, 34.23183], [136.18337, 34.23476], [136.18192, 34.2367], [136.17919, 34.23642], [136.18209, 34.23694], [136.1861, 34.23935], [136.18604, 34.24189], [136.18769, 34.24603], [136.18643, 34.24741], [136.18767, 34.2475], [136.189, 34.24945], [136.19212, 34.25134], [136.18987, 34.25222], [136.18923, 34.25356], [136.19127, 34.2565], [136.1883, 34.25813], [136.18208, 34.25642], [136.18355, 34.25786], [136.18363, 34.25899], [136.18607, 34.26086], [136.18409, 34.26247], [136.18571, 34.26248], [136.18536, 34.26491], [136.18429, 34.26578], [136.18416, 34.26788], [136.18493, 34.26911], [136.18435, 34.27023], [136.18179, 34.27148], [136.17859, 34.27083], [136.1739, 34.27148], [136.17315, 34.27044], [136.17215, 34.27179], [136.16937, 34.27163], [136.16717, 34.27269], [136.16915, 34.27216], [136.1804, 34.27284], [136.18132, 34.27534], [136.18237, 34.27573], [136.18226, 34.27699], [136.18327, 34.27648], [136.18765, 34.27861], [136.19165, 34.27862], [136.19091, 34.28148], [136.1919, 34.28525], [136.19029, 34.28598], [136.18651, 34.28535], [136.18332, 34.28723], [136.18299, 34.28851], [136.1837, 34.28966], [136.17608, 34.29041], [136.17178, 34.29327], [136.16604, 34.29432], [136.17172, 34.29407], [136.17619, 34.29155], [136.18008, 34.29159], [136.18242, 34.29552], [136.18479, 34.29676]]]}, "properties": {"name": "宮川貯水池"}}, {"type": "Feature", "geometry": {"type": "Polygon", "coordinates": [[[136.24553, 34.11866], [136.2457, 34.11798], [136.24258, 34.11471], [136.23971, 34.11305], [136.24004, 34.11213], [136.23774, 34.10962], [136.23295, 34.10889], [136.2336, 34.11116], [136.23296, 34.1123], [136.23568, 34.1131], [136.2359, 34.11441], [136.24069, 34.1164], [136.24158, 34.11789], [136.24553, 34.11866]], [[136.2338, 34.11134], [136.23427, 34.11165], [136.23363, 34.11226], [136.2338, 34.11134]]]}, "properties": {"name": "白石湖"}}, {"type": "Feature", "geometry": {"type": "Polygon", "coordinates": [[[136.16066, 35.49142], [136.15927, 35.49363], [136.15927, 35.49592], [136.16276, 35.49741], [136.1642, 35.50236], [136.16327, 35.50196], [136.16214, 35.50278], [136.16316, 35.50725], [136.16016, 35.51262], [136.16103, 35.51335], [136.16315, 35.51333], [136.16408, 35.51606], [136.16496, 35.5165], [136.16398, 35.51455], [136.16919, 35.51504], [136.16643, 35.51428], [136.16891, 35.50857], [136.16926, 35.50318], [136.1708, 35.50153], [136.17406, 35.49915], [136.17632, 35.4988], [136.18021, 35.50361], [136.18246, 35.50412], [136.18605, 35.50199], [136.18724, 35.49997], [136.19129, 35.49645], [136.19081, 35.49147], [136.19191, 35.48908], [136.19001, 35.4866], [136.19168, 35.48512], [136.1916, 35.48362], [136.19087, 35.48129], [136.18887, 35.47939], [136.19271, 35.47562], [136.19311, 35.47388], [136.1922, 35.47002], [136.19431, 35.46726], [136.19364, 35.46624], [136.19497, 35.464], [136.19488, 35.46207], [136.19611, 35.46173], [136.19859, 35.45898], [136.19833, 35.45555], [136.19921, 35.45434], [136.1984, 35.45479], [136.19824, 35.4533], [136.19443, 35.45125], [136.18753, 35.4501], [136.18875, 35.44995], [136.18872, 35.44928], [136.18729, 35.44911], [136.18713, 35.448], [136.18889, 35.44667], [136.18945, 35.44454], [136.18896, 35.44067], [136.1919, 35.43891], [136.19204, 35.43773], [136.19365, 35.43668], [136.19282, 35.4357], [136.19571, 35.43426], [136.19697, 35.4323], [136.19526, 35.42934], [136.19631, 35.42798], [136.19615, 35.42623], [136.19507, 35.4258], [136.19589, 35.42386], [136.19996, 35.41999], [136.20024, 35.41785], [136.2016, 35.41608], [136.20515, 35.41266], [136.20983, 35.41], [136.21315, 35.40504], [136.21463, 35.40427], [136.21704, 35.39858], [136.21741, 35.39554], [136.21642, 35.39158], [136.21492, 35.39028], [136.21898, 35.3895], [136.21591, 35.3883], [136.21904, 35.38627], [136.22646, 35.38723], [136.22491, 35.38918], [136.22697, 35.38871], [136.22688, 35.38789], [136.23797, 35.38616], [136.24333, 35.38683], [136.24226, 35.3873], [136.24332, 35.38796], [136.24389, 35.38685], [136.24687, 35.38565], [136.24842, 35.38394], [136.25243, 35.38323], [136.25608, 35.38117], [136.25776, 35.378], [136.25876, 35.37869], [136.26099, 35.37676], [136.25995, 35.37582], [136.26066, 35.37396], [136.26216, 35.37304], [136.26369, 35.37453], [136.26248, 35.37277], [136.2633, 35.37225], [136.26469, 35.37363], [136.26553, 35.37321], [136.26475, 35.37136], [136.26609, 35.37225], [136.26627, 35.37391], [136.26829, 35.37305], [136.27219, 35.36903], [136.2742, 35.36544], [136.2766, 35.36427], [136.278, 35.35657], [136.27654, 35.34288], [136.27379, 35.33653], [136.27055, 35.3315], [136.2679, 35.3305], [136.26887, 35.33033], [136.2678, 35.32892], [136.26998, 35.3289], [136.27047, 35.32776], [136.2699, 35.32506], [136.26724, 35.32057], [136.26785, 35.3192], [136.25949, 35.30855], [136.26065, 35.30824], [136.25327, 35.30029], [136.25538, 35.29602], [136.25713, 35.29511], [136.25008, 35.28735], [136.24931, 35.28783], [136.24711, 35.28644], [136.24645, 35.28549], [136.24792, 35.28522], [136.24534, 35.28377], [136.24362, 35.28079], [136.22639, 35.26977], [136.22081, 35.26726], [136.21781, 35.26754], [136.21482, 35.26506], [136.21405, 35.26368], [136.21443, 35.26234], [136.20865, 35.25738], [136.18909, 35.24682], [136.15727, 35.23205], [136.15728, 35.23106], [136.15439, 35.22939], [136.15358, 35.22781], [136.14823, 35.22452], [136.13661, 35.22007], [136.12754, 35.2183], [136.1177, 35.21698], [136.11332, 35.21778], [136.1117, 35.21593], [136.10904, 35.2155], [136.10905, 35.21305], [136.11093, 35.20803], [136.10897, 35.20455], [136.10159, 35.20129], [136.09639, 35.20063], [136.09277, 35.20117], [136.09074, 35.20528], [136.08688, 35.20297], [136.08482, 35.20294], [136.08363, 35.1985], [136.08736, 35.19807], [136.08939, 35.19876], [136.09013, 35.19794], [136.08992, 35.19605], [136.09324, 35.19513], [136.09309, 35.19292], [136.0888, 35.19198], [136.08926, 35.19035], [136.08807, 35.18961], [136.08375, 35.19042], [136.08276, 35.18962], [136.07894, 35.18946], [136.07628, 35.19178], [136.07449, 35.19149], [136.06968, 35.18939], [136.06635, 35.18203], [136.06196, 35.18069], [136.06169, 35.17897], [136.06304, 35.17698], [136.06278, 35.17449], [136.05891, 35.17122], [136.05952, 35.16751], [136.05811, 35.16526], [136.05824, 35.16195], [136.0601, 35.1579], [136.06258, 35.1581], [136.06524, 35.15704], [136.06617, 35.15314], [136.0648, 35.14962], [136.0605, 35.14539], [136.06094, 35.14504], [136.05672, 35.14319], [136.05706, 35.14246], [136.05633, 35.14307], [136.05287, 35.14155], [136.05089, 35.14192], [136.05037, 35.14105], [136.05023, 35.14183], [136.04885, 35.14234], [136.04326, 35.14232], [136.04059, 35.14324], [136.03981, 35.14372], [136.04034, 35.14416], [136.03863, 35.14491], [136.03173, 35.1459], [136.02835, 35.14762], [136.02598, 35.14767], [136.01869, 35.14599], [136.01558, 35.14219], [136.01644, 35.142], [136.01454, 35.13991], [136.0141, 35.1377], [136.01203, 35.13588], [136.00765, 35.13526], [136.00128, 35.13666], [136.00035, 35.13755], [135.99926, 35.13687], [136.00133, 35.13812], [135.99382, 35.14176], [135.99309, 35.14121], [135.99346, 35.14188], [135.99043, 35.14326], [135.99015, 35.14411], [135.98797, 35.14466], [135.98646, 35.14354], [135.98765, 35.14268], [135.98656, 35.14319], [135.98288, 35.14087], [135.97979, 35.1355], [135.97949, 35.13329], [135.98061, 35.13216], [135.98051, 35.13052], [135.97136, 35.12124], [135.96295, 35.1219], [135.95967, 35.12498], [135.95841, 35.12516], [135.95868, 35.12566], [135.95305, 35.12746], [135.94875, 35.12712], [135.94577, 35.12515], [135.94565, 35.12431], [135.94248, 35.12179], [135.94497, 35.12138], [135.94286, 35.12124], [135.94196, 35.11909], [135.94349, 35.11837], [135.94403, 35.11533], [135.94088, 35.10809], [135.93653, 35.09444], [135.93684, 35.09313], [135.94028, 35.09136], [135.94146, 35.08701], [135.94646, 35.08544], [135.94676, 35.08367], [135.9481, 35.08293], [135.94766, 35.08008], [135.94883, 35.07964], [135.94727, 35.07809], [135.94805, 35.07596], [135.94728, 35.07596], [135.94553, 35.0738], [135.94516, 35.07235], [135.93838, 35.07123], [135.94207, 35.074], [135.94199, 35.07483], [135.93147, 35.07582], [135.93327, 35.07142], [135.93497, 35.07029], [135.93401, 35.06894], [135.93485, 35.06836], [135.93561, 35.06948], [135.93769, 35.06648], [135.94037, 35.0653], [135.93984, 35.06378], [135.93607, 35.06157], [135.93266, 35.06413], [135.93084, 35.06309], [135.93227, 35.06498], [135.93118, 35.06538], [135.93127, 35.06459], [135.92948, 35.06301], [135.92984, 35.06001], [135.92922, 35.05783], [135.92389, 35.05627], [135.92292, 35.05502], [135.9229, 35.05441], [135.9241, 35.05418], [135.92376, 35.05367], [135.92238, 35.0542], [135.92067, 35.05172], [135.91687, 35.05047], [135.91655, 35.04698], [135.91784, 35.04655], [135.91773, 35.0456], [135.91538, 35.04487], [135.91466, 35.04442], [135.91513, 35.04391], [135.91179, 35.04213], [135.90549, 35.03564], [135.90775, 35.03632], [135.90562, 35.03554], [135.91267, 35.03392], [135.91287, 35.02988], [135.9138, 35.02944], [135.91371, 35.03045], [135.91445, 35.03073], [135.91546, 35.02913], [135.91468, 35.02861], [135.9139, 35.0293], [135.91373, 35.02855], [135.91705, 35.02672], [135.91765, 35.02163], [135.91454, 35.01667], [135.91862, 35.01556], [135.92099, 35.00981], [135.92072, 35.0081], [135.9185, 35.00621], [135.91786, 35.00414], [135.91549, 35.00165], [135.91057, 35.00154], [135.90875, 34.99977], [135.90962, 34.99901], [135.90756, 34.99905], [135.90687, 34.99684], [135.90963, 34.99602], [135.90975, 34.99367], [135.90765, 34.98076], [135.905, 34.98024], [135.90329, 34.98388], [135.89855, 34.98735], [135.89524, 34.99204], [135.89498, 34.99458], [135.89643, 34.99503], [135.89501, 34.99591], [135.89478, 34.99722], [135.89605, 34.99792], [135.893, 35.00038], [135.89286, 35.00411], [135.89205, 35.00523], [135.89059, 35.00483], [135.89009, 35.0058], [135.88033, 35.00677], [135.87626, 35.00796], [135.87452, 35.00746], [135.87439, 35.00817], [135.87179, 35.00901], [135.86557, 35.01365], [135.86338, 35.01388], [135.86129, 35.01639], [135.8619, 35.02033], [135.86328, 35.0213], [135.86343, 35.02344], [135.86582, 35.02578], [135.86994, 35.02649], [135.86756, 35.02971], [135.86888, 35.03066], [135.86747, 35.03263], [135.86754, 35.03555], [135.86935, 35.03703], [135.86762, 35.03967], [135.86859, 35.04314], [135.86938, 35.04416], [135.87245, 35.04463], [135.87452, 35.04625], [135.87506, 35.04782], [135.8742, 35.05088], [135.87655, 35.05449], [135.87928, 35.0547], [135.87806, 35.05708], [135.87952, 35.05845], [135.87989, 35.06239], [135.88167, 35.06336], [135.88112, 35.0642], [135.88525, 35.066], [135.88806, 35.06528], [135.88699, 35.06663], [135.88711, 35.06827], [135.88883, 35.0701], [135.88901, 35.07152], [135.89071, 35.07164], [135.8909, 35.07323], [135.88767, 35.07522], [135.88894, 35.07657], [135.89043, 35.07601], [135.8902, 35.07749], [135.89205, 35.07774], [135.89085, 35.07876], [135.89287, 35.08103], [135.89528, 35.08142], [135.89576, 35.0831], [135.8978, 35.0832], [135.89646, 35.08395], [135.89661, 35.08484], [135.89521, 35.08527], [135.89456, 35.08712], [135.89497, 35.08829], [135.89596, 35.08909], [135.89591, 35.08827], [135.89756, 35.08684], [135.89961, 35.08878], [135.90127, 35.08905], [135.90221, 35.09084], [135.90615, 35.09215], [135.90616, 35.09488], [135.90844, 35.09587], [135.90853, 35.09717], [135.91036, 35.09773], [135.91019, 35.09905], [135.90672, 35.09824], [135.90645, 35.10021], [135.90439, 35.09944], [135.90396, 35.10042], [135.90539, 35.1026], [135.90755, 35.10325], [135.91067, 35.1025], [135.9089, 35.10414], [135.91179, 35.10515], [135.91379, 35.10312], [135.91543, 35.1027], [135.91578, 35.10658], [135.91826, 35.10777], [135.91817, 35.10868], [135.91878, 35.10821], [135.92105, 35.10931], [135.92338, 35.11516], [135.92411, 35.11514], [135.92301, 35.1158], [135.92418, 35.11524], [135.92533, 35.11655], [135.92659, 35.11704], [135.92722, 35.11653], [135.92715, 35.11718], [135.92739, 35.11658], [135.92842, 35.11781], [135.9274, 35.12139], [135.92801, 35.12145], [135.92938, 35.12636], [135.9318, 35.12582], [135.92615, 35.13217], [135.92411, 35.13721], [135.92415, 35.13889], [135.926, 35.14269], [135.92587, 35.14674], [135.9263, 35.14584], [135.9268, 35.14788], [135.92859, 35.14952], [135.93086, 35.14963], [135.93687, 35.15605], [135.93388, 35.15689], [135.93036, 35.15912], [135.92423, 35.16502], [135.92408, 35.16838], [135.92153, 35.17028], [135.91648, 35.17984], [135.91658, 35.18204], [135.91783, 35.18327], [135.91748, 35.18639], [135.91864, 35.18902], [135.92403, 35.19702], [135.92466, 35.20034], [135.92792, 35.20431], [135.93232, 35.20612], [135.93507, 35.20494], [135.93637, 35.20535], [135.93652, 35.20941], [135.93936, 35.21334], [135.94524, 35.21822], [135.9487, 35.21975], [135.94822, 35.22025], [135.95185, 35.22062], [135.95487, 35.22381], [135.95824, 35.22423], [135.95942, 35.22644], [135.96382, 35.22853], [135.96047, 35.23441], [135.96154, 35.23905], [135.96404, 35.24307], [135.97138, 35.24599], [135.97622, 35.25534], [135.97572, 35.25587], [135.97626, 35.25693], [135.98559, 35.26213], [135.99359, 35.26426], [135.995, 35.26755], [135.99756, 35.26953], [136.01105, 35.27409], [136.01856, 35.27896], [136.01832, 35.28619], [136.01552, 35.29341], [136.02359, 35.30051], [136.02965, 35.30369], [136.03341, 35.30435], [136.03937, 35.30403], [136.04345, 35.30178], [136.04506, 35.30192], [136.05043, 35.30858], [136.05718, 35.31341], [136.05945, 35.31412], [136.06115, 35.31557], [136.06044, 35.31618], [136.06097, 35.31667], [136.06304, 35.31587], [136.06668, 35.31768], [136.06876, 35.31783], [136.07075, 35.31594], [136.0702, 35.31665], [136.07123, 35.31784], [136.07093, 35.31687], [136.07199, 35.31581], [136.0724, 35.31762], [136.07084, 35.31923], [136.07456, 35.3168], [136.074, 35.3163], [136.0746, 35.3155], [136.07629, 35.31604], [136.07557, 35.31721], [136.07742, 35.31802], [136.07878, 35.32163], [136.07809, 35.32327], [136.07673, 35.32335], [136.07943, 35.32431], [136.07965, 35.32607], [136.07723, 35.32922], [136.07387, 35.33047], [136.07206, 35.33369], [136.0703, 35.34826], [136.06628, 35.35781], [136.0574, 35.36333], [136.05653, 35.36474], [136.05458, 35.36511], [136.05452, 35.3661], [136.05375, 35.36594], [136.05384, 35.36674], [136.05031, 35.36928], [136.04985, 35.37163], [136.04491, 35.37557], [136.04531, 35.3762], [136.03775, 35.3771], [136.03622, 35.37781], [136.03564, 35.37923], [136.03728, 35.38303], [136.03413, 35.38979], [136.03562, 35.39873], [136.04037, 35.40553], [136.04552, 35.40593], [136.04719, 35.40646], [136.04776, 35.40748], [136.04625, 35.409], [136.04659, 35.4083], [136.04603, 35.40819], [136.04548, 35.40993], [136.04664, 35.41591], [136.04609, 35.42175], [136.04076, 35.43235], [136.04585, 35.44064], [136.05259, 35.44718], [136.05631, 35.44771], [136.05755, 35.44918], [136.05766, 35.4486], [136.06003, 35.44892], [136.06038, 35.45375], [136.06257, 35.45624], [136.07145, 35.46276], [136.07608, 35.46427], [136.07868, 35.46437], [136.08041, 35.46277], [136.08065, 35.45978], [136.08231, 35.45548], [136.08752, 35.44889], [136.09289, 35.44844], [136.10162, 35.45222], [136.10614, 35.45995], [136.1076, 35.46692], [136.11071, 35.47058], [136.11077, 35.47448], [136.11279, 35.47698], [136.11377, 35.48016], [136.1135, 35.4828], [136.11508, 35.48469], [136.11887, 35.48703], [136.12186, 35.48758], [136.12393, 35.48243], [136.12547, 35.48265], [136.12667, 35.48491], [136.12782, 35.48508], [136.13214, 35.4837], [136.13259, 35.48184], [136.13115, 35.47936], [136.1327, 35.4783], [136.13202, 35.47692], [136.12744, 35.47782], [136.12582, 35.47628], [136.12428, 35.4774], [136.12468, 35.47323], [136.12296, 35.46893], [136.12594, 35.46402], [136.12434, 35.46214], [136.12442, 35.4608], [136.12894, 35.45862], [136.12737, 35.45649], [136.12848, 35.45547], [136.13476, 35.4576], [136.14333, 35.45846], [136.144, 35.45728], [136.14387, 35.45083], [136.14259, 35.44754], [136.1401, 35.4449], [136.14151, 35.44368], [136.14814, 35.4421], [136.15058, 35.4433], [136.15192, 35.44575], [136.15232, 35.44697], [136.15138, 35.44999], [136.15549, 35.45311], [136.15435, 35.45522], [136.15448, 35.45698], [136.15801, 35.46015], [136.15888, 35.4634], [136.15176, 35.4633], [136.1503, 35.46395], [136.14816, 35.46776], [136.14993, 35.47173], [136.14802, 35.47462], [136.14997, 35.47705], [136.15387, 35.47878], [136.15394, 35.4806], [136.15692, 35.4852], [136.16223, 35.48784], [136.16206, 35.48983], [136.16066, 35.49142]], [[136.19034, 35.42942], [136.19144, 35.42816], [136.19332, 35.42853], [136.19299, 35.42908], [136.19095, 35.42868], [136.19034, 35.42942]], [[136.14001, 35.41998], [136.14066, 35.41931], [136.14266, 35.41941], [136.14339, 35.42031], [136.14443, 35.41997], [136.14571, 35.4218], [136.1456, 35.42488], [136.14247, 35.42414], [136.14001, 35.41998]], [[136.21453, 35.38974], [136.21537, 35.38893], [136.21734, 35.38967], [136.21453, 35.38974]], [[136.07595, 35.31722], [136.07636, 35.31631], [136.07782, 35.31624], [136.07595, 35.31722]], [[136.17717, 35.29608], [136.1782, 35.29605], [136.17921, 35.29732], [136.17717, 35.29608]], [[136.06625, 35.21105], [136.06141, 35.20942], [136.05831, 35.21036], [136.05512, 35.2103], [136.05389, 35.20846], [136.05532, 35.2055], [136.05461, 35.20127], [136.05091, 35.20014], [136.05082, 35.19879], [136.05178, 35.19831], [136.05864, 35.20005], [136.05672, 35.1997], [136.05631, 35.20059], [136.05883, 35.20174], [136.06046, 35.20406], [136.0625, 35.20519], [136.06429, 35.20513], [136.06752, 35.20314], [136.07372, 35.20716], [136.07573, 35.20961], [136.07517, 35.21125], [136.07276, 35.21199], [136.06928, 35.21229], [136.06625, 35.21105]], [[135.94613, 35.08257], [135.94624, 35.08122], [135.94688, 35.08113], [135.94642, 35.07939], [135.94769, 35.07886], [135.94748, 35.08327], [135.94613, 35.08257]], [[135.93199, 35.06642], [135.93277, 35.06563], [135.93421, 35.06787], [135.93331, 35.06805], [135.93199, 35.06642]], [[135.90897, 35.00732], [135.90894, 35.00287], [135.91472, 35.0041], [135.91777, 35.00918], [135.91674, 35.01306], [135.91154, 35.01356], [135.90975, 35.01087], [135.90897, 35.00732]]]}, "properties": {"name": "琵琶湖"}}, {"type": "Feature", "geometry": {"type": "Polygon", "coordinates": [[[136.11919, 35.15348], [136.11252, 35.15201], [136.10996, 35.15455], [136.10878, 35.15477], [136.10701, 35.15789], [136.10492, 35.15871], [136.10504, 35.15786], [136.10353, 35.15728], [136.10232, 35.16063], [136.10082, 35.16174], [136.102, 35.15839], [136.10056, 35.15832], [136.09996, 35.16401], [136.10329, 35.1631], [136.10691, 35.16336], [136.11251, 35.16573], [136.12094, 35.16784], [136.10709, 35.1631], [136.10898, 35.16214], [136.11332, 35.16392], [136.11861, 35.16264], [136.11779, 35.16503], [136.11992, 35.16627], [136.12165, 35.16509], [136.1217, 35.16379], [136.12069, 35.16495], [136.12017, 35.16433], [136.11931, 35.16534], [136.11858, 35.16489], [136.12054, 35.16254], [136.12195, 35.16228], [136.12154, 35.16159], [136.12008, 35.16161], [136.12022, 35.16089], [136.12317, 35.16006], [136.12234, 35.158], [136.1227, 35.1562], [136.12475, 35.15514], [136.12503, 35.15703], [136.12773, 35.15708], [136.12915, 35.15621], [136.12969, 35.15433], [136.12847, 35.1513], [136.12959, 35.15053], [136.12789, 35.15148], [136.12614, 35.15122], [136.12492, 35.1522], [136.12466, 35.15145], [136.12407, 35.15249], [136.12186, 35.1529], [136.12074, 35.15426], [136.11886, 35.1543], [136.11919, 35.15348]], [[136.10454, 35.16184], [136.10366, 35.16234], [136.10256, 35.16117], [136.10358, 35.16048], [136.10454, 35.16184]], [[136.10197, 35.16145], [136.10318, 35.16262], [136.10218, 35.16304], [136.10077, 35.16237], [136.10197, 35.16145]]]}, "properties": {"name": "西の湖"}}, {"type": "Feature", "geometry": {"type": "Polygon", "coordinates": [[[135.919, 35.048], [135.92176, 35.05047], [135.92554, 35.04821], [135.92311, 35.04696], [135.919, 35.048]]]}, "properties": {"name": "平湖"}}, {"type": "Feature", "geometry": {"type": "Polygon", "coordinates": [[[136.05629, 35.31226], [136.05263, 35.31242], [136.04864, 35.311], [136.04774, 35.31155], [136.04752, 35.3131], [136.04829, 35.3123], [136.04889, 35.31267], [136.0482, 35.31415], [136.04878, 35.31502], [136.05045, 35.31381], [136.05629, 35.31226]]]}, "properties": {"name": "松ノ木内湖"}}, {"type": "Feature", "geometry": {"type": "Polygon", "coordinates": [[[135.96012, 35.23235], [135.96238, 35.23018], [135.96258, 35.2293], [135.96157, 35.22844], [135.95913, 35.23057], [135.96012, 35.23235]]]}, "properties": {"name": "内湖"}}, {"type": "Feature", "geometry": {"type": "Polygon", "coordinates": [[[136.19567, 35.53113], [136.20035, 35.53016], [136.20122, 35.52934], [136.19906, 35.52531], [136.19853, 35.52175], [136.19912, 35.51749], [136.19539, 35.51342], [136.19229, 35.51304], [136.18956, 35.51414], [136.19046, 35.51693], [136.1892, 35.51787], [136.18867, 35.52121], [136.19017, 35.52194], [136.18829, 35.52463], [136.18827, 35.52791], [136.18932, 35.52881], [136.19041, 35.53232], [136.19195, 35.53254], [136.19323, 35.53149], [136.19567, 35.53113]]]}, "properties": {"name": "余呉湖"}}, {"type": "Feature", "geometry": {"type": "Polygon", "coordinates": [[[135.16805, 35.57037], [135.17222, 35.57289], [135.17566, 35.57377], [135.17904, 35.57364], [135.18368, 35.57573], [135.18419, 35.57712], [135.18665, 35.57744], [135.19347, 35.58152], [135.1955, 35.58095], [135.19762, 35.57912], [135.19771, 35.57706], [135.19386, 35.57344], [135.18797, 35.56526], [135.18667, 35.5627], [135.18734, 35.56082], [135.18545, 35.55803], [135.18477, 35.55844], [135.18544, 35.56029], [135.18279, 35.55861], [135.17881, 35.56082], [135.17591, 35.56107], [135.17062, 35.56352], [135.16357, 35.55776], [135.16303, 35.55607], [135.16034, 35.5545], [135.15895, 35.55225], [135.15831, 35.5524], [135.15873, 35.5533], [135.15431, 35.55526], [135.15533, 35.55687], [135.15929, 35.55514], [135.1616, 35.55596], [135.1624, 35.55767], [135.1582, 35.5589], [135.15953, 35.55928], [135.15589, 35.56184], [135.15652, 35.56684], [135.15841, 35.56898], [135.16364, 35.56779], [135.16657, 35.56885], [135.16805, 35.57037]]]}, "properties": {"name": "阿蘇海"}}, {"type": "Feature", "geometry": {"type": "Polygon", "coordinates": [[[135.04427, 35.68982], [135.04406, 35.68774], [135.04554, 35.68664], [135.04562, 35.68565], [135.04444, 35.68578], [135.0437, 35.68427], [135.0429, 35.68687], [135.04042, 35.68906], [135.04083, 35.69149], [135.03878, 35.69068], [135.03857, 35.68949], [135.03555, 35.69102], [135.03712, 35.69333], [135.03915, 35.69304], [135.04075, 35.69374], [135.04414, 35.69176], [135.04427, 35.68982]]]}, "properties": {"name": "離湖"}}, {"type": "Feature", "geometry": {"type": "Polygon", "coordinates": [[[134.89301, 35.63766], [134.89452, 35.63791], [134.89627, 35.64019], [134.89697, 35.63987], [134.89655, 35.63864], [134.89795, 35.63814], [134.8989, 35.64034], [134.89848, 35.64112], [134.90035, 35.64279], [134.90054, 35.64147], [134.91161, 35.64274], [134.91729, 35.6424], [134.92154, 35.64126], [134.92517, 35.63913], [134.92539, 35.6374], [134.9269, 35.63601], [134.92676, 35.63354], [134.92842, 35.63365], [134.92879, 35.63255], [134.92379, 35.62853], [134.92013, 35.62831], [134.91826, 35.6291], [134.9177, 35.62677], [134.91647, 35.62579], [134.91664, 35.6233], [134.91415, 35.61968], [134.9055, 35.61583], [134.90434, 35.61285], [134.90548, 35.61159], [134.90569, 35.60985], [134.90714, 35.60926], [134.90779, 35.61006], [134.90846, 35.60921], [134.90769, 35.60824], [134.90976, 35.60835], [134.91084, 35.6072], [134.91002, 35.60585], [134.90859, 35.60542], [134.90724, 35.60671], [134.90522, 35.6069], [134.90431, 35.60672], [134.90386, 35.60553], [134.90125, 35.60541], [134.89967, 35.6066], [134.90003, 35.60816], [134.89601, 35.6091], [134.89549, 35.60786], [134.8936, 35.60801], [134.88915, 35.61141], [134.88854, 35.6127], [134.88895, 35.61348], [134.89201, 35.61211], [134.89163, 35.61383], [134.89521, 35.61397], [134.89411, 35.61626], [134.89256, 35.61711], [134.89549, 35.61706], [134.89766, 35.618], [134.89883, 35.62063], [134.90036, 35.62188], [134.90075, 35.62445], [134.90147, 35.62496], [134.90105, 35.62556], [134.90234, 35.62638], [134.90139, 35.62722], [134.90281, 35.62771], [134.90375, 35.63036], [134.90831, 35.63045], [134.90991, 35.63342], [134.9095, 35.63395], [134.90626, 35.63228], [134.90373, 35.63265], [134.90211, 35.63125], [134.90106, 35.63177], [134.90172, 35.63323], [134.89881, 35.63349], [134.89757, 35.63459], [134.89413, 35.63317], [134.8943, 35.6319], [134.8929, 35.63273], [134.89262, 35.6307], [134.89168, 35.63108], [134.88836, 35.62791], [134.88761, 35.631], [134.88954, 35.63323], [134.88879, 35.63359], [134.88892, 35.63484], [134.89227, 35.63559], [134.89093, 35.6363], [134.88909, 35.63567], [134.89025, 35.63709], [134.89301, 35.63766]]]}, "properties": {"name": "久美浜湾"}}, {"type": "Feature", "geometry": {"type": "Polygon", "coordinates": [[[135.51053, 35.27492], [135.51329, 35.27303], [135.5179, 35.27542], [135.52073, 35.2741], [135.5213, 35.27522], [135.52012, 35.27702], [135.52396, 35.27993], [135.5247, 35.2797], [135.5218, 35.27734], [135.52151, 35.27622], [135.52373, 35.27465], [135.5227, 35.27461], [135.52231, 35.27369], [135.52069, 35.27323], [135.51738, 35.27388], [135.51368, 35.27222], [135.51023, 35.27313], [135.50828, 35.27104], [135.5091, 35.26982], [135.50781, 35.27083], [135.50504, 35.26879], [135.50634, 35.26752], [135.50474, 35.26846], [135.50247, 35.26817], [135.49922, 35.2691], [135.49874, 35.27017], [135.49718, 35.27031], [135.49397, 35.26359], [135.49539, 35.26251], [135.49613, 35.26013], [135.49441, 35.2596], [135.49353, 35.25771], [135.49401, 35.25953], [135.49582, 35.26004], [135.49473, 35.26261], [135.49227, 35.26105], [135.4873, 35.26114], [135.48391, 35.26394], [135.48284, 35.26336], [135.48347, 35.26454], [135.48123, 35.26651], [135.47462, 35.26589], [135.47217, 35.26679], [135.4706, 35.26834], [135.46595, 35.26913], [135.46642, 35.26585], [135.46545, 35.26304], [135.46149, 35.26198], [135.45946, 35.2628], [135.46021, 35.26331], [135.45946, 35.26418], [135.4609, 35.26457], [135.46069, 35.26357], [135.46169, 35.26358], [135.462, 35.26513], [135.46242, 35.2638], [135.46417, 35.26425], [135.46445, 35.26959], [135.46568, 35.27079], [135.46641, 35.27058], [135.46698, 35.27155], [135.46709, 35.27049], [135.46992, 35.26988], [135.47137, 35.2717], [135.47072, 35.26931], [135.47247, 35.26859], [135.47335, 35.26726], [135.48231, 35.26738], [135.48683, 35.26266], [135.49191, 35.262], [135.49442, 35.2674], [135.49269, 35.26876], [135.4948, 35.26809], [135.49633, 35.27079], [135.49774, 35.27147], [135.50243, 35.26902], [135.5039, 35.26923], [135.50679, 35.2723], [135.50803, 35.27251], [135.5076, 35.27348], [135.51027, 35.27428], [135.51024, 35.27591], [135.50792, 35.27741], [135.51056, 35.27614], [135.51053, 35.27492]]]}, "properties": {"name": "虹の湖"}}, {"type": "Feature", "geometry": {"type": "Polygon", "coordinates": [[[135.40257, 35.03183], [135.40323, 35.03018], [135.40278, 35.02898], [135.40218, 35.03111], [135.40152, 35.02984], [135.40026, 35.03078], [135.39907, 35.03023], [135.40257, 35.03183]]]}, "properties": {"name": "通天湖"}}, {"type": "Feature", "geometry": {"type": "Polygon", "coordinates": [[[135.53595, 35.1349], [135.53526, 35.13723], [135.53426, 35.13679], [135.5351, 35.13777], [135.53478, 35.14001], [135.53174, 35.14293], [135.52675, 35.144], [135.52874, 35.14183], [135.52716, 35.14283], [135.52678, 35.14154], [135.5266, 35.1433], [135.52482, 35.14254], [135.52512, 35.14368], [135.52431, 35.14411], [135.52568, 35.14457], [135.52108, 35.1455], [135.52109, 35.14433], [135.52307, 35.14172], [135.51977, 35.14401], [135.51938, 35.14525], [135.51683, 35.14437], [135.51767, 35.14587], [135.51602, 35.14702], [135.52175, 35.14812], [135.52471, 35.1468], [135.52514, 35.14816], [135.52272, 35.15052], [135.52291, 35.15109], [135.52412, 35.14991], [135.52503, 35.15101], [135.5248, 35.14961], [135.52673, 35.14736], [135.52603, 35.14667], [135.53206, 35.14784], [135.53737, 35.14605], [135.53855, 35.14409], [135.53978, 35.13882], [135.54324, 35.13347], [135.5447, 35.13618], [135.54351, 35.13775], [135.54361, 35.13889], [135.5459, 35.13636], [135.54811, 35.13565], [135.54938, 35.13615], [135.54894, 35.13471], [135.55188, 35.13616], [135.5558, 35.13578], [135.55621, 35.13338], [135.55512, 35.13346], [135.55413, 35.13492], [135.55174, 35.13434], [135.55297, 35.13038], [135.55157, 35.13301], [135.55122, 35.13206], [135.5481, 35.13297], [135.54845, 35.13187], [135.54752, 35.13108], [135.54493, 35.13072], [135.54645, 35.12977], [135.5442, 35.13032], [135.54328, 35.12938], [135.54317, 35.12733], [135.54296, 35.13017], [135.54105, 35.13054], [135.54007, 35.13203], [135.53949, 35.13491], [135.53686, 35.13992], [135.53677, 35.14184], [135.53395, 35.14299], [135.53572, 35.14033], [135.53689, 35.13346], [135.53595, 35.1349]]]}, "properties": {"name": "天若湖"}}, {"type": "Feature", "geometry": {"type": "Polygon", "coordinates": [[[135.41335, 34.91849], [135.41277, 34.91669], [135.41503, 34.91696], [135.41616, 34.9142], [135.41616, 34.91156], [135.41521, 34.91032], [135.41699, 34.9107], [135.41808, 34.9096], [135.41944, 34.91072], [135.41947, 34.91185], [135.42139, 34.91219], [135.42127, 34.91409], [135.42229, 34.91513], [135.42264, 34.92026], [135.42183, 34.92108], [135.42205, 34.92214], [135.42398, 34.92353], [135.42429, 34.92592], [135.42277, 34.92862], [135.42495, 34.92933], [135.42454, 34.9302], [135.4254, 34.93159], [135.4253, 34.92911], [135.42328, 34.92874], [135.42498, 34.9267], [135.43028, 34.92875], [135.42886, 34.92692], [135.42625, 34.92592], [135.42692, 34.92469], [135.42616, 34.92465], [135.42531, 34.92255], [135.42297, 34.92126], [135.42402, 34.91825], [135.42244, 34.91303], [135.42323, 34.91248], [135.42124, 34.91031], [135.42388, 34.90998], [135.4198, 34.90879], [135.42014, 34.90677], [135.42442, 34.90638], [135.41975, 34.90609], [135.41791, 34.90793], [135.41636, 34.90746], [135.41355, 34.90468], [135.41122, 34.90506], [135.41168, 34.90697], [135.41383, 34.90847], [135.41143, 34.90894], [135.41026, 34.91177], [135.41205, 34.91261], [135.41261, 34.91192], [135.41445, 34.91214], [135.41468, 34.91419], [135.41401, 34.91593], [135.41195, 34.91506], [135.41102, 34.91579], [135.41123, 34.91688], [135.41007, 34.91705], [135.41117, 34.91776], [135.41118, 34.92048], [135.40958, 34.92163], [135.40993, 34.92394], [135.4075, 34.92511], [135.40745, 34.92741], [135.40826, 34.92579], [135.41106, 34.92492], [135.41119, 34.92388], [135.41263, 34.92332], [135.41111, 34.92178], [135.41239, 34.92092], [135.41217, 34.91894], [135.41335, 34.91849]]]}, "properties": {"name": "知明湖"}}, {"type": "Feature", "geometry": {"type": "Polygon", "coordinates": [[[135.0728, 34.77359], [135.07412, 34.77154], [135.0802, 34.77286], [135.08218, 34.77208], [135.08605, 34.77246], [135.09001, 34.76956], [135.09867, 34.77155], [135.09995, 34.77056], [135.10325, 34.77151], [135.10454, 34.77098], [135.10242, 34.77001], [135.10248, 34.76842], [135.09801, 34.7701], [135.08919, 34.76769], [135.08674, 34.76781], [135.08693, 34.76904], [135.08469, 34.77119], [135.08388, 34.77041], [135.08103, 34.77095], [135.08063, 34.77164], [135.07929, 34.77125], [135.07969, 34.76986], [135.07862, 34.77102], [135.07841, 34.7687], [135.07738, 34.77112], [135.07501, 34.7702], [135.07411, 34.76851], [135.06923, 34.76729], [135.07022, 34.76903], [135.06937, 34.77075], [135.07119, 34.77123], [135.07143, 34.77363], [135.0728, 34.77359]]]}, "properties": {"name": "つくはら湖"}}, {"type": "Feature", "geometry": {"type": "Polygon", "coordinates": [[[135.27699, 34.90801], [135.27671, 34.90935], [135.27993, 34.90679], [135.28251, 34.9067], [135.2842, 34.90732], [135.28488, 34.90868], [135.28632, 34.908], [135.29041, 34.90836], [135.28889, 34.907], [135.28567, 34.90641], [135.28585, 34.90393], [135.28172, 34.90023], [135.28322, 34.89777], [135.28114, 34.89464], [135.28228, 34.89426], [135.28086, 34.89438], [135.27734, 34.89256], [135.27809, 34.8919], [135.2801, 34.89256], [135.27857, 34.89166], [135.28042, 34.89041], [135.28001, 34.88888], [135.27488, 34.88988], [135.27472, 34.8886], [135.27323, 34.88747], [135.26922, 34.88653], [135.27171, 34.88536], [135.27032, 34.88205], [135.27061, 34.88085], [135.2716, 34.88074], [135.27112, 34.87947], [135.27219, 34.87746], [135.2695, 34.87627], [135.2692, 34.87822], [135.2681, 34.87883], [135.27029, 34.87878], [135.2704, 34.87945], [135.26823, 34.88228], [135.27064, 34.88409], [135.27073, 34.88512], [135.26956, 34.88488], [135.26791, 34.8868], [135.27085, 34.88829], [135.26912, 34.88898], [135.26925, 34.88974], [135.2698, 34.88901], [135.27055, 34.88957], [135.27184, 34.88894], [135.27289, 34.89141], [135.27375, 34.8916], [135.27699, 34.89073], [135.27603, 34.89263], [135.27641, 34.89363], [135.28075, 34.89513], [135.28196, 34.89659], [135.2801, 34.90006], [135.2804, 34.90107], [135.28196, 34.90326], [135.28483, 34.90418], [135.27876, 34.90631], [135.27699, 34.90801]]]}, "properties": {"name": "神戸水道千刈水源池"}}, {"type": "Feature", "geometry": {"type": "Polygon", "coordinates": [[[135.26219, 34.82153], [135.26345, 34.8215], [135.26075, 34.82123], [135.25637, 34.82308], [135.25553, 34.81947], [135.25662, 34.81875], [135.25657, 34.81789], [135.25505, 34.81963], [135.25418, 34.82507], [135.25639, 34.82651], [135.25579, 34.82528], [135.25819, 34.82486], [135.26219, 34.82153]]]}, "properties": {"name": "金仙寺湖"}}, {"type": "Feature", "geometry": {"type": "Polygon", "coordinates": [[[134.84239, 34.79919], [134.84608, 34.79713], [134.84525, 34.79576], [134.84702, 34.79454], [134.84873, 34.79567], [134.84641, 34.79702], [134.84879, 34.79811], [134.85422, 34.79775], [134.85781, 34.79312], [134.85776, 34.79148], [134.85212, 34.79099], [134.84937, 34.79187], [134.84864, 34.78941], [134.84534, 34.79083], [134.84413, 34.79335], [134.84269, 34.7941], [134.84266, 34.79669], [134.84085, 34.79782], [134.84239, 34.79919]]]}, "properties": {"name": "平荘湖"}}, {"type": "Feature", "geometry": {"type": "Polygon", "coordinates": [[[135.20624, 34.9533], [135.20703, 34.95317], [135.20784, 34.95142], [135.20663, 34.95086], [135.20779, 34.94846], [135.21067, 34.9488], [135.21146, 34.94788], [135.2109, 34.94722], [135.21187, 34.94647], [135.21102, 34.94492], [135.21141, 34.94403], [135.21006, 34.9433], [135.20901, 34.93925], [135.20946, 34.93611], [135.21038, 34.93615], [135.21087, 34.9376], [135.21184, 34.93592], [135.21294, 34.93666], [135.21576, 34.93505], [135.21688, 34.93549], [135.21656, 34.93671], [135.21785, 34.93829], [135.21742, 34.9361], [135.22041, 34.93552], [135.22137, 34.93602], [135.22184, 34.93542], [135.22213, 34.93652], [135.22285, 34.93578], [135.22429, 34.93624], [135.22544, 34.93984], [135.22709, 34.94027], [135.2278, 34.93678], [135.23121, 34.93485], [135.22811, 34.93583], [135.22511, 34.93543], [135.22503, 34.93459], [135.22209, 34.93357], [135.2174, 34.93373], [135.21694, 34.93272], [135.2143, 34.93355], [135.214, 34.93216], [135.21233, 34.93426], [135.21162, 34.93434], [135.21137, 34.93342], [135.21086, 34.93448], [135.20799, 34.93352], [135.20732, 34.93396], [135.20686, 34.93612], [135.20832, 34.9362], [135.20821, 34.93813], [135.20787, 34.93896], [135.20604, 34.9394], [135.2053, 34.94142], [135.20681, 34.94156], [135.20802, 34.94288], [135.20661, 34.94328], [135.20599, 34.94445], [135.2061, 34.94734], [135.20524, 34.94794], [135.20602, 34.95012], [135.20522, 34.95255], [135.20321, 34.9549], [135.20256, 34.95763], [135.20382, 34.95524], [135.20624, 34.9533]]]}, "properties": {"name": "千丈寺湖"}}, {"type": "Feature", "geometry": {"type": "Polygon", "coordinates": [[[134.82603, 35.18679], [134.82994, 35.18799], [134.82882, 35.18884], [134.8306, 35.18852], [134.83115, 35.19067], [134.83397, 35.19066], [134.83568, 35.19711], [134.83583, 35.1903], [134.83928, 35.19035], [134.84146, 35.18787], [134.84217, 35.18568], [134.84519, 35.18462], [134.84807, 35.18433], [134.84833, 35.18627], [134.84965, 35.18592], [134.84847, 35.18605], [134.8491, 35.18482], [134.84755, 35.18372], [134.84758, 35.1822], [134.84684, 35.18415], [134.84511, 35.18371], [134.84104, 35.18504], [134.84006, 35.18706], [134.83834, 35.18786], [134.83396, 35.18799], [134.83368, 35.18602], [134.83465, 35.18436], [134.83283, 35.18662], [134.82993, 35.18564], [134.83043, 35.18409], [134.82882, 35.18574], [134.82726, 35.18568], [134.82725, 35.1841], [134.82657, 35.18545], [134.82399, 35.18627], [134.8227, 35.18569], [134.82295, 35.18408], [134.82143, 35.18545], [134.82355, 35.1876], [134.82603, 35.18679]]]}, "properties": {"name": "銀山湖"}}, {"type": "Feature", "geometry": {"type": "Polygon", "coordinates": [[[134.54217, 35.23562], [134.54281, 35.23733], [134.54467, 35.2379], [134.54566, 35.23922], [134.54499, 35.24098], [134.54587, 35.24107], [134.54659, 35.24303], [134.54591, 35.24555], [134.54857, 35.24854], [134.54443, 35.25311], [134.54609, 35.25519], [134.54486, 35.25385], [134.5455, 35.25226], [134.54911, 35.24957], [134.55058, 35.247], [134.54826, 35.24506], [134.54976, 35.24128], [134.54851, 35.2382], [134.55046, 35.23675], [134.54829, 35.23729], [134.54618, 35.23416], [134.54167, 35.23162], [134.54344, 35.23123], [134.54137, 35.23021], [134.54229, 35.22827], [134.53808, 35.23043], [134.53915, 35.23126], [134.54023, 35.23094], [134.54069, 35.23338], [134.54217, 35.23562]]]}, "properties": {"name": "音水湖"}}, {"type": "Feature", "geometry": {"type": "Polygon", "coordinates": [[[135.07092, 34.93188], [135.07095, 34.9302], [135.07242, 34.93036], [135.06901, 34.92639], [135.06856, 34.92763], [135.06802, 34.92709], [135.06739, 34.92758], [135.06804, 34.92804], [135.06521, 34.92948], [135.06609, 34.92965], [135.06589, 34.93055], [135.06518, 34.93047], [135.06829, 34.9331], [135.06907, 34.93526], [135.07117, 34.93254], [135.07092, 34.93188]]]}, "properties": {"name": "東条湖"}}, {"type": "Feature", "geometry": {"type": "Polygon", "coordinates": [[[134.90785, 35.03579], [134.9079, 35.03655], [134.90662, 35.03708], [134.90823, 35.03715], [134.9082, 35.03808], [134.90544, 35.0401], [134.90639, 35.0408], [134.9057, 35.04273], [134.90382, 35.04269], [134.9049, 35.04394], [134.90399, 35.04432], [134.9039, 35.04565], [134.90164, 35.04806], [134.90173, 35.04893], [134.90326, 35.04762], [134.90526, 35.04722], [134.90711, 35.04406], [134.9083, 35.04406], [134.90799, 35.04292], [134.90892, 35.04112], [134.91024, 35.04026], [134.91214, 35.04055], [134.91251, 35.03953], [134.91109, 35.03897], [134.91214, 35.03808], [134.91227, 35.03589], [134.91324, 35.03669], [134.91421, 35.0359], [134.91379, 35.03381], [134.91274, 35.03317], [134.91437, 35.03011], [134.90921, 35.02816], [134.90888, 35.02888], [134.91038, 35.0298], [134.91023, 35.03089], [134.90737, 35.03151], [134.90941, 35.03256], [134.9061, 35.03325], [134.90876, 35.03398], [134.90892, 35.03522], [134.90634, 35.03474], [134.90785, 35.03579]]]}, "properties": {"name": "翠明湖"}}, {"type": "Feature", "geometry": {"type": "Polygon", "coordinates": [[[134.63512, 35.00321], [134.63489, 35.00188], [134.63321, 35.00136], [134.6379, 35.00837], [134.63512, 35.00321]]]}, "properties": {"name": "明神湖"}}, {"type": "Feature", "geometry": {"type": "Polygon", "coordinates": [[[134.2867, 34.87454], [134.28334, 34.87274], [134.28202, 34.87261], [134.28099, 34.87377], [134.28162, 34.8748], [134.28486, 34.87529], [134.28642, 34.87682], [134.29122, 34.87564], [134.29114, 34.87783], [134.29166, 34.87561], [134.29069, 34.87474], [134.28936, 34.87566], [134.2867, 34.87454]]]}, "properties": {"name": "本宮湖"}}, {"type": "Feature", "geometry": {"type": "Polygon", "coordinates": [[[134.61531, 35.04602], [134.61368, 35.04566], [134.61325, 35.04454], [134.61239, 35.04522], [134.61319, 35.04665], [134.61458, 35.04679], [134.61442, 35.05195], [134.61453, 35.04986], [134.61543, 35.04911], [134.61908, 35.05217], [134.6191, 35.05105], [134.61502, 35.04849], [134.61577, 35.04663], [134.61531, 35.04602]]]}, "properties": {"name": "富栖湖"}}, {"type": "Feature", "geometry": {"type": "Polygon", "coordinates": [[[135.91557, 34.5486], [135.91626, 34.54844], [135.91566, 34.54756], [135.91389, 34.54758], [135.91566, 34.54527], [135.91212, 34.54476], [135.91021, 34.5434], [135.90821, 34.54478], [135.90991, 34.54574], [135.91013, 34.54689], [135.91154, 34.54619], [135.91316, 34.54669], [135.91393, 34.5483], [135.91547, 34.54807], [135.91446, 34.55023], [135.91557, 34.5486]]]}, "properties": {"name": "まほろば湖"}}, {"type": "Feature", "geometry": {"type": "Polygon", "coordinates": [[[136.0275, 34.6717], [136.02803, 34.67132], [136.02634, 34.67067], [136.02951, 34.66993], [136.02884, 34.66753], [136.03057, 34.66674], [136.03107, 34.6672], [136.03189, 34.66621], [136.03238, 34.66146], [136.03389, 34.66103], [136.03217, 34.66135], [136.02943, 34.66641], [136.02689, 34.6643], [136.02835, 34.66648], [136.02727, 34.66733], [136.0279, 34.6691], [136.0256, 34.66845], [136.02372, 34.66968], [136.02353, 34.66869], [136.02251, 34.66833], [136.02296, 34.66765], [136.02186, 34.66885], [136.02126, 34.66759], [136.01934, 34.66706], [136.01883, 34.66515], [136.01878, 34.66751], [136.02023, 34.66757], [136.02131, 34.66929], [136.0275, 34.6717]]]}, "properties": {"name": "上津ダム湖"}}, {"type": "Feature", "geometry": {"type": "Polygon", "coordinates": [[[135.97866, 34.53071], [135.98025, 34.53079], [135.98178, 34.53415], [135.98446, 34.53348], [135.9855, 34.53484], [135.98149, 34.5389], [135.98327, 34.54098], [135.98448, 34.5415], [135.98761, 34.54104], [135.98832, 34.54229], [135.98921, 34.54448], [135.98569, 34.5466], [135.98619, 34.54831], [135.98684, 34.54814], [135.98589, 34.54685], [135.98831, 34.54635], [135.99013, 34.54496], [135.99158, 34.54601], [135.99344, 34.54528], [135.99609, 34.54659], [135.99665, 34.54539], [135.99868, 34.54649], [135.99748, 34.54915], [135.99601, 34.54829], [135.99657, 34.55148], [135.99839, 34.55267], [136.00019, 34.55233], [136.00047, 34.55312], [136.00105, 34.55226], [136.00217, 34.5524], [136.00152, 34.55391], [136.00222, 34.55382], [136.00249, 34.55473], [136.00116, 34.55565], [136.00339, 34.55513], [136.00399, 34.55618], [136.00661, 34.55586], [136.0074, 34.55289], [136.01098, 34.54963], [136.00673, 34.55228], [136.00543, 34.55475], [136.00209, 34.55111], [136.00231, 34.5497], [136.00104, 34.55107], [136.001, 34.55014], [136.00018, 34.5509], [136.00005, 34.54994], [135.99961, 34.55087], [135.99866, 34.55072], [135.99997, 34.54682], [135.99724, 34.54386], [135.99593, 34.54401], [135.99519, 34.54509], [135.99418, 34.54357], [135.99185, 34.54504], [135.98837, 34.54055], [135.98441, 34.53982], [135.9835, 34.53832], [135.98647, 34.53416], [135.98804, 34.53337], [135.9865, 34.53354], [135.98471, 34.53261], [135.98228, 34.53355], [135.98038, 34.53019], [135.97866, 34.53071]]]}, "properties": {"name": "室生湖"}}, {"type": "Feature", "geometry": {"type": "Polygon", "coordinates": [[[135.89383, 34.40859], [135.89482, 34.40982], [135.89423, 34.41197], [135.89558, 34.40908], [135.8938, 34.40769], [135.8956, 34.40769], [135.89535, 34.40589], [135.89776, 34.40719], [135.89736, 34.40898], [135.8983, 34.40781], [135.89935, 34.40817], [135.89931, 34.40896], [135.90096, 34.40996], [135.90049, 34.41133], [135.89882, 34.41136], [135.90029, 34.41169], [135.89993, 34.41342], [135.90076, 34.41308], [135.90126, 34.41092], [135.90233, 34.41173], [135.90117, 34.40961], [135.90194, 34.40916], [135.90288, 34.4091], [135.9045, 34.41092], [135.90573, 34.41063], [135.90585, 34.41128], [135.90594, 34.41047], [135.90495, 34.41063], [135.90293, 34.40885], [135.90009, 34.40843], [135.89661, 34.40512], [135.89453, 34.40512], [135.89348, 34.40596], [135.89447, 34.40426], [135.89364, 34.40309], [135.89485, 34.40115], [135.89349, 34.40056], [135.89426, 34.3983], [135.89559, 34.39853], [135.89759, 34.4007], [135.89691, 34.40156], [135.90009, 34.40304], [135.90251, 34.40291], [135.90358, 34.40476], [135.90254, 34.4028], [135.89988, 34.40242], [135.90162, 34.40045], [135.89843, 34.40117], [135.89866, 34.4002], [135.89759, 34.3994], [135.89859, 34.39883], [135.89723, 34.39846], [135.89789, 34.39747], [135.8967, 34.39782], [135.896, 34.39706], [135.89861, 34.39565], [135.89933, 34.3969], [135.90096, 34.39732], [135.90045, 34.39857], [135.90175, 34.3974], [135.90243, 34.39851], [135.90289, 34.39737], [135.9041, 34.39743], [135.90342, 34.39684], [135.9044, 34.39432], [135.90354, 34.39505], [135.90249, 34.39438], [135.90622, 34.39112], [135.90886, 34.39139], [135.90969, 34.39249], [135.90937, 34.39456], [135.91091, 34.39459], [135.91153, 34.39546], [135.91113, 34.39445], [135.91174, 34.39379], [135.91355, 34.3951], [135.91415, 34.39481], [135.91391, 34.39347], [135.91516, 34.39334], [135.91427, 34.39573], [135.91577, 34.39589], [135.91649, 34.39753], [135.91808, 34.39851], [135.91972, 34.39826], [135.91799, 34.39771], [135.91636, 34.39519], [135.9148, 34.39515], [135.91589, 34.39363], [135.91555, 34.39266], [135.91115, 34.3929], [135.9101, 34.39122], [135.90686, 34.3904], [135.90112, 34.39174], [135.90028, 34.39341], [135.9007, 34.39485], [135.89996, 34.39511], [135.89856, 34.39341], [135.8963, 34.39473], [135.89623, 34.3956], [135.89505, 34.3955], [135.89474, 34.39694], [135.89304, 34.39724], [135.8928, 34.39827], [135.89129, 34.39872], [135.89107, 34.40041], [135.89221, 34.40117], [135.89125, 34.40162], [135.89261, 34.40216], [135.89286, 34.40409], [135.89126, 34.40364], [135.89226, 34.40493], [135.89061, 34.40507], [135.89138, 34.40556], [135.8907, 34.40592], [135.88788, 34.40517], [135.88897, 34.40605], [135.88763, 34.40652], [135.89033, 34.40645], [135.88933, 34.40757], [135.88973, 34.40818], [135.89042, 34.40825], [135.89007, 34.40765], [135.89178, 34.40615], [135.8932, 34.40708], [135.89229, 34.40763], [135.89354, 34.40837], [135.89213, 34.40898], [135.89337, 34.4092], [135.89197, 34.41033], [135.89288, 34.41147], [135.89388, 34.41015], [135.89383, 34.40859]]]}, "properties": {"name": "津風呂湖"}}, {"type": "Feature", "geometry": {"type": "Polygon", "coordinates": [[[135.73393, 34.05909], [135.73148, 34.05949], [135.7358, 34.05959], [135.73483, 34.0612], [135.73489, 34.06462], [135.73382, 34.06639], [135.7348, 34.06762], [135.73768, 34.06774], [135.74109, 34.06157], [135.74319, 34.06227], [135.74415, 34.0647], [135.74413, 34.0662], [135.74231, 34.06922], [135.74306, 34.07191], [135.73818, 34.07568], [135.74076, 34.07742], [135.74609, 34.07827], [135.7501, 34.08308], [135.752, 34.08357], [135.75498, 34.08246], [135.75682, 34.08335], [135.75729, 34.08439], [135.75641, 34.08552], [135.75152, 34.08582], [135.74988, 34.08771], [135.75191, 34.08626], [135.75725, 34.08642], [135.75807, 34.08414], [135.75676, 34.08167], [135.75112, 34.08191], [135.74671, 34.07721], [135.74071, 34.07544], [135.74518, 34.073], [135.74566, 34.07093], [135.74395, 34.06918], [135.74581, 34.06636], [135.74495, 34.06196], [135.74324, 34.05962], [135.73984, 34.06074], [135.73727, 34.06488], [135.73654, 34.06123], [135.74113, 34.05778], [135.74177, 34.05656], [135.74078, 34.05401], [135.7461, 34.05523], [135.74907, 34.05842], [135.74875, 34.05943], [135.7498, 34.06068], [135.75397, 34.06057], [135.75559, 34.059], [135.75578, 34.05757], [135.76015, 34.05977], [135.76226, 34.05973], [135.76471, 34.05877], [135.76443, 34.05571], [135.76278, 34.05398], [135.76519, 34.04969], [135.77029, 34.05238], [135.77764, 34.05253], [135.77957, 34.05038], [135.77936, 34.04813], [135.77662, 34.04592], [135.77717, 34.04448], [135.78027, 34.04274], [135.78652, 34.04515], [135.7891, 34.04362], [135.78816, 34.0422], [135.78238, 34.04007], [135.77478, 34.04089], [135.77485, 34.04206], [135.77372, 34.04317], [135.77379, 34.04581], [135.77662, 34.05005], [135.76917, 34.05011], [135.76802, 34.04827], [135.76553, 34.04723], [135.76516, 34.04601], [135.76327, 34.04834], [135.76242, 34.05118], [135.76047, 34.05221], [135.76101, 34.05704], [135.75643, 34.05542], [135.75382, 34.05601], [135.75185, 34.05824], [135.74959, 34.05519], [135.74541, 34.05333], [135.74364, 34.05034], [135.74364, 34.05251], [135.74099, 34.05201], [135.73965, 34.05267], [135.73864, 34.05394], [135.73846, 34.05597], [135.73308, 34.05373], [135.7292, 34.05498], [135.72958, 34.05223], [135.72664, 34.04992], [135.72454, 34.05027], [135.72415, 34.05104], [135.72572, 34.05071], [135.7284, 34.05259], [135.72764, 34.05483], [135.72681, 34.05491], [135.72766, 34.05567], [135.72938, 34.05616], [135.73355, 34.05518], [135.73806, 34.05802], [135.73393, 34.05909]]]}, "properties": {"name": "風屋貯水池"}}, {"type": "Feature", "geometry": {"type": "Polygon", "coordinates": [[[135.98655, 34.09762], [135.98593, 34.10065], [135.98877, 34.10179], [135.99094, 34.10433], [135.99275, 34.10475], [135.99138, 34.10589], [135.99158, 34.10731], [135.99448, 34.10797], [135.99582, 34.10702], [135.99451, 34.10395], [135.99229, 34.10359], [135.98995, 34.10109], [135.98739, 34.09995], [135.99092, 34.09539], [135.98986, 34.0955], [135.98916, 34.09392], [135.98678, 34.09308], [135.98241, 34.09469], [135.98254, 34.09165], [135.9842, 34.08996], [135.98175, 34.08873], [135.9789, 34.08917], [135.97728, 34.08666], [135.98138, 34.0844], [135.98157, 34.08216], [135.98237, 34.08175], [135.98125, 34.08047], [135.97765, 34.07973], [135.97786, 34.07904], [135.97425, 34.07784], [135.97515, 34.07561], [135.97464, 34.07306], [135.97713, 34.07282], [135.97771, 34.07186], [135.97855, 34.07272], [135.98025, 34.07264], [135.97883, 34.07214], [135.97879, 34.07144], [135.97949, 34.07039], [135.97904, 34.06912], [135.98057, 34.06909], [135.97889, 34.0679], [135.97845, 34.06578], [135.97609, 34.0644], [135.97596, 34.06494], [135.97386, 34.06419], [135.97119, 34.06481], [135.96957, 34.06316], [135.96975, 34.06191], [135.97281, 34.06098], [135.97402, 34.05906], [135.97479, 34.05944], [135.97446, 34.05709], [135.97285, 34.05478], [135.97493, 34.05438], [135.97593, 34.05614], [135.97857, 34.05655], [135.97959, 34.05747], [135.97987, 34.05566], [135.98109, 34.05627], [135.98112, 34.05483], [135.98238, 34.05497], [135.9826, 34.05389], [135.98408, 34.05378], [135.98346, 34.05301], [135.98387, 34.05197], [135.9866, 34.05171], [135.98779, 34.05238], [135.98746, 34.05501], [135.98557, 34.05584], [135.98628, 34.05618], [135.98531, 34.05745], [135.98598, 34.05934], [135.98461, 34.06022], [135.98619, 34.06046], [135.9863, 34.06149], [135.99033, 34.06242], [135.99284, 34.06158], [135.99403, 34.06202], [135.99374, 34.06053], [135.99479, 34.06028], [135.99546, 34.06291], [135.9965, 34.0614], [136.00036, 34.06238], [136.00237, 34.06535], [136.00181, 34.06173], [136.00357, 34.05927], [136.00383, 34.05586], [136.01151, 34.05484], [136.01256, 34.05607], [136.01241, 34.05982], [136.01446, 34.06059], [136.01697, 34.05984], [136.01784, 34.06157], [136.01876, 34.06097], [136.01893, 34.05925], [136.01764, 34.05801], [136.01455, 34.05895], [136.01425, 34.05468], [136.01182, 34.05277], [136.00923, 34.05276], [136.007, 34.05409], [136.00496, 34.05394], [136.00464, 34.05269], [136.00321, 34.054], [136.00191, 34.05329], [136.00148, 34.05874], [135.99987, 34.0603], [135.99729, 34.05825], [135.99409, 34.05752], [135.9901, 34.05888], [135.98985, 34.05436], [135.9918, 34.05342], [135.98979, 34.05288], [135.98922, 34.05081], [135.98683, 34.04966], [135.98647, 34.04873], [135.98761, 34.04783], [135.9855, 34.04838], [135.98543, 34.04958], [135.98443, 34.04973], [135.98333, 34.04907], [135.98286, 34.04658], [135.98087, 34.04622], [135.97785, 34.04346], [135.97264, 34.04214], [135.97069, 34.04311], [135.9692, 34.04603], [135.97119, 34.0468], [135.97194, 34.04843], [135.97417, 34.0465], [135.9741, 34.04526], [135.97967, 34.04864], [135.98157, 34.05147], [135.98061, 34.05221], [135.97935, 34.04952], [135.97603, 34.04758], [135.97296, 34.04923], [135.97298, 34.05164], [135.9713, 34.05134], [135.96936, 34.05225], [135.96886, 34.05285], [135.96942, 34.05488], [135.96796, 34.0552], [135.96519, 34.0541], [135.96737, 34.05571], [135.97, 34.05576], [135.96953, 34.05681], [135.97126, 34.05775], [135.97065, 34.05961], [135.96746, 34.0601], [135.96715, 34.06112], [135.96621, 34.06074], [135.9674, 34.06288], [135.96618, 34.06388], [135.96792, 34.06393], [135.9697, 34.06689], [135.97294, 34.06599], [135.97605, 34.06716], [135.97716, 34.07027], [135.97183, 34.07135], [135.97171, 34.07303], [135.97272, 34.07497], [135.97231, 34.07879], [135.97343, 34.08004], [135.97581, 34.07984], [135.97647, 34.08085], [135.97883, 34.08134], [135.98001, 34.08344], [135.9759, 34.0851], [135.97544, 34.08666], [135.97447, 34.08717], [135.97573, 34.08743], [135.97635, 34.08974], [135.97791, 34.09152], [135.98075, 34.0906], [135.97977, 34.09464], [135.98063, 34.09626], [135.98308, 34.09659], [135.98545, 34.09511], [135.98752, 34.09494], [135.98791, 34.09632], [135.98655, 34.09762]], [[135.97622, 34.05179], [135.9762, 34.05087], [135.97708, 34.05113], [135.97622, 34.05179]]]}, "properties": {"name": "池原貯水池"}}, {"type": "Feature", "geometry": {"type": "Polygon", "coordinates": [[[136.07238, 34.1267], [136.07461, 34.12515], [136.07578, 34.12733], [136.07782, 34.12713], [136.07807, 34.12787], [136.08002, 34.12843], [136.08021, 34.13076], [136.08242, 34.13195], [136.0807, 34.13454], [136.08139, 34.13646], [136.08073, 34.13817], [136.08149, 34.13838], [136.0811, 34.13447], [136.08316, 34.13233], [136.0837, 34.13303], [136.08427, 34.13177], [136.08331, 34.13199], [136.08066, 34.13054], [136.08143, 34.12841], [136.07861, 34.12737], [136.07843, 34.1262], [136.07628, 34.12657], [136.0756, 34.12475], [136.07378, 34.12355], [136.07346, 34.12173], [136.07162, 34.12067], [136.07386, 34.11833], [136.07352, 34.11691], [136.07405, 34.1167], [136.07606, 34.11908], [136.07765, 34.11929], [136.07509, 34.11763], [136.07541, 34.11675], [136.07876, 34.11377], [136.08395, 34.11265], [136.07935, 34.11279], [136.07356, 34.11613], [136.07172, 34.11536], [136.07131, 34.11352], [136.06935, 34.11311], [136.06961, 34.1104], [136.07135, 34.1086], [136.07752, 34.10757], [136.07111, 34.10748], [136.06995, 34.10654], [136.06531, 34.10581], [136.065, 34.10444], [136.06629, 34.10104], [136.06737, 34.09951], [136.06896, 34.09902], [136.06829, 34.09669], [136.06538, 34.09421], [136.06837, 34.08942], [136.07465, 34.089], [136.07691, 34.08806], [136.07901, 34.08885], [136.07792, 34.08694], [136.07829, 34.08565], [136.08012, 34.08403], [136.08141, 34.0841], [136.07758, 34.07799], [136.08018, 34.0776], [136.07993, 34.07607], [136.0809, 34.0751], [136.08514, 34.0749], [136.08606, 34.07282], [136.08475, 34.07469], [136.08078, 34.07451], [136.07932, 34.07594], [136.07971, 34.07721], [136.07549, 34.07783], [136.07733, 34.07907], [136.07862, 34.0834], [136.07625, 34.08423], [136.07552, 34.08641], [136.07446, 34.08705], [136.06796, 34.08714], [136.06335, 34.09358], [136.05671, 34.09325], [136.05565, 34.09126], [136.05067, 34.08991], [136.05021, 34.09172], [136.05238, 34.09245], [136.0523, 34.09421], [136.05089, 34.09575], [136.05089, 34.09707], [136.04951, 34.09809], [136.04957, 34.09965], [136.04837, 34.10008], [136.04894, 34.10254], [136.04559, 34.10471], [136.04778, 34.10431], [136.04783, 34.1049], [136.04944, 34.10326], [136.0498, 34.10102], [136.05072, 34.10089], [136.05126, 34.0984], [136.05437, 34.09421], [136.05779, 34.09541], [136.05947, 34.09496], [136.06473, 34.09591], [136.06523, 34.09843], [136.06218, 34.10574], [136.06431, 34.10736], [136.0688, 34.10827], [136.06774, 34.1097], [136.06773, 34.1132], [136.06638, 34.11401], [136.06999, 34.11445], [136.07017, 34.11557], [136.07221, 34.11754], [136.06714, 34.12286], [136.07006, 34.12119], [136.07242, 34.12202], [136.07271, 34.12382], [136.07385, 34.12468], [136.07238, 34.1267]]]}, "properties": {"name": "坂本貯水池"}}, {"type": "Feature", "geometry": {"type": "Polygon", "coordinates": [[[136.01717, 34.26917], [136.01688, 34.26861], [136.019, 34.26778], [136.01971, 34.26663], [136.01755, 34.26397], [136.02036, 34.26303], [136.02266, 34.26066], [136.02439, 34.26053], [136.02635, 34.26243], [136.02826, 34.26181], [136.03439, 34.26222], [136.0362, 34.26153], [136.03663, 34.26205], [136.03855, 34.25972], [136.03284, 34.26178], [136.02642, 34.26106], [136.02558, 34.2598], [136.02395, 34.2592], [136.02435, 34.25667], [136.0229, 34.25932], [136.01948, 34.26195], [136.01875, 34.26175], [136.01862, 34.26264], [136.01739, 34.2625], [136.01575, 34.26355], [136.01582, 34.26469], [136.01796, 34.2662], [136.01754, 34.26671], [136.01201, 34.26637], [136.00946, 34.26699], [136.0069, 34.26511], [136.00582, 34.26324], [136.00725, 34.26639], [136.00869, 34.26726], [136.0151, 34.26756], [136.01404, 34.26906], [136.01438, 34.27286], [136.01201, 34.27326], [136.01344, 34.27465], [136.01672, 34.27384], [136.01649, 34.27021], [136.01823, 34.26975], [136.01717, 34.26917]]]}, "properties": {"name": "大迫貯水池"}}, {"type": "Feature", "geometry": {"type": "Polygon", "coordinates": [[[135.35601, 34.08425], [135.36334, 34.08717], [135.36589, 34.08946], [135.36723, 34.09279], [135.3667, 34.09337], [135.36755, 34.09309], [135.36739, 34.09167], [135.36823, 34.09135], [135.36759, 34.09011], [135.36863, 34.08983], [135.37047, 34.0906], [135.37253, 34.09344], [135.3759, 34.09453], [135.37594, 34.09514], [135.37882, 34.09308], [135.38209, 34.09495], [135.37977, 34.0926], [135.38657, 34.09306], [135.39155, 34.0889], [135.39407, 34.09138], [135.39327, 34.09397], [135.39467, 34.0919], [135.39188, 34.08666], [135.38697, 34.09185], [135.37855, 34.09153], [135.37522, 34.09321], [135.37188, 34.08881], [135.36679, 34.08766], [135.36454, 34.08563], [135.35925, 34.08383], [135.35992, 34.08057], [135.35806, 34.08062], [135.35769, 34.08293], [135.35601, 34.08425]]]}, "properties": {"name": "二川ダム貯水池"}}, {"type": "Feature", "geometry": {"type": "Polygon", "coordinates": [[[135.57072, 33.6877], [135.57309, 33.68796], [135.57485, 33.68697], [135.57443, 33.68617], [135.57641, 33.68225], [135.57585, 33.68137], [135.57457, 33.68148], [135.57516, 33.6827], [135.57257, 33.68649], [135.56993, 33.68552], [135.56821, 33.68362], [135.56562, 33.68291], [135.56346, 33.67878], [135.56739, 33.67711], [135.56689, 33.67654], [135.56802, 33.67344], [135.5669, 33.67153], [135.56327, 33.66994], [135.56695, 33.66925], [135.56833, 33.66713], [135.57025, 33.66745], [135.57129, 33.66849], [135.5725, 33.668], [135.57209, 33.66715], [135.57275, 33.66608], [135.56754, 33.6649], [135.56882, 33.66445], [135.56829, 33.66318], [135.57204, 33.6613], [135.57266, 33.65874], [135.57365, 33.65837], [135.57232, 33.6588], [135.57186, 33.66117], [135.57015, 33.66161], [135.56933, 33.6627], [135.56821, 33.6623], [135.56831, 33.66422], [135.56697, 33.66476], [135.5675, 33.66557], [135.57137, 33.66637], [135.57123, 33.66738], [135.56808, 33.66652], [135.56628, 33.6685], [135.56305, 33.66926], [135.56109, 33.66817], [135.5617, 33.67078], [135.56589, 33.67208], [135.56682, 33.67335], [135.56531, 33.67698], [135.56253, 33.67696], [135.56145, 33.67854], [135.56394, 33.68283], [135.56288, 33.68377], [135.56554, 33.68422], [135.57072, 33.6877]]]}, "properties": {"name": "合川貯水池"}}, {"type": "Feature", "geometry": {"type": "Polygon", "coordinates": [[[134.1354, 35.50611], [134.1305, 35.50495], [134.12922, 35.50647], [134.13085, 35.50888], [134.13796, 35.51152], [134.13655, 35.51226], [134.13623, 35.51352], [134.13856, 35.51412], [134.14287, 35.51745], [134.14883, 35.51859], [134.15069, 35.51759], [134.15115, 35.51916], [134.15812, 35.52104], [134.16266, 35.52098], [134.1674, 35.51946], [134.1669, 35.51652], [134.164, 35.51498], [134.16299, 35.51292], [134.16368, 35.51016], [134.16534, 35.50847], [134.16703, 35.50805], [134.17024, 35.51012], [134.17536, 35.5116], [134.1744, 35.5109], [134.17299, 35.50419], [134.16729, 35.50127], [134.16591, 35.5016], [134.16482, 35.5004], [134.16462, 35.49839], [134.1632, 35.49782], [134.16064, 35.49779], [134.15816, 35.49894], [134.15326, 35.49659], [134.1515, 35.49649], [134.14917, 35.49747], [134.14818, 35.49895], [134.14419, 35.49826], [134.14332, 35.49709], [134.13926, 35.49563], [134.13675, 35.49814], [134.13247, 35.49938], [134.13123, 35.50115], [134.13236, 35.50279], [134.1352, 35.50408], [134.13565, 35.50532], [134.13469, 35.5055], [134.1354, 35.50611]], [[134.14602, 35.51212], [134.1483, 35.51319], [134.14627, 35.51344], [134.14602, 35.51212]], [[134.15425, 35.50563], [134.15397, 35.50353], [134.15251, 35.50242], [134.15519, 35.49979], [134.15692, 35.50521], [134.15589, 35.50633], [134.15425, 35.50563]]]}, "properties": {"name": "湖山池"}}, {"type": "Feature", "geometry": {"type": "Polygon", "coordinates": [[[133.15946, 35.53766], [133.16074, 35.53749], [133.16199, 35.53605], [133.16259, 35.53283], [133.17074, 35.53478], [133.17123, 35.53543], [133.1693, 35.53569], [133.17378, 35.53734], [133.17432, 35.53692], [133.17233, 35.53559], [133.17382, 35.53438], [133.17237, 35.53417], [133.17221, 35.53304], [133.17739, 35.53413], [133.1773, 35.5315], [133.17847, 35.5307], [133.17999, 35.53093], [133.18215, 35.52765], [133.18027, 35.53113], [133.18067, 35.532], [133.17946, 35.5322], [133.18009, 35.53341], [133.17838, 35.53326], [133.17954, 35.53382], [133.17921, 35.5353], [133.17578, 35.53505], [133.18065, 35.53758], [133.18244, 35.53556], [133.18236, 35.53407], [133.1835, 35.53417], [133.18495, 35.52832], [133.19072, 35.52677], [133.19555, 35.53035], [133.19404, 35.53095], [133.19559, 35.53186], [133.19459, 35.53389], [133.19576, 35.53349], [133.19887, 35.53628], [133.20309, 35.53425], [133.20414, 35.53182], [133.19894, 35.52983], [133.19838, 35.52871], [133.20099, 35.52231], [133.20042, 35.52414], [133.20262, 35.52475], [133.20294, 35.52123], [133.20112, 35.52216], [133.20374, 35.51842], [133.20374, 35.51719], [133.20664, 35.51392], [133.20808, 35.51476], [133.20797, 35.51537], [133.20928, 35.51443], [133.20699, 35.5137], [133.21797, 35.50754], [133.22318, 35.50023], [133.22483, 35.50029], [133.22655, 35.49758], [133.22845, 35.49711], [133.23011, 35.49544], [133.23063, 35.49247], [133.22447, 35.49001], [133.22371, 35.48825], [133.22455, 35.48681], [133.22637, 35.48681], [133.23221, 35.48914], [133.23612, 35.48598], [133.23839, 35.48599], [133.2398, 35.48457], [133.24048, 35.48478], [133.24747, 35.47605], [133.24819, 35.47706], [133.25093, 35.47416], [133.25379, 35.47297], [133.25605, 35.47089], [133.25665, 35.4712], [133.26112, 35.46665], [133.26237, 35.46433], [133.26612, 35.46113], [133.26387, 35.45941], [133.26457, 35.45876], [133.26601, 35.45882], [133.27097, 35.45551], [133.27202, 35.45628], [133.27124, 35.45543], [133.27416, 35.45374], [133.27465, 35.4529], [133.27337, 35.45204], [133.27481, 35.45081], [133.27938, 35.44849], [133.28144, 35.45031], [133.2808, 35.44933], [133.28482, 35.44602], [133.2873, 35.44514], [133.28863, 35.44591], [133.28775, 35.44511], [133.28848, 35.44429], [133.29363, 35.44245], [133.29384, 35.44126], [133.29569, 35.44109], [133.29381, 35.43874], [133.31157, 35.43371], [133.31669, 35.43143], [133.3186, 35.43398], [133.32112, 35.43365], [133.32142, 35.43259], [133.32241, 35.43252], [133.32239, 35.43086], [133.3212, 35.43069], [133.32004, 35.4258], [133.32183, 35.4249], [133.32173, 35.42345], [133.32532, 35.42257], [133.32076, 35.42097], [133.31763, 35.41698], [133.31911, 35.4144], [133.32124, 35.41321], [133.321, 35.41265], [133.31785, 35.41287], [133.31035, 35.41105], [133.30577, 35.41186], [133.3002, 35.41499], [133.29724, 35.41431], [133.29644, 35.41295], [133.29505, 35.413], [133.29146, 35.41673], [133.29205, 35.4188], [133.29251, 35.41691], [133.29462, 35.41475], [133.30047, 35.41555], [133.30643, 35.4125], [133.3115, 35.41174], [133.31402, 35.41219], [133.31584, 35.41333], [133.31631, 35.41491], [133.31551, 35.41684], [133.31029, 35.42233], [133.30122, 35.42834], [133.30068, 35.43203], [133.2998, 35.43177], [133.2986, 35.429], [133.29634, 35.42935], [133.29507, 35.42804], [133.29278, 35.42787], [133.28932, 35.43028], [133.28721, 35.42968], [133.28565, 35.43138], [133.28435, 35.43056], [133.27917, 35.43274], [133.27889, 35.43444], [133.27734, 35.43518], [133.27521, 35.43524], [133.27421, 35.43352], [133.27235, 35.43301], [133.27141, 35.43115], [133.26999, 35.43232], [133.26899, 35.4364], [133.26717, 35.43679], [133.2671, 35.43617], [133.26488, 35.43574], [133.26313, 35.43629], [133.26174, 35.43476], [133.25922, 35.43487], [133.25907, 35.43262], [133.26209, 35.43142], [133.2594, 35.42963], [133.2577, 35.43108], [133.25657, 35.4335], [133.25474, 35.43411], [133.25524, 35.43658], [133.25409, 35.43795], [133.25386, 35.44369], [133.24668, 35.44349], [133.24609, 35.44452], [133.24448, 35.44417], [133.2437, 35.44489], [133.2416, 35.44366], [133.23968, 35.44481], [133.2379, 35.44886], [133.22805, 35.45037], [133.22176, 35.45537], [133.21843, 35.45491], [133.21906, 35.44838], [133.21663, 35.44471], [133.21162, 35.44832], [133.20958, 35.44804], [133.20795, 35.4465], [133.20442, 35.44537], [133.20067, 35.44028], [133.19905, 35.43652], [133.19957, 35.43591], [133.19489, 35.43329], [133.18528, 35.43127], [133.18038, 35.43282], [133.17624, 35.43535], [133.17371, 35.43768], [133.17343, 35.4403], [133.17019, 35.44122], [133.16384, 35.44701], [133.15906, 35.44589], [133.15561, 35.44861], [133.14434, 35.45021], [133.14253, 35.44987], [133.13856, 35.45103], [133.13761, 35.45183], [133.13805, 35.45297], [133.13265, 35.45199], [133.1328, 35.45121], [133.13197, 35.45184], [133.1279, 35.45128], [133.12618, 35.4534], [133.1248, 35.45857], [133.12467, 35.46113], [133.12605, 35.46204], [133.12634, 35.46449], [133.12769, 35.46585], [133.13399, 35.46774], [133.13621, 35.46913], [133.13913, 35.46944], [133.14022, 35.47199], [133.14337, 35.47489], [133.14416, 35.47694], [133.14402, 35.47854], [133.13951, 35.48286], [133.13684, 35.48362], [133.13216, 35.48682], [133.1324, 35.48867], [133.13598, 35.49181], [133.13467, 35.49231], [133.1367, 35.49157], [133.13735, 35.49209], [133.13644, 35.49379], [133.13683, 35.49455], [133.13527, 35.49554], [133.13601, 35.49672], [133.1347, 35.49647], [133.13329, 35.49744], [133.13413, 35.49799], [133.13431, 35.4995], [133.1316, 35.50124], [133.13038, 35.50392], [133.12997, 35.50747], [133.13082, 35.50849], [133.13003, 35.50985], [133.13139, 35.51188], [133.13081, 35.51303], [133.13191, 35.51422], [133.13221, 35.51182], [133.13212, 35.51433], [133.13744, 35.51552], [133.13693, 35.51712], [133.13995, 35.52031], [133.14306, 35.52041], [133.14378, 35.51984], [133.14342, 35.51932], [133.14446, 35.51923], [133.1453, 35.52179], [133.14777, 35.52023], [133.14945, 35.52043], [133.14533, 35.52214], [133.14844, 35.52393], [133.14963, 35.52703], [133.15246, 35.52863], [133.15259, 35.53014], [133.15434, 35.53193], [133.15387, 35.53476], [133.15442, 35.53583], [133.15717, 35.53724], [133.16012, 35.53641], [133.16107, 35.53271], [133.16225, 35.53162], [133.16199, 35.5306], [133.1649, 35.53025], [133.18006, 35.52395], [133.18435, 35.51708], [133.18743, 35.51767], [133.19035, 35.51345], [133.18646, 35.50465], [133.18309, 35.50304], [133.17603, 35.50335], [133.16403, 35.50782], [133.16101, 35.50736], [133.15863, 35.50445], [133.15991, 35.49911], [133.15789, 35.49878], [133.15704, 35.49682], [133.15827, 35.49583], [133.15786, 35.49419], [133.16288, 35.49089], [133.16186, 35.48994], [133.16232, 35.4887], [133.14629, 35.4803], [133.14405, 35.48046], [133.14016, 35.48378], [133.13449, 35.48681], [133.13489, 35.48882], [133.13876, 35.49123], [133.13846, 35.49365], [133.13843, 35.49128], [133.13442, 35.48878], [133.13396, 35.48713], [133.1402, 35.48342], [133.14387, 35.48011], [133.14646, 35.47993], [133.16406, 35.48931], [133.16532, 35.48905], [133.16471, 35.49063], [133.16886, 35.48883], [133.16854, 35.48802], [133.17104, 35.48666], [133.17113, 35.4847], [133.17349, 35.48618], [133.17705, 35.4865], [133.17683, 35.48745], [133.18135, 35.48536], [133.18208, 35.48597], [133.18279, 35.48529], [133.18385, 35.48636], [133.18626, 35.48557], [133.18747, 35.48654], [133.18699, 35.48774], [133.18615, 35.48789], [133.18586, 35.48955], [133.18734, 35.49139], [133.18568, 35.49249], [133.1883, 35.49377], [133.18959, 35.49583], [133.18863, 35.49701], [133.18895, 35.49893], [133.19054, 35.49892], [133.19015, 35.50139], [133.18905, 35.50242], [133.18977, 35.5029], [133.18778, 35.50245], [133.18666, 35.50372], [133.18882, 35.50751], [133.19056, 35.5068], [133.20073, 35.5109], [133.20198, 35.51075], [133.19574, 35.52128], [133.19039, 35.51913], [133.18861, 35.51726], [133.18755, 35.51813], [133.1848, 35.51739], [133.18039, 35.52421], [133.1644, 35.53094], [133.16367, 35.53245], [133.16279, 35.5317], [133.16201, 35.53213], [133.16114, 35.53564], [133.15984, 35.53683], [133.15704, 35.53748], [133.15422, 35.53604], [133.15357, 35.53495], [133.15398, 35.53178], [133.15297, 35.53071], [133.15231, 35.5313], [133.1532, 35.5328], [133.152, 35.53355], [133.15207, 35.53521], [133.15343, 35.53653], [133.15682, 35.53811], [133.15946, 35.53766]], [[133.20942, 35.51123], [133.20838, 35.51021], [133.21637, 35.49532], [133.22077, 35.49234], [133.22219, 35.49254], [133.22561, 35.49582], [133.22552, 35.49673], [133.21848, 35.50656], [133.20995, 35.51174], [133.20942, 35.51123]], [[133.19151, 35.50568], [133.19183, 35.50617], [133.19111, 35.50646], [133.19151, 35.50568]], [[133.18735, 35.48596], [133.18839, 35.48553], [133.18818, 35.48631], [133.18735, 35.48596]], [[133.17988, 35.48547], [133.17977, 35.48615], [133.1788, 35.48558], [133.17988, 35.48547]], [[133.17349, 35.48256], [133.17235, 35.48097], [133.17419, 35.48108], [133.17349, 35.48256]], [[133.24156, 35.48225], [133.23962, 35.4807], [133.24117, 35.47888], [133.24678, 35.47343], [133.24863, 35.47448], [133.24817, 35.47624], [133.24726, 35.47593], [133.24156, 35.48225]], [[133.25034, 35.47443], [133.24757, 35.47257], [133.25046, 35.47002], [133.25325, 35.47029], [133.25717, 35.46666], [133.25695, 35.46569], [133.2637, 35.45957], [133.26571, 35.46108], [133.25664, 35.47092], [133.25602, 35.47062], [133.25034, 35.47443]], [[133.13822, 35.4959], [133.1378, 35.4977], [133.13251, 35.50442], [133.13209, 35.50994], [133.13228, 35.50439], [133.13822, 35.4959]], [[133.26145, 35.45626], [133.2607, 35.45414], [133.26111, 35.45315], [133.27198, 35.4462], [133.29158, 35.43933], [133.29359, 35.43962], [133.29371, 35.44054], [133.29221, 35.44231], [133.28487, 35.44542], [133.28134, 35.44818], [133.27916, 35.44823], [133.27458, 35.45066], [133.27307, 35.45197], [133.27287, 35.45358], [133.26632, 35.45808], [133.26289, 35.45896], [133.26145, 35.45626]], [[133.29701, 35.43709], [133.296, 35.43599], [133.29744, 35.43651], [133.29701, 35.43709]], [[133.29092, 35.43328], [133.29135, 35.43378], [133.29074, 35.43433], [133.29092, 35.43328]]]}, "properties": {"name": "中海"}}, {"type": "Feature", "geometry": {"type": "Polygon", "coordinates": [[[133.19887, 35.53628], [133.19847, 35.53726], [133.20022, 35.53878], [133.20172, 35.53808], [133.2037, 35.5387], [133.21062, 35.5434], [133.2122, 35.54564], [133.21572, 35.54769], [133.22081, 35.54919], [133.22462, 35.54916], [133.22721, 35.55037], [133.23036, 35.5501], [133.23279, 35.55047], [133.23291, 35.55123], [133.23652, 35.55129], [133.23764, 35.55002], [133.24412, 35.55031], [133.24568, 35.54796], [133.2313, 35.54811], [133.22401, 35.5469], [133.2208, 35.54492], [133.2215, 35.54248], [133.22061, 35.54479], [133.21302, 35.53998], [133.21331, 35.53949], [133.21207, 35.53914], [133.21235, 35.53849], [133.21157, 35.53907], [133.20885, 35.53688], [133.20309, 35.53425], [133.19887, 35.53628]]]}, "properties": {"name": "境水道"}}, {"type": "Feature", "geometry": {"type": "Polygon", "coordinates": [[[133.89937, 35.49222], [133.89771, 35.49096], [133.8938, 35.48404], [133.89508, 35.48148], [133.90166, 35.47913], [133.90297, 35.47494], [133.9044, 35.47489], [133.90369, 35.47248], [133.90124, 35.46966], [133.89432, 35.46993], [133.89372, 35.46958], [133.89444, 35.46858], [133.8931, 35.46958], [133.89184, 35.46876], [133.89375, 35.46757], [133.89049, 35.46513], [133.89083, 35.46441], [133.88836, 35.46355], [133.88731, 35.46526], [133.88228, 35.46806], [133.88064, 35.47062], [133.8799, 35.47013], [133.87698, 35.47175], [133.87723, 35.47341], [133.87841, 35.47376], [133.8788, 35.4761], [133.88198, 35.47545], [133.88566, 35.47702], [133.88579, 35.47826], [133.88409, 35.47874], [133.88172, 35.4811], [133.88146, 35.48256], [133.88241, 35.48377], [133.88316, 35.48361], [133.88456, 35.48591], [133.88453, 35.48706], [133.88373, 35.48706], [133.8847, 35.4879], [133.88409, 35.48793], [133.88442, 35.48984], [133.88383, 35.49005], [133.88478, 35.4917], [133.88898, 35.49023], [133.88945, 35.49152], [133.8955, 35.4916], [133.89733, 35.49367], [133.89944, 35.49345], [133.89937, 35.49222]], [[133.88595, 35.47779], [133.88624, 35.47712], [133.88715, 35.478], [133.88595, 35.47779]]]}, "properties": {"name": "東郷池"}}, {"type": "Feature", "geometry": {"type": "Polygon", "coordinates": [[[133.3296, 35.30893], [133.33024, 35.30884], [133.32987, 35.30703], [133.3313, 35.30772], [133.33076, 35.30665], [133.3325, 35.30523], [133.33027, 35.30619], [133.33112, 35.30473], [133.32992, 35.30558], [133.3296, 35.30459], [133.32936, 35.30527], [133.32799, 35.30487], [133.33013, 35.30252], [133.32882, 35.30304], [133.32803, 35.30174], [133.32931, 35.30087], [133.32742, 35.3015], [133.32626, 35.30008], [133.32768, 35.29867], [133.32675, 35.29873], [133.32669, 35.29574], [133.32808, 35.29473], [133.32648, 35.29514], [133.32485, 35.29752], [133.32228, 35.29433], [133.32441, 35.29857], [133.32397, 35.301], [133.32488, 35.30159], [133.32263, 35.30119], [133.3246, 35.30264], [133.32654, 35.30292], [133.32579, 35.30502], [133.32811, 35.30616], [133.32852, 35.30841], [133.3296, 35.30893]]]}, "properties": {"name": "緑水湖"}}, {"type": "Feature", "geometry": {"type": "Polygon", "coordinates": [[[133.30943, 35.20377], [133.31129, 35.20504], [133.31162, 35.20604], [133.311, 35.20664], [133.31296, 35.20836], [133.3126, 35.20923], [133.31353, 35.20903], [133.31546, 35.21147], [133.31558, 35.21302], [133.31652, 35.21301], [133.31763, 35.21583], [133.31907, 35.21612], [133.31929, 35.21787], [133.32058, 35.21726], [133.32177, 35.2186], [133.32258, 35.21804], [133.32341, 35.21875], [133.32297, 35.21996], [133.32353, 35.22073], [133.32264, 35.22212], [133.32332, 35.2217], [133.32417, 35.22029], [133.32325, 35.2198], [133.32619, 35.2159], [133.32375, 35.21679], [133.32354, 35.216], [133.3201, 35.21464], [133.32067, 35.21308], [133.31928, 35.21362], [133.31815, 35.21188], [133.31902, 35.21036], [133.31757, 35.21109], [133.31647, 35.21035], [133.31742, 35.20899], [133.31581, 35.20944], [133.3161, 35.20789], [133.31403, 35.20668], [133.31381, 35.20462], [133.31147, 35.2035], [133.30943, 35.20377]]]}, "properties": {"name": "日南湖"}}, {"type": "Feature", "geometry": {"type": "Polygon", "coordinates": [[[133.51674, 35.2692], [133.51343, 35.26733], [133.50954, 35.26666], [133.50785, 35.26451], [133.50441, 35.26396], [133.50236, 35.26259], [133.50282, 35.26182], [133.50138, 35.26223], [133.49932, 35.26031], [133.49673, 35.25976], [133.49697, 35.25757], [133.49591, 35.25834], [133.49563, 35.26047], [133.49439, 35.26028], [133.49184, 35.26198], [133.49174, 35.263], [133.49315, 35.26307], [133.49353, 35.26394], [133.49501, 35.26204], [133.49751, 35.26104], [133.49961, 35.26185], [133.5003, 35.26362], [133.50228, 35.26401], [133.50217, 35.2662], [133.50321, 35.26431], [133.50674, 35.26583], [133.50873, 35.26761], [133.51241, 35.26742], [133.51734, 35.27004], [133.51674, 35.2692]]]}, "properties": {"name": "猿飛湖"}}, {"type": "Feature", "geometry": {"type": "Polygon", "coordinates": [[[132.92801, 35.47038], [132.93319, 35.47212], [132.93663, 35.47228], [132.94219, 35.47453], [132.94372, 35.47412], [132.94857, 35.47495], [132.95169, 35.47335], [132.95546, 35.47629], [132.96426, 35.47981], [132.97, 35.47966], [132.97161, 35.4805], [132.97557, 35.47846], [132.98977, 35.47475], [132.99453, 35.47507], [132.99503, 35.47353], [133.00373, 35.47537], [133.00772, 35.47526], [133.01067, 35.47365], [133.01221, 35.47406], [133.01376, 35.47258], [133.0223, 35.47302], [133.02761, 35.47108], [133.03785, 35.46468], [133.04439, 35.46483], [133.05151, 35.46791], [133.05291, 35.46155], [133.0432, 35.44296], [133.03549, 35.43688], [133.03071, 35.43691], [133.01838, 35.43479], [133.01572, 35.43531], [133.01339, 35.43659], [133.0135, 35.43731], [133.00889, 35.43802], [133.00725, 35.4337], [133.00422, 35.43121], [132.99845, 35.4297], [132.98974, 35.43063], [132.98575, 35.4322], [132.98282, 35.43111], [132.98071, 35.42658], [132.97827, 35.42632], [132.97336, 35.42359], [132.96266, 35.42335], [132.95844, 35.42447], [132.95562, 35.422], [132.95361, 35.42146], [132.9469, 35.42139], [132.94421, 35.42327], [132.94176, 35.42384], [132.94194, 35.42225], [132.94009, 35.41996], [132.94043, 35.41916], [132.93616, 35.41865], [132.93321, 35.41668], [132.92966, 35.41755], [132.9281, 35.41715], [132.92396, 35.41394], [132.92405, 35.4131], [132.92152, 35.41198], [132.91542, 35.41358], [132.91309, 35.41191], [132.9096, 35.41177], [132.90366, 35.40719], [132.905, 35.40676], [132.90363, 35.40671], [132.90422, 35.40589], [132.89816, 35.41189], [132.89685, 35.41186], [132.89587, 35.41295], [132.89676, 35.41428], [132.89668, 35.4159], [132.90121, 35.41811], [132.90002, 35.41972], [132.89545, 35.41748], [132.8924, 35.41825], [132.88779, 35.41638], [132.88623, 35.41871], [132.88434, 35.42469], [132.88171, 35.42599], [132.88087, 35.42766], [132.87791, 35.4295], [132.87918, 35.43217], [132.87897, 35.43496], [132.88012, 35.43478], [132.88117, 35.43595], [132.88095, 35.43929], [132.87948, 35.44066], [132.87755, 35.4409], [132.87632, 35.44471], [132.87132, 35.44376], [132.86811, 35.44595], [132.86677, 35.44913], [132.86665, 35.45281], [132.86786, 35.45415], [132.8705, 35.45479], [132.87056, 35.4567], [132.87183, 35.45792], [132.87855, 35.46032], [132.88232, 35.46077], [132.88484, 35.45988], [132.88661, 35.46157], [132.8984, 35.46147], [132.89988, 35.4611], [132.90129, 35.45895], [132.90183, 35.4599], [132.90349, 35.45933], [132.91022, 35.46386], [132.91687, 35.46558], [132.92028, 35.46495], [132.92131, 35.46645], [132.92364, 35.467], [132.92547, 35.46912], [132.92801, 35.47038]], [[133.04677, 35.45598], [133.04725, 35.45622], [133.0461, 35.45617], [133.04677, 35.45598]]]}, "properties": {"name": "宍道湖"}}, {"type": "Feature", "geometry": {"type": "Polygon", "coordinates": [[[132.68636, 35.33282], [132.68603, 35.33171], [132.68726, 35.33069], [132.6906, 35.32982], [132.69036, 35.32771], [132.68908, 35.32687], [132.68915, 35.32592], [132.68446, 35.32375], [132.68189, 35.31931], [132.67881, 35.31998], [132.67791, 35.32112], [132.68025, 35.32199], [132.67629, 35.32508], [132.67704, 35.32688], [132.67583, 35.32926], [132.67954, 35.33189], [132.68227, 35.33196], [132.68371, 35.33357], [132.68636, 35.33282]]]}, "properties": {"name": "神西湖"}}, {"type": "Feature", "geometry": {"type": "Polygon", "coordinates": [[[131.80597, 34.68269], [131.81123, 34.68044], [131.80941, 34.68062], [131.81021, 34.67957], [131.80911, 34.68014], [131.80837, 34.67907], [131.80843, 34.68139], [131.80605, 34.68246], [131.80553, 34.68171], [131.80703, 34.67973], [131.80697, 34.67863], [131.80579, 34.68038], [131.80486, 34.67766], [131.80513, 34.67851], [131.8044, 34.67856], [131.80514, 34.68094], [131.80324, 34.67988], [131.80474, 34.68153], [131.80198, 34.68162], [131.8038, 34.68207], [131.8032, 34.68285], [131.80436, 34.6821], [131.80597, 34.68269]]]}, "properties": {"name": "蟠竜湖"}}, {"type": "Feature", "geometry": {"type": "Polygon", "coordinates": [[[132.04017, 34.73099], [132.04034, 34.73207], [132.04142, 34.7316], [132.04373, 34.72704], [132.04461, 34.72677], [132.0445, 34.72817], [132.04486, 34.72691], [132.04326, 34.72709], [132.04159, 34.73005], [132.0402, 34.7281], [132.03709, 34.72645], [132.03629, 34.72353], [132.03522, 34.72263], [132.03661, 34.72263], [132.03673, 34.72144], [132.0388, 34.72036], [132.03785, 34.71901], [132.03951, 34.71844], [132.0396, 34.71766], [132.03875, 34.71731], [132.03954, 34.71691], [132.03818, 34.71752], [132.03908, 34.71772], [132.03884, 34.71854], [132.03606, 34.71862], [132.0363, 34.71965], [132.03746, 34.72012], [132.03621, 34.72197], [132.03256, 34.72167], [132.03166, 34.72266], [132.03435, 34.72263], [132.03621, 34.72533], [132.03621, 34.72665], [132.0374, 34.72755], [132.03702, 34.72803], [132.03807, 34.72755], [132.04002, 34.72891], [132.03971, 34.72977], [132.03763, 34.72937], [132.03623, 34.73173], [132.03654, 34.73251], [132.0365, 34.73161], [132.0387, 34.72943], [132.04017, 34.73099]]]}, "properties": {"name": "みやび湖"}}, {"type": "Feature", "geometry": {"type": "Polygon", "coordinates": [[[132.72213, 35.08419], [132.7207, 35.08312], [132.7205, 35.08527], [132.72394, 35.08596], [132.72324, 35.08709], [132.72471, 35.08742], [132.72686, 35.08549], [132.72571, 35.08519], [132.72585, 35.08357], [132.72791, 35.08188], [132.72873, 35.08303], [132.73029, 35.08323], [132.7336, 35.0828], [132.73401, 35.08192], [132.73481, 35.08314], [132.73823, 35.08408], [132.7381, 35.08009], [132.73989, 35.07969], [132.73911, 35.08195], [132.7405, 35.08239], [132.7415, 35.0803], [132.74151, 35.07927], [132.74041, 35.07888], [132.73754, 35.07977], [132.73706, 35.07928], [132.73669, 35.08227], [132.73526, 35.07989], [132.73044, 35.08216], [132.7275, 35.08017], [132.72664, 35.08153], [132.7252, 35.08149], [132.72566, 35.07973], [132.7246, 35.07868], [132.7233, 35.07946], [132.72277, 35.07894], [132.72251, 35.08], [132.72094, 35.0789], [132.72142, 35.07833], [132.72036, 35.07725], [132.72189, 35.07569], [132.72261, 35.07654], [132.72208, 35.07517], [132.72343, 35.07496], [132.72437, 35.07256], [132.72588, 35.07441], [132.72706, 35.07439], [132.7259, 35.07294], [132.726, 35.07157], [132.72785, 35.07075], [132.72983, 35.07138], [132.72806, 35.07047], [132.72943, 35.06679], [132.73348, 35.06754], [132.73463, 35.06674], [132.73216, 35.06612], [132.73121, 35.06413], [132.73124, 35.06499], [132.73015, 35.0651], [132.72669, 35.06233], [132.72889, 35.06553], [132.7266, 35.0673], [132.72733, 35.06756], [132.72614, 35.06934], [132.72558, 35.06898], [132.7258, 35.06991], [132.72244, 35.07112], [132.7212, 35.07259], [132.71563, 35.0704], [132.72087, 35.07466], [132.71976, 35.07647], [132.71881, 35.07538], [132.71698, 35.07554], [132.71904, 35.07672], [132.7184, 35.07825], [132.71728, 35.07858], [132.71898, 35.07871], [132.72002, 35.0802], [132.72112, 35.08001], [132.72129, 35.08087], [132.71872, 35.08131], [132.71889, 35.08221], [132.72042, 35.08159], [132.72172, 35.08308], [132.72358, 35.08126], [132.72452, 35.08424], [132.72272, 35.08482], [132.72213, 35.08419]]]}, "properties": {"name": "来島湖"}}, {"type": "Feature", "geometry": {"type": "Polygon", "coordinates": [[[133.91128, 34.59315], [133.91517, 34.59026], [133.92341, 34.58954], [133.93901, 34.58974], [133.94734, 34.5932], [133.94835, 34.59082], [133.94846, 34.59176], [133.95002, 34.59116], [133.95414, 34.58703], [133.9556, 34.58657], [133.95467, 34.58657], [133.95528, 34.58566], [133.957, 34.58495], [133.95423, 34.58111], [133.94739, 34.57495], [133.94847, 34.5738], [133.94658, 34.57296], [133.94386, 34.5673], [133.94388, 34.56312], [133.9427, 34.561], [133.94365, 34.55984], [133.94373, 34.55738], [133.94251, 34.55544], [133.94091, 34.55469], [133.94123, 34.55405], [133.93886, 34.55309], [133.93166, 34.5633], [133.92933, 34.57248], [133.92302, 34.58469], [133.92117, 34.58592], [133.91287, 34.58848], [133.909, 34.59216], [133.91128, 34.59315]]]}, "properties": {"name": "児島湖"}}, {"type": "Feature", "geometry": {"type": "Polygon", "coordinates": [[[133.94169, 34.59054], [133.94056, 34.59184], [133.93816, 34.59171], [133.92721, 34.59492], [133.92661, 34.59548], [133.92701, 34.59702], [133.92915, 34.59741], [133.9331, 34.59593], [133.94259, 34.59534], [133.9425, 34.59419], [133.94542, 34.59303], [133.94169, 34.59054]]]}, "properties": {"name": "阿部池"}}, {"type": "Feature", "geometry": {"type": "Polygon", "coordinates": [[[133.8081, 34.51559], [133.80727, 34.51331], [133.80657, 34.51745], [133.80822, 34.51776], [133.8081, 34.51559]]]}, "properties": {"name": "福林湖"}}, {"type": "Feature", "geometry": {"type": "Polygon", "coordinates": [[[133.33909, 34.82731], [133.34682, 34.82917], [133.34602, 34.83113], [133.34485, 34.83176], [133.35292, 34.83695], [133.35706, 34.83587], [133.35912, 34.83675], [133.35808, 34.84028], [133.35922, 34.83855], [133.36086, 34.83774], [133.36768, 34.83966], [133.36896, 34.84143], [133.36724, 34.84246], [133.36766, 34.84373], [133.36944, 34.84479], [133.37132, 34.85142], [133.37107, 34.85286], [133.3721, 34.85192], [133.37042, 34.84572], [133.37742, 34.84898], [133.37907, 34.84841], [133.38133, 34.84958], [133.37998, 34.84854], [133.38117, 34.84689], [133.37956, 34.84801], [133.3774, 34.84815], [133.37185, 34.84432], [133.37085, 34.84286], [133.37146, 34.84196], [133.37606, 34.84164], [133.38029, 34.83968], [133.38251, 34.83972], [133.38508, 34.83773], [133.38622, 34.83789], [133.387, 34.83607], [133.38385, 34.83287], [133.38278, 34.83048], [133.38632, 34.83104], [133.38852, 34.83001], [133.39288, 34.8316], [133.39222, 34.82963], [133.39437, 34.82642], [133.39762, 34.82598], [133.40143, 34.82359], [133.39977, 34.82181], [133.39736, 34.82251], [133.3966, 34.82378], [133.39345, 34.82424], [133.39289, 34.82498], [133.39235, 34.82454], [133.38954, 34.82798], [133.38771, 34.82734], [133.38516, 34.82871], [133.38445, 34.82787], [133.38141, 34.82743], [133.38019, 34.82859], [133.37926, 34.82848], [133.3796, 34.8312], [133.38105, 34.83321], [133.37651, 34.83335], [133.37948, 34.83475], [133.38177, 34.83438], [133.38282, 34.83515], [133.38301, 34.83654], [133.37536, 34.83969], [133.37128, 34.83943], [133.36817, 34.83733], [133.36819, 34.83621], [133.36631, 34.83461], [133.36685, 34.83609], [133.36625, 34.8366], [133.36128, 34.83605], [133.35818, 34.8338], [133.35306, 34.83541], [133.34748, 34.83174], [133.34975, 34.82801], [133.34975, 34.82639], [133.35132, 34.82629], [133.35068, 34.82337], [133.3501, 34.82491], [133.35059, 34.82589], [133.34901, 34.8258], [133.34848, 34.82798], [133.34215, 34.82696], [133.33877, 34.82434], [133.33806, 34.8209], [133.33642, 34.81956], [133.33682, 34.82476], [133.33909, 34.82731]]]}, "properties": {"name": "備中湖"}}, {"type": "Feature", "geometry": {"type": "Polygon", "coordinates": [[[133.56108, 34.98987], [133.56043, 34.98918], [133.55723, 34.98933], [133.55743, 34.98677], [133.55645, 34.98566], [133.55191, 34.98665], [133.54889, 34.98348], [133.54944, 34.98328], [133.54865, 34.98274], [133.54863, 34.98143], [133.54518, 34.98097], [133.54686, 34.97846], [133.54448, 34.98025], [133.54433, 34.97901], [133.54314, 34.98017], [133.54086, 34.97904], [133.5378, 34.98017], [133.53624, 34.97688], [133.53483, 34.97734], [133.5337, 34.97893], [133.53086, 34.97994], [133.53211, 34.98172], [133.5357, 34.97967], [133.53727, 34.98255], [133.5386, 34.98313], [133.54021, 34.98099], [133.54147, 34.98298], [133.54132, 34.98093], [133.54199, 34.98075], [133.54646, 34.98267], [133.54917, 34.98499], [133.5507, 34.98778], [133.55313, 34.9879], [133.55635, 34.98656], [133.5565, 34.98952], [133.55758, 34.99022], [133.56046, 34.98994], [133.5604, 34.99129], [133.56359, 34.99326], [133.56367, 34.99232], [133.56122, 34.99111], [133.56108, 34.98987]]]}, "properties": {"name": "美穀湖"}}, {"type": "Feature", "geometry": {"type": "Polygon", "coordinates": [[[133.80969, 34.95471], [133.81095, 34.95366], [133.80918, 34.95198], [133.81005, 34.94832], [133.8124, 34.94655], [133.81396, 34.94682], [133.8165, 34.95009], [133.81991, 34.95273], [133.82292, 34.95372], [133.83073, 34.95285], [133.83257, 34.95179], [133.83409, 34.95277], [133.83301, 34.95163], [133.83462, 34.95046], [133.83519, 34.94783], [133.83806, 34.94623], [133.84069, 34.94686], [133.84095, 34.94588], [133.84408, 34.94721], [133.84631, 34.94684], [133.84614, 34.94826], [133.84746, 34.94961], [133.84733, 34.94621], [133.84462, 34.94588], [133.84567, 34.94574], [133.84704, 34.94344], [133.8469, 34.93964], [133.85028, 34.93531], [133.85239, 34.9344], [133.85212, 34.93368], [133.85376, 34.93168], [133.8538, 34.92906], [133.85525, 34.9284], [133.85394, 34.92803], [133.85516, 34.92697], [133.85344, 34.92721], [133.84853, 34.92334], [133.84793, 34.92186], [133.85088, 34.9164], [133.85679, 34.91452], [133.85616, 34.91294], [133.84999, 34.91487], [133.84711, 34.91775], [133.84664, 34.91972], [133.84486, 34.92086], [133.84276, 34.92026], [133.84379, 34.92139], [133.846, 34.92097], [133.84716, 34.92459], [133.84828, 34.92613], [133.85098, 34.92717], [133.85165, 34.92942], [133.85007, 34.93302], [133.84547, 34.93751], [133.84471, 34.94138], [133.84388, 34.94212], [133.8442, 34.94338], [133.84249, 34.94423], [133.83784, 34.94358], [133.83376, 34.94174], [133.83188, 34.93993], [133.83188, 34.94112], [133.83458, 34.94371], [133.83356, 34.94683], [133.83289, 34.94685], [133.83344, 34.94757], [133.83291, 34.94954], [133.83131, 34.95074], [133.8227, 34.95231], [133.82104, 34.95205], [133.81778, 34.94952], [133.81503, 34.94572], [133.8119, 34.94489], [133.80886, 34.9482], [133.80795, 34.95284], [133.80906, 34.95388], [133.80789, 34.95484], [133.80791, 34.95677], [133.80831, 34.95499], [133.80969, 34.95471]]]}, "properties": {"name": "旭川湖"}}, {"type": "Feature", "geometry": {"type": "Polygon", "coordinates": [[[133.7316, 35.22808], [133.73358, 35.22857], [133.73479, 35.2305], [133.73432, 35.23383], [133.7377, 35.23467], [133.73518, 35.23882], [133.73924, 35.24051], [133.73943, 35.24158], [133.74148, 35.24295], [133.74007, 35.24402], [133.74095, 35.24665], [133.73977, 35.24667], [133.73978, 35.2474], [133.74238, 35.24771], [133.74174, 35.24484], [133.74426, 35.2466], [133.74484, 35.2458], [133.74683, 35.24607], [133.73941, 35.23955], [133.73654, 35.23828], [133.73908, 35.23667], [133.74063, 35.2346], [133.74034, 35.23341], [133.73833, 35.23299], [133.73603, 35.23101], [133.7363, 35.23018], [133.73527, 35.22855], [133.73719, 35.22632], [133.73466, 35.22812], [133.7307, 35.22655], [133.73023, 35.22599], [133.73077, 35.22553], [133.72828, 35.22349], [133.72416, 35.22308], [133.72023, 35.22737], [133.71447, 35.23064], [133.71412, 35.23174], [133.71408, 35.22885], [133.71329, 35.22867], [133.71256, 35.22528], [133.71343, 35.22474], [133.71547, 35.22524], [133.71514, 35.22467], [133.71594, 35.22443], [133.71646, 35.22254], [133.71874, 35.2198], [133.72027, 35.21936], [133.71911, 35.219], [133.71893, 35.21817], [133.71997, 35.21783], [133.71967, 35.21694], [133.72045, 35.21616], [133.72288, 35.21528], [133.724, 35.2176], [133.72407, 35.21602], [133.72655, 35.21659], [133.72705, 35.21576], [133.7284, 35.21571], [133.72823, 35.21479], [133.72941, 35.21456], [133.72856, 35.21206], [133.73023, 35.21189], [133.73215, 35.2155], [133.73235, 35.21372], [133.73325, 35.2139], [133.7336, 35.21206], [133.73493, 35.21202], [133.73549, 35.211], [133.73282, 35.20755], [133.73154, 35.20836], [133.73211, 35.21026], [133.72797, 35.20982], [133.72685, 35.2086], [133.72715, 35.21047], [133.72566, 35.21098], [133.72573, 35.21275], [133.72374, 35.21235], [133.72445, 35.21024], [133.72289, 35.21149], [133.72186, 35.21012], [133.72254, 35.21284], [133.71837, 35.2137], [133.7175, 35.21314], [133.71781, 35.21468], [133.71638, 35.2158], [133.71484, 35.21564], [133.71448, 35.21387], [133.71367, 35.21584], [133.71005, 35.21609], [133.70803, 35.21391], [133.70894, 35.21651], [133.70831, 35.21735], [133.70616, 35.217], [133.70396, 35.2182], [133.7021, 35.21743], [133.70122, 35.21403], [133.70018, 35.21305], [133.69795, 35.21351], [133.69699, 35.21557], [133.69563, 35.21595], [133.69532, 35.21364], [133.69362, 35.21361], [133.69514, 35.2138], [133.69472, 35.21613], [133.69577, 35.2169], [133.69761, 35.2173], [133.69973, 35.21625], [133.69993, 35.21766], [133.69888, 35.21858], [133.70062, 35.21932], [133.69941, 35.21941], [133.70033, 35.21974], [133.70016, 35.22042], [133.70164, 35.21939], [133.70514, 35.21926], [133.70758, 35.22021], [133.71045, 35.21855], [133.71396, 35.2182], [133.71513, 35.22022], [133.71218, 35.221], [133.70882, 35.22394], [133.70754, 35.2241], [133.70468, 35.22196], [133.70283, 35.22262], [133.70133, 35.22364], [133.70229, 35.22458], [133.70202, 35.2257], [133.70392, 35.22766], [133.70309, 35.22868], [133.69988, 35.23037], [133.69783, 35.23001], [133.69489, 35.23236], [133.69467, 35.23483], [133.69225, 35.23451], [133.68994, 35.23596], [133.69115, 35.23544], [133.69254, 35.23624], [133.69667, 35.23598], [133.6992, 35.23697], [133.69935, 35.23627], [133.69759, 35.23486], [133.69804, 35.23364], [133.70082, 35.23312], [133.7028, 35.23127], [133.7035, 35.2333], [133.70435, 35.23012], [133.70605, 35.2315], [133.7054, 35.22995], [133.70616, 35.22983], [133.70614, 35.22862], [133.70995, 35.22817], [133.7111, 35.22985], [133.71258, 35.23027], [133.71021, 35.23225], [133.71045, 35.23279], [133.71168, 35.23228], [133.7152, 35.2354], [133.71503, 35.23414], [133.71634, 35.23318], [133.71626, 35.23189], [133.71999, 35.23262], [133.71612, 35.23129], [133.7166, 35.23068], [133.72009, 35.23086], [133.719, 35.23026], [133.71931, 35.2288], [133.72285, 35.22853], [133.72244, 35.22813], [133.72387, 35.2273], [133.72398, 35.22582], [133.72535, 35.22494], [133.72795, 35.22542], [133.7316, 35.22808]], [[133.69819, 35.21524], [133.69764, 35.21512], [133.69864, 35.214], [133.6992, 35.21482], [133.69819, 35.21524]]]}, "properties": {"name": "湯原湖"}}, {"type": "Feature", "geometry": {"type": "Polygon", "coordinates": [[[133.99281, 35.30853], [133.99244, 35.3079], [133.99396, 35.30573], [133.99467, 35.30596], [133.99438, 35.30546], [133.99042, 35.3056], [133.9894, 35.30342], [133.98983, 35.30174], [133.98923, 35.29961], [133.98708, 35.30058], [133.98691, 35.30189], [133.98591, 35.30233], [133.98763, 35.30418], [133.98708, 35.3046], [133.99281, 35.30853]]]}, "properties": {"name": "恩原湖"}}, {"type": "Feature", "geometry": {"type": "Polygon", "coordinates": [[[133.76811, 34.82641], [133.7699, 34.8257], [133.76963, 34.82499], [133.77132, 34.82307], [133.77076, 34.82276], [133.76972, 34.82403], [133.76759, 34.823], [133.76668, 34.82154], [133.76645, 34.82211], [133.766, 34.82141], [133.76509, 34.82167], [133.76693, 34.8235], [133.76641, 34.82441], [133.76823, 34.82525], [133.7646, 34.82788], [133.76811, 34.82641]]]}, "properties": {"name": "鳴滝湖"}}, {"type": "Feature", "geometry": {"type": "Polygon", "coordinates": [[[132.33046, 34.42763], [132.33025, 34.42613], [132.32811, 34.42476], [132.32737, 34.42545], [132.32526, 34.425], [132.32326, 34.4261], [132.32486, 34.42738], [132.32573, 34.42598], [132.32668, 34.42671], [132.32813, 34.42635], [132.32926, 34.42752], [132.32906, 34.42865], [132.33046, 34.42763]]]}, "properties": {"name": "窓竜湖"}}, {"type": "Feature", "geometry": {"type": "Polygon", "coordinates": [[[132.91461, 34.506], [132.91947, 34.50828], [132.9165, 34.506], [132.91724, 34.50455], [132.9166, 34.50422], [132.9101, 34.50579], [132.9052, 34.50534], [132.90075, 34.50347], [132.89559, 34.50356], [132.89264, 34.50278], [132.8931, 34.50226], [132.89162, 34.50132], [132.89043, 34.50258], [132.89106, 34.50412], [132.88995, 34.5034], [132.88749, 34.50496], [132.88341, 34.50378], [132.8826, 34.50487], [132.88757, 34.5056], [132.88966, 34.505], [132.89142, 34.50601], [132.89587, 34.50462], [132.89564, 34.50599], [132.89712, 34.50708], [132.90251, 34.50578], [132.91461, 34.506]]]}, "properties": {"name": "白竜湖"}}, {"type": "Feature", "geometry": {"type": "Polygon", "coordinates": [[[133.0737, 34.50324], [133.07632, 34.50062], [133.07561, 34.50004], [133.07371, 34.5012], [133.07264, 34.49794], [133.06929, 34.49643], [133.06899, 34.49409], [133.0689, 34.49685], [133.0714, 34.49815], [133.07305, 34.50242], [133.07208, 34.50412], [133.07296, 34.50441], [133.0737, 34.50324]]]}, "properties": {"name": "青竜湖"}}, {"type": "Feature", "geometry": {"type": "Polygon", "coordinates": [[[133.1673, 34.5638], [133.16663, 34.56133], [133.16419, 34.56137], [133.16482, 34.56271], [133.1673, 34.5638]]]}, "properties": {"name": "羽高湖"}}, {"type": "Feature", "geometry": {"type": "Polygon", "coordinates": [[[133.13435, 34.58262], [133.13381, 34.58415], [133.13578, 34.5863], [133.13798, 34.58744], [133.1387, 34.58632], [133.14119, 34.58657], [133.14222, 34.58823], [133.14393, 34.58915], [133.14232, 34.59053], [133.13909, 34.58934], [133.13922, 34.59064], [133.13564, 34.593], [133.13537, 34.59623], [133.13736, 34.59768], [133.13505, 34.60217], [133.13555, 34.60594], [133.13031, 34.60569], [133.12861, 34.60674], [133.12876, 34.60895], [133.13206, 34.61184], [133.13304, 34.61386], [133.12667, 34.61515], [133.12471, 34.61753], [133.12869, 34.62257], [133.12568, 34.62275], [133.12712, 34.62355], [133.12867, 34.62342], [133.12939, 34.62255], [133.12573, 34.61852], [133.12584, 34.61733], [133.12744, 34.61607], [133.13415, 34.61402], [133.13372, 34.61215], [133.13063, 34.6091], [133.13097, 34.60762], [133.13418, 34.60734], [133.13676, 34.60809], [133.13848, 34.60708], [133.1364, 34.60306], [133.14036, 34.59949], [133.14065, 34.59774], [133.13837, 34.59528], [133.13809, 34.59374], [133.14117, 34.59417], [133.1417, 34.59497], [133.14257, 34.59458], [133.14264, 34.59701], [133.14672, 34.5985], [133.14668, 34.6003], [133.14749, 34.59953], [133.14655, 34.59661], [133.14554, 34.59619], [133.14534, 34.59417], [133.14418, 34.59352], [133.14612, 34.58952], [133.14523, 34.58756], [133.14147, 34.58534], [133.13681, 34.58507], [133.13535, 34.58358], [133.13447, 34.5801], [133.13435, 34.58262]]]}, "properties": {"name": "芦田湖"}}, {"type": "Feature", "geometry": {"type": "Polygon", "coordinates": [[[133.22721, 34.84276], [133.22613, 34.84271], [133.22472, 34.8445], [133.2238, 34.84415], [133.22442, 34.84486], [133.22258, 34.84591], [133.22297, 34.84433], [133.21764, 34.84261], [133.21963, 34.84293], [133.22007, 34.84418], [133.22229, 34.84465], [133.2218, 34.84638], [133.22384, 34.84622], [133.22497, 34.84508], [133.22708, 34.84542], [133.22323, 34.84863], [133.22319, 34.8506], [133.22156, 34.85112], [133.22266, 34.85311], [133.22021, 34.85392], [133.21981, 34.85547], [133.22041, 34.85432], [133.22292, 34.85355], [133.22207, 34.85155], [133.22313, 34.85128], [133.22344, 34.84928], [133.22515, 34.84743], [133.22666, 34.84651], [133.22816, 34.84784], [133.2277, 34.84622], [133.22825, 34.84538], [133.22603, 34.84432], [133.2264, 34.8437], [133.2311, 34.84407], [133.23095, 34.84161], [133.22892, 34.83956], [133.2308, 34.83802], [133.23095, 34.83619], [133.23496, 34.83471], [133.23491, 34.83088], [133.23584, 34.83036], [133.23596, 34.82833], [133.23388, 34.82789], [133.23493, 34.82955], [133.23355, 34.83069], [133.23381, 34.83432], [133.22908, 34.83616], [133.22989, 34.83788], [133.22767, 34.83917], [133.22784, 34.84047], [133.22971, 34.84149], [133.23057, 34.84326], [133.22721, 34.84276]]]}, "properties": {"name": "神竜湖"}}, {"type": "Feature", "geometry": {"type": "Polygon", "coordinates": [[[132.79945, 34.99699], [132.80162, 34.99672], [132.80158, 34.99568], [132.80291, 34.99495], [132.8026, 34.99675], [132.80612, 35.0006], [132.80281, 35.00286], [132.80189, 35.00466], [132.80247, 35.00627], [132.79992, 35.00707], [132.8019, 35.00667], [132.80101, 35.00866], [132.80283, 35.00996], [132.80331, 35.01218], [132.80615, 35.01593], [132.81184, 35.01707], [132.81256, 35.01664], [132.81105, 35.01551], [132.80846, 35.01579], [132.80738, 35.01515], [132.80413, 35.009], [132.8056, 35.00765], [132.80498, 35.00398], [132.80634, 35.00523], [132.806, 35.0036], [132.80834, 35.00192], [132.81078, 35.00335], [132.80918, 35.0014], [132.81105, 35.00072], [132.81271, 34.99865], [132.81168, 34.99849], [132.80967, 35.00005], [132.80834, 34.99812], [132.80839, 34.99673], [132.80691, 34.99643], [132.80613, 34.99401], [132.80436, 34.99238], [132.79924, 34.99346], [132.79863, 34.99522], [132.79569, 34.9935], [132.79596, 34.99224], [132.79362, 34.99337], [132.7937, 34.99476], [132.79513, 34.9951], [132.79521, 34.99625], [132.7962, 34.99589], [132.79945, 34.99699]]]}, "properties": {"name": "神之瀬湖"}}, {"type": "Feature", "geometry": {"type": "Polygon", "coordinates": [[[132.13538, 34.23672], [132.13669, 34.23634], [132.13753, 34.23729], [132.13684, 34.23813], [132.13915, 34.23883], [132.13965, 34.23969], [132.14274, 34.23919], [132.14377, 34.2427], [132.14476, 34.24275], [132.14544, 34.24406], [132.14458, 34.24607], [132.1454, 34.24679], [132.1446, 34.2477], [132.14651, 34.25206], [132.14601, 34.25649], [132.14455, 34.25927], [132.14134, 34.25968], [132.1451, 34.26009], [132.14687, 34.25691], [132.1479, 34.25106], [132.14632, 34.24581], [132.14757, 34.24409], [132.14627, 34.24266], [132.14683, 34.24198], [132.14584, 34.24211], [132.14513, 34.24091], [132.14493, 34.23805], [132.14776, 34.23784], [132.14825, 34.23954], [132.1491, 34.23962], [132.14915, 34.23834], [132.15144, 34.23792], [132.1512, 34.23613], [132.1525, 34.23483], [132.15551, 34.2346], [132.15706, 34.23094], [132.15821, 34.23023], [132.15862, 34.23455], [132.16143, 34.23487], [132.16244, 34.23672], [132.16221, 34.23853], [132.16322, 34.23731], [132.1643, 34.23764], [132.16233, 34.23204], [132.1608, 34.23285], [132.16205, 34.22923], [132.16172, 34.22803], [132.15933, 34.22803], [132.15802, 34.22567], [132.15788, 34.22269], [132.1565, 34.2222], [132.15706, 34.21748], [132.15642, 34.22008], [132.1556, 34.21981], [132.1561, 34.22298], [132.15528, 34.22292], [132.15676, 34.22363], [132.15637, 34.2266], [132.15728, 34.22774], [132.15626, 34.22847], [132.15447, 34.22783], [132.15478, 34.22863], [132.15391, 34.22907], [132.15488, 34.22959], [132.15413, 34.23024], [132.15438, 34.23248], [132.15057, 34.23323], [132.14892, 34.23637], [132.14399, 34.23544], [132.14236, 34.23586], [132.1425, 34.23668], [132.14104, 34.2375], [132.13889, 34.23762], [132.13827, 34.2331], [132.13756, 34.23578], [132.13153, 34.2336], [132.13024, 34.23553], [132.12957, 34.23467], [132.13006, 34.23146], [132.12742, 34.23106], [132.12768, 34.23026], [132.12634, 34.23083], [132.12661, 34.2318], [132.1292, 34.23206], [132.12882, 34.23459], [132.13037, 34.23728], [132.13001, 34.23788], [132.13205, 34.23648], [132.13135, 34.23468], [132.13503, 34.23601], [132.13261, 34.23882], [132.13288, 34.23948], [132.13479, 34.23645], [132.13538, 34.23672]]]}, "properties": {"name": "弥栄湖"}}, {"type": "Feature", "geometry": {"type": "Polygon", "coordinates": [[[132.12959, 34.32295], [132.12781, 34.32091], [132.12446, 34.31931], [132.1253, 34.31485], [132.12354, 34.31181], [132.12416, 34.30842], [132.12147, 34.30827], [132.12267, 34.30906], [132.1212, 34.31019], [132.12119, 34.31224], [132.12214, 34.31325], [132.12176, 34.31375], [132.12296, 34.31354], [132.12379, 34.3199], [132.1288, 34.32244], [132.12798, 34.32548], [132.12928, 34.32701], [132.12672, 34.33085], [132.12983, 34.32693], [132.1287, 34.32496], [132.12959, 34.32295]]]}, "properties": {"name": "小瀬川貯水池"}}, {"type": "Feature", "geometry": {"type": "Polygon", "coordinates": [[[132.61054, 34.65114], [132.61404, 34.65575], [132.61401, 34.65666], [132.60886, 34.65501], [132.60582, 34.65517], [132.60129, 34.65989], [132.6011, 34.66351], [132.60159, 34.66417], [132.60246, 34.66358], [132.60464, 34.66811], [132.60377, 34.66891], [132.60476, 34.6684], [132.60479, 34.66981], [132.6052, 34.66907], [132.60579, 34.66988], [132.60431, 34.66989], [132.60342, 34.67104], [132.60461, 34.67264], [132.60631, 34.67156], [132.60644, 34.66989], [132.60285, 34.6623], [132.60394, 34.66203], [132.60555, 34.65825], [132.60921, 34.65654], [132.61634, 34.66168], [132.61796, 34.6613], [132.6208, 34.65897], [132.62137, 34.65663], [132.62076, 34.65543], [132.61574, 34.65268], [132.61482, 34.64949], [132.61214, 34.64701], [132.61399, 34.64657], [132.61754, 34.64749], [132.62051, 34.64692], [132.62143, 34.64637], [132.62178, 34.64389], [132.61903, 34.64279], [132.61846, 34.64377], [132.61746, 34.6435], [132.61765, 34.64412], [132.61658, 34.64389], [132.61647, 34.64303], [132.6147, 34.64432], [132.61367, 34.64371], [132.61077, 34.6441], [132.60876, 34.64617], [132.61054, 34.65114]]]}, "properties": {"name": "八千代湖"}}, {"type": "Feature", "geometry": {"type": "Polygon", "coordinates": [[[132.30565, 34.70325], [132.30226, 34.70309], [132.30019, 34.70211], [132.30195, 34.70377], [132.29992, 34.70635], [132.3031, 34.70697], [132.30062, 34.70834], [132.29873, 34.70837], [132.29647, 34.70395], [132.29493, 34.70428], [132.29459, 34.70546], [132.29514, 34.70586], [132.29482, 34.7048], [132.29622, 34.70417], [132.29858, 34.7089], [132.30063, 34.70887], [132.30408, 34.70735], [132.3041, 34.70666], [132.30108, 34.70595], [132.30254, 34.70436], [132.30421, 34.70411], [132.306, 34.70493], [132.30834, 34.70382], [132.30715, 34.70548], [132.30853, 34.70885], [132.30853, 34.70576], [132.31183, 34.70438], [132.31239, 34.70343], [132.31115, 34.70197], [132.31108, 34.7005], [132.3139, 34.6999], [132.31331, 34.70159], [132.31385, 34.70262], [132.31676, 34.70275], [132.3171, 34.70389], [132.31614, 34.7056], [132.3183, 34.70953], [132.32288, 34.71029], [132.32091, 34.71624], [132.32425, 34.70955], [132.32508, 34.71019], [132.32423, 34.7113], [132.32616, 34.71285], [132.32579, 34.71368], [132.3277, 34.71279], [132.32657, 34.7143], [132.32675, 34.71523], [132.33176, 34.71487], [132.33523, 34.71572], [132.3365, 34.71446], [132.33657, 34.71563], [132.33889, 34.71796], [132.33677, 34.71557], [132.33666, 34.71424], [132.33517, 34.71534], [132.33334, 34.71461], [132.33423, 34.71321], [132.33266, 34.71464], [132.33082, 34.71397], [132.33014, 34.71472], [132.32786, 34.71476], [132.3292, 34.71224], [132.32553, 34.7117], [132.32666, 34.71039], [132.32603, 34.70897], [132.32401, 34.70857], [132.32143, 34.70952], [132.3202, 34.70916], [132.32095, 34.70802], [132.3193, 34.70853], [132.31772, 34.70574], [132.3185, 34.70373], [132.31768, 34.70166], [132.31515, 34.70088], [132.31599, 34.69994], [132.32053, 34.70108], [132.32277, 34.6997], [132.32035, 34.70074], [132.31822, 34.69948], [132.31522, 34.69928], [132.31421, 34.69816], [132.31077, 34.69907], [132.3087, 34.70085], [132.30875, 34.70167], [132.30746, 34.70136], [132.30545, 34.69903], [132.30676, 34.702], [132.30565, 34.70325]]]}, "properties": {"name": "仙水湖"}}, {"type": "Feature", "geometry": {"type": "Polygon", "coordinates": [[[132.16984, 34.67379], [132.16999, 34.67443], [132.17249, 34.67502], [132.16779, 34.6768], [132.16826, 34.68007], [132.16821, 34.67748], [132.17113, 34.67699], [132.17346, 34.67507], [132.17305, 34.67382], [132.17462, 34.67346], [132.17054, 34.67284], [132.1706, 34.67157], [132.17144, 34.6715], [132.17077, 34.67112], [132.17134, 34.67049], [132.17088, 34.66929], [132.17238, 34.66964], [132.17123, 34.66875], [132.17396, 34.66754], [132.17289, 34.66648], [132.17258, 34.66464], [132.17377, 34.66402], [132.17333, 34.66343], [132.17401, 34.66272], [132.17108, 34.66032], [132.17082, 34.65911], [132.17223, 34.6593], [132.17212, 34.66009], [132.17332, 34.6608], [132.17611, 34.66074], [132.17203, 34.65842], [132.17121, 34.65718], [132.17204, 34.65674], [132.1717, 34.6556], [132.17091, 34.65565], [132.17148, 34.65481], [132.16971, 34.65456], [132.16837, 34.65307], [132.16979, 34.65193], [132.16855, 34.65112], [132.16745, 34.65193], [132.16513, 34.65204], [132.16506, 34.65273], [132.1596, 34.6522], [132.16558, 34.65479], [132.16418, 34.65605], [132.16448, 34.65654], [132.16226, 34.65734], [132.16651, 34.65791], [132.16514, 34.65926], [132.16725, 34.65847], [132.16824, 34.65886], [132.16883, 34.66046], [132.16704, 34.66077], [132.16743, 34.66252], [132.16544, 34.66263], [132.16889, 34.66315], [132.16935, 34.66497], [132.17119, 34.66539], [132.17063, 34.66582], [132.17141, 34.66594], [132.17125, 34.66718], [132.16909, 34.66932], [132.16777, 34.66889], [132.16768, 34.66992], [132.16477, 34.67093], [132.16849, 34.67015], [132.16898, 34.67205], [132.16794, 34.67365], [132.16984, 34.67379]], [[132.16644, 34.65697], [132.1663, 34.65628], [132.16822, 34.65643], [132.1673, 34.65802], [132.16609, 34.65751], [132.16644, 34.65697]]]}, "properties": {"name": "聖湖"}}, {"type": "Feature", "geometry": {"type": "Polygon", "coordinates": [[[133.10584, 34.6175], [133.10654, 34.61735], [133.10705, 34.61924], [133.10779, 34.61912], [133.10728, 34.61751], [133.10854, 34.61827], [133.10915, 34.61694], [133.1078, 34.61691], [133.10668, 34.61574], [133.10968, 34.6141], [133.11022, 34.61289], [133.113, 34.61209], [133.11061, 34.60742], [133.11199, 34.6066], [133.11262, 34.60706], [133.11249, 34.60641], [133.11421, 34.60585], [133.11488, 34.60437], [133.11488, 34.60207], [133.11311, 34.60237], [133.11315, 34.59852], [133.10989, 34.59873], [133.1105, 34.59954], [133.11232, 34.59928], [133.11234, 34.60395], [133.11429, 34.60456], [133.10807, 34.60631], [133.10758, 34.60906], [133.10997, 34.61144], [133.10861, 34.61334], [133.1042, 34.61536], [133.10621, 34.61672], [133.10584, 34.6175]], [[133.11439, 34.60331], [133.11366, 34.60272], [133.11422, 34.60251], [133.11439, 34.60331]]]}, "properties": {"name": "神農湖"}}, {"type": "Feature", "geometry": {"type": "Polygon", "coordinates": [[[131.12236, 34.25946], [131.12312, 34.26026], [131.12051, 34.26073], [131.12312, 34.26117], [131.12469, 34.25977], [131.11986, 34.25756], [131.11902, 34.25577], [131.1216, 34.25354], [131.12087, 34.24849], [131.12261, 34.25155], [131.12132, 34.24706], [131.12433, 34.24504], [131.12489, 34.24576], [131.12444, 34.24678], [131.12536, 34.24607], [131.12717, 34.24912], [131.12589, 34.24599], [131.12706, 34.24587], [131.12709, 34.2468], [131.12894, 34.24761], [131.1285, 34.24885], [131.12928, 34.24987], [131.13219, 34.25142], [131.13256, 34.25039], [131.13212, 34.25082], [131.12948, 34.2486], [131.12982, 34.24755], [131.13178, 34.24738], [131.12886, 34.24685], [131.1262, 34.24443], [131.12882, 34.24399], [131.12832, 34.24316], [131.13009, 34.24198], [131.13343, 34.24435], [131.13127, 34.24227], [131.13452, 34.24175], [131.13084, 34.24163], [131.1304, 34.24091], [131.13145, 34.24071], [131.13111, 34.23996], [131.12951, 34.23963], [131.12792, 34.23994], [131.1271, 34.24175], [131.12578, 34.24218], [131.12535, 34.24002], [131.12859, 34.23821], [131.12686, 34.23829], [131.12668, 34.23735], [131.12533, 34.23925], [131.12445, 34.2377], [131.12407, 34.23841], [131.12306, 34.23811], [131.121, 34.23684], [131.12137, 34.23636], [131.11802, 34.23623], [131.11631, 34.2383], [131.11856, 34.23745], [131.11952, 34.23869], [131.11754, 34.24023], [131.11793, 34.24148], [131.11928, 34.23937], [131.12067, 34.23926], [131.12136, 34.2405], [131.121, 34.23905], [131.12271, 34.23977], [131.12287, 34.24139], [131.12212, 34.24379], [131.12064, 34.24322], [131.12089, 34.24402], [131.11909, 34.24363], [131.11815, 34.24428], [131.11836, 34.24485], [131.11898, 34.24397], [131.12109, 34.24487], [131.11913, 34.24594], [131.11798, 34.24849], [131.11671, 34.24859], [131.1166, 34.24945], [131.11846, 34.25057], [131.11927, 34.25217], [131.11711, 34.25245], [131.11655, 34.25671], [131.11831, 34.25827], [131.12236, 34.25946]]]}, "properties": {"name": "豊田湖"}}, {"type": "Feature", "geometry": {"type": "Polygon", "coordinates": [[[131.3168, 34.11889], [131.31764, 34.11872], [131.32097, 34.1136], [131.31793, 34.11401], [131.3145, 34.10902], [131.30933, 34.1064], [131.30719, 34.10443], [131.30711, 34.10329], [131.31166, 34.10274], [131.30847, 34.09665], [131.31047, 34.09559], [131.30952, 34.0948], [131.30778, 34.09527], [131.30725, 34.09442], [131.30693, 34.09288], [131.30851, 34.0928], [131.30651, 34.09224], [131.30703, 34.09118], [131.30611, 34.09064], [131.30808, 34.09055], [131.30713, 34.08893], [131.30575, 34.08943], [131.30593, 34.0871], [131.30469, 34.08675], [131.30325, 34.08185], [131.29905, 34.07875], [131.29469, 34.08055], [131.29256, 34.07985], [131.29241, 34.07894], [131.29163, 34.07947], [131.29085, 34.07639], [131.29021, 34.07653], [131.29075, 34.07908], [131.28886, 34.0785], [131.28829, 34.07725], [131.28809, 34.07814], [131.2841, 34.07803], [131.28323, 34.07662], [131.28372, 34.07534], [131.28269, 34.07432], [131.28346, 34.07229], [131.28215, 34.07182], [131.2811, 34.07341], [131.28199, 34.07587], [131.28108, 34.07932], [131.28202, 34.07981], [131.28265, 34.07864], [131.28427, 34.07926], [131.28406, 34.08161], [131.28556, 34.0794], [131.29029, 34.08166], [131.2954, 34.08756], [131.29564, 34.08929], [131.29601, 34.08729], [131.29366, 34.08515], [131.29361, 34.08316], [131.29467, 34.08318], [131.29581, 34.08183], [131.29777, 34.08197], [131.2966, 34.0812], [131.29833, 34.08002], [131.30161, 34.08253], [131.30155, 34.08362], [131.3024, 34.08377], [131.30294, 34.08531], [131.30206, 34.08729], [131.30261, 34.08739], [131.30223, 34.08994], [131.30345, 34.09184], [131.3028, 34.09226], [131.30483, 34.09329], [131.30941, 34.10124], [131.3063, 34.10228], [131.30577, 34.10357], [131.30776, 34.10674], [131.31131, 34.10858], [131.31534, 34.11501], [131.3168, 34.11889]]]}, "properties": {"name": "小野湖"}}, {"type": "Feature", "geometry": {"type": "Polygon", "coordinates": [[[131.28418, 33.95552], [131.28455, 33.9565], [131.28331, 33.96045], [131.28481, 33.95824], [131.2856, 33.95871], [131.28528, 33.96084], [131.28618, 33.96233], [131.28706, 33.95882], [131.2884, 33.95958], [131.2886, 33.96084], [131.29023, 33.96013], [131.28901, 33.95896], [131.2894, 33.95845], [131.28836, 33.95842], [131.28745, 33.9574], [131.28797, 33.95712], [131.28651, 33.95635], [131.28654, 33.95479], [131.28865, 33.9544], [131.28788, 33.95244], [131.29027, 33.95237], [131.28808, 33.95036], [131.2876, 33.94794], [131.28662, 33.9478], [131.28909, 33.9464], [131.28771, 33.94572], [131.28814, 33.94525], [131.28687, 33.94493], [131.28613, 33.94605], [131.28509, 33.94588], [131.28533, 33.94734], [131.28367, 33.94746], [131.28417, 33.94796], [131.28323, 33.9488], [131.28392, 33.94896], [131.28174, 33.94992], [131.28212, 33.95096], [131.28018, 33.95091], [131.27942, 33.95222], [131.27768, 33.95187], [131.27676, 33.9549], [131.27703, 33.95544], [131.27761, 33.95437], [131.27936, 33.95393], [131.27888, 33.95325], [131.28134, 33.95283], [131.28166, 33.95612], [131.28277, 33.95691], [131.28243, 33.95843], [131.28323, 33.95718], [131.28247, 33.95461], [131.28418, 33.95552]]]}, "properties": {"name": "常盤池"}}, {"type": "Feature", "geometry": {"type": "Polygon", "coordinates": [[[131.46911, 34.20397], [131.46844, 34.20329], [131.46669, 34.20427], [131.46406, 34.20993], [131.46503, 34.2105], [131.46482, 34.20915], [131.46911, 34.20397]]]}, "properties": {"name": "錦鶏湖"}}, {"type": "Feature", "geometry": {"type": "Polygon", "coordinates": [[[131.49187, 34.23409], [131.49191, 34.23224], [131.49328, 34.23182], [131.49369, 34.23017], [131.49329, 34.22867], [131.49192, 34.22752], [131.49368, 34.22606], [131.49169, 34.22432], [131.49128, 34.22151], [131.49133, 34.22468], [131.49263, 34.22633], [131.49063, 34.2274], [131.49229, 34.22932], [131.49226, 34.2308], [131.48891, 34.23096], [131.49126, 34.23157], [131.491, 34.23276], [131.48966, 34.23259], [131.48848, 34.23456], [131.48727, 34.23479], [131.48881, 34.23499], [131.49033, 34.23341], [131.49187, 34.23409]]]}, "properties": {"name": "宮野湖"}}, {"type": "Feature", "geometry": {"type": "Polygon", "coordinates": [[[131.50071, 34.37406], [131.49776, 34.37372], [131.50054, 34.37447], [131.5005, 34.37529], [131.4992, 34.37592], [131.50109, 34.37536], [131.50248, 34.37312], [131.50352, 34.37286], [131.5049, 34.37626], [131.50429, 34.37706], [131.50187, 34.37707], [131.50263, 34.37803], [131.50028, 34.38021], [131.50347, 34.37871], [131.50405, 34.3807], [131.50606, 34.38265], [131.50384, 34.37805], [131.506, 34.37694], [131.50604, 34.37503], [131.50748, 34.375], [131.50543, 34.3726], [131.5077, 34.36929], [131.50931, 34.36891], [131.509, 34.36759], [131.50998, 34.36581], [131.51622, 34.36469], [131.51743, 34.36178], [131.51969, 34.35947], [131.52622, 34.36049], [131.52911, 34.36267], [131.53557, 34.36186], [131.53597, 34.36348], [131.53407, 34.36671], [131.53457, 34.36869], [131.53911, 34.36611], [131.5412, 34.36702], [131.54376, 34.36431], [131.54797, 34.36329], [131.54874, 34.36217], [131.54305, 34.36368], [131.54111, 34.36599], [131.53903, 34.36498], [131.53603, 34.36641], [131.5369, 34.36254], [131.53773, 34.36205], [131.53575, 34.36084], [131.53136, 34.36148], [131.52715, 34.35897], [131.51777, 34.35725], [131.51797, 34.35813], [131.51529, 34.35925], [131.51233, 34.35775], [131.51492, 34.36019], [131.51439, 34.36305], [131.51084, 34.3633], [131.50617, 34.36565], [131.506, 34.36353], [131.5055, 34.36322], [131.50556, 34.36477], [131.50449, 34.36341], [131.50264, 34.36281], [131.50085, 34.3646], [131.49972, 34.36812], [131.49962, 34.36325], [131.49877, 34.3632], [131.49791, 34.36121], [131.50012, 34.35927], [131.49938, 34.35738], [131.49726, 34.3561], [131.49881, 34.35548], [131.50208, 34.35616], [131.50283, 34.35537], [131.50274, 34.35255], [131.50346, 34.35119], [131.5071, 34.35089], [131.50854, 34.34975], [131.50752, 34.34835], [131.5046, 34.34695], [131.50374, 34.33863], [131.50048, 34.33774], [131.50522, 34.3348], [131.50698, 34.33614], [131.50833, 34.33591], [131.50499, 34.33429], [131.4998, 34.33674], [131.49874, 34.33641], [131.49955, 34.33843], [131.50269, 34.3394], [131.50302, 34.34101], [131.50283, 34.34573], [131.50097, 34.34533], [131.50209, 34.34399], [131.5016, 34.34273], [131.5005, 34.34299], [131.50149, 34.34377], [131.50006, 34.34526], [131.50573, 34.34933], [131.502, 34.35025], [131.50105, 34.35474], [131.4972, 34.35248], [131.49507, 34.35228], [131.4945, 34.35481], [131.49324, 34.35473], [131.493, 34.35371], [131.49276, 34.35511], [131.49341, 34.35574], [131.49275, 34.35667], [131.49386, 34.35645], [131.49509, 34.35912], [131.49432, 34.36111], [131.48926, 34.35842], [131.49073, 34.35756], [131.48805, 34.35665], [131.4882, 34.35816], [131.48756, 34.35835], [131.48766, 34.36007], [131.49061, 34.3614], [131.49188, 34.3635], [131.49301, 34.36298], [131.49714, 34.36445], [131.49673, 34.3656], [131.49763, 34.36594], [131.49712, 34.36687], [131.49768, 34.36727], [131.49656, 34.36826], [131.49703, 34.37007], [131.49874, 34.37068], [131.50154, 34.36969], [131.50255, 34.36707], [131.50401, 34.36838], [131.50502, 34.37146], [131.50206, 34.37253], [131.50071, 34.37406]]]}, "properties": {"name": "阿武湖"}}, {"type": "Feature", "geometry": {"type": "Polygon", "coordinates": [[[131.87609, 34.07261], [131.87665, 34.0718], [131.87514, 34.07045], [131.87663, 34.06833], [131.87507, 34.06655], [131.87508, 34.06529], [131.87725, 34.06452], [131.87714, 34.06319], [131.87881, 34.06179], [131.87611, 34.06027], [131.87657, 34.05849], [131.8753, 34.0573], [131.8747, 34.0551], [131.87222, 34.05732], [131.87239, 34.05876], [131.87089, 34.06062], [131.86852, 34.05955], [131.86769, 34.06077], [131.86898, 34.0602], [131.86944, 34.06129], [131.87348, 34.06091], [131.87394, 34.06193], [131.87581, 34.0626], [131.87611, 34.06383], [131.87415, 34.0644], [131.87369, 34.0658], [131.87518, 34.06816], [131.8741, 34.07057], [131.87609, 34.07261]]]}, "properties": {"name": "米泉湖"}}, {"type": "Feature", "geometry": {"type": "Polygon", "coordinates": [[[132.15112, 34.12942], [132.15099, 34.12859], [132.15244, 34.12834], [132.15221, 34.12904], [132.15298, 34.12811], [132.15218, 34.12755], [132.15011, 34.12812], [132.15071, 34.12949], [132.14967, 34.13048], [132.15112, 34.12942]]]}, "properties": {"name": "五瀬ノ湖"}}, {"type": "Feature", "geometry": {"type": "Polygon", "coordinates": [[[132.04418, 34.20192], [132.04481, 34.20531], [132.0486, 34.20644], [132.05053, 34.20827], [132.05372, 34.20498], [132.054, 34.20009], [132.05601, 34.20059], [132.05769, 34.20216], [132.05942, 34.20167], [132.06104, 34.20323], [132.06002, 34.20473], [132.06223, 34.20612], [132.05826, 34.21135], [132.05847, 34.2125], [132.05997, 34.21305], [132.05856, 34.21471], [132.06061, 34.21941], [132.05934, 34.2202], [132.05777, 34.21975], [132.05947, 34.22142], [132.05778, 34.22397], [132.06286, 34.22737], [132.06269, 34.22861], [132.06551, 34.22702], [132.06532, 34.22386], [132.06711, 34.22289], [132.06676, 34.22151], [132.06611, 34.22304], [132.06465, 34.22299], [132.06439, 34.22619], [132.06366, 34.22691], [132.06112, 34.22629], [132.05883, 34.2241], [132.06174, 34.22137], [132.06045, 34.22061], [132.06124, 34.22017], [132.06124, 34.21852], [132.05973, 34.21682], [132.05939, 34.21503], [132.05952, 34.21419], [132.0617, 34.21326], [132.0613, 34.21221], [132.0593, 34.21182], [132.06084, 34.20951], [132.06214, 34.20919], [132.06177, 34.20839], [132.06302, 34.20806], [132.06219, 34.20755], [132.06377, 34.20566], [132.06215, 34.20452], [132.06313, 34.20261], [132.06028, 34.20004], [132.05858, 34.19983], [132.05805, 34.20051], [132.05658, 34.19921], [132.05425, 34.19885], [132.05219, 34.2002], [132.052, 34.20431], [132.05013, 34.20568], [132.04691, 34.20407], [132.0474, 34.20356], [132.04594, 34.20094], [132.04418, 34.20192]]]}, "properties": {"name": "山代湖"}}, {"type": "Feature", "geometry": {"type": "Polygon", "coordinates": [[[131.18234, 34.40718], [131.18456, 34.40762], [131.1852, 34.40623], [131.18628, 34.40592], [131.18637, 34.40204], [131.18457, 34.40387], [131.17779, 34.40683], [131.17847, 34.40819], [131.18191, 34.40814], [131.18234, 34.40718]]]}, "properties": {"name": "青海湖"}}, {"type": "Feature", "geometry": {"type": "Polygon", "coordinates": [[[131.79411, 34.11595], [131.79329, 34.11285], [131.79016, 34.10994], [131.78766, 34.11006], [131.78791, 34.1095], [131.78611, 34.10835], [131.78535, 34.10991], [131.78307, 34.10856], [131.7805, 34.10919], [131.78299, 34.10961], [131.7845, 34.11152], [131.78544, 34.11161], [131.78431, 34.11393], [131.78165, 34.11601], [131.78544, 34.11467], [131.78789, 34.1119], [131.79026, 34.11195], [131.79132, 34.11477], [131.79078, 34.11549], [131.79215, 34.11642], [131.7923, 34.11931], [131.78965, 34.12157], [131.79254, 34.11981], [131.79265, 34.1216], [131.79526, 34.12149], [131.79728, 34.123], [131.79578, 34.12121], [131.79415, 34.12104], [131.79411, 34.11595]]]}, "properties": {"name": "菊川湖"}}, {"type": "Feature", "geometry": {"type": "Polygon", "coordinates": [[[131.88188, 34.13983], [131.88247, 34.14016], [131.88168, 34.14303], [131.88212, 34.14452], [131.88076, 34.14621], [131.88311, 34.14849], [131.88101, 34.14988], [131.88125, 34.15126], [131.88052, 34.15145], [131.8811, 34.15228], [131.87995, 34.15392], [131.87268, 34.15615], [131.87179, 34.15543], [131.86919, 34.15652], [131.86195, 34.15717], [131.87344, 34.15745], [131.87571, 34.15598], [131.88009, 34.15478], [131.88274, 34.15165], [131.88416, 34.14843], [131.883, 34.1458], [131.88316, 34.14196], [131.88433, 34.14013], [131.8862, 34.14105], [131.88636, 34.14056], [131.88523, 34.13937], [131.88545, 34.13746], [131.88279, 34.13274], [131.88304, 34.13057], [131.88385, 34.13174], [131.88596, 34.13229], [131.88731, 34.13143], [131.88734, 34.12995], [131.88869, 34.12955], [131.89049, 34.13437], [131.89108, 34.13339], [131.89539, 34.13321], [131.89776, 34.13209], [131.89979, 34.12904], [131.90158, 34.13217], [131.90076, 34.13265], [131.89845, 34.132], [131.89713, 34.1336], [131.89795, 34.13488], [131.90283, 34.13649], [131.90785, 34.13458], [131.90645, 34.13581], [131.9077, 34.13592], [131.90827, 34.13816], [131.90599, 34.13765], [131.90442, 34.1383], [131.90377, 34.13997], [131.90434, 34.14205], [131.90635, 34.14036], [131.90845, 34.14078], [131.90961, 34.13972], [131.91246, 34.13957], [131.91488, 34.13741], [131.91761, 34.1374], [131.91726, 34.13655], [131.91818, 34.13685], [131.91822, 34.13573], [131.92315, 34.13369], [131.91887, 34.13523], [131.91793, 34.1345], [131.91726, 34.13573], [131.91376, 34.13663], [131.91343, 34.1355], [131.91186, 34.13708], [131.91145, 34.13328], [131.91244, 34.13287], [131.9114, 34.13223], [131.91129, 34.13027], [131.91189, 34.12792], [131.91409, 34.12802], [131.91697, 34.12475], [131.91468, 34.12706], [131.91257, 34.12736], [131.91156, 34.12665], [131.91049, 34.12741], [131.91114, 34.12853], [131.91025, 34.12975], [131.90957, 34.12955], [131.90997, 34.1312], [131.90925, 34.13248], [131.90613, 34.13223], [131.90415, 34.1332], [131.90312, 34.12998], [131.90403, 34.12795], [131.90346, 34.12653], [131.90454, 34.12556], [131.90315, 34.12409], [131.90459, 34.12235], [131.90402, 34.12197], [131.90438, 34.12056], [131.9031, 34.11996], [131.90359, 34.11852], [131.90229, 34.11841], [131.90333, 34.11874], [131.90255, 34.12032], [131.90347, 34.12062], [131.90357, 34.12165], [131.90228, 34.12153], [131.90237, 34.12293], [131.90074, 34.12364], [131.9017, 34.12549], [131.89916, 34.12735], [131.89784, 34.12948], [131.8957, 34.12964], [131.89644, 34.13067], [131.89542, 34.13144], [131.89227, 34.13165], [131.89061, 34.13019], [131.89085, 34.12929], [131.88781, 34.12753], [131.88938, 34.12632], [131.88599, 34.12595], [131.88723, 34.12682], [131.88582, 34.12857], [131.88553, 34.13056], [131.88387, 34.12834], [131.88214, 34.12891], [131.88064, 34.13058], [131.87866, 34.13071], [131.88081, 34.13177], [131.88356, 34.13671], [131.88288, 34.1393], [131.88176, 34.13892], [131.87952, 34.14048], [131.88188, 34.13983]]]}, "properties": {"name": "菅野湖"}}, {"type": "Feature", "geometry": {"type": "Polygon", "coordinates": [[[131.82124, 34.17728], [131.82191, 34.18003], [131.82465, 34.17951], [131.8235, 34.17897], [131.82366, 34.17665], [131.82514, 34.17634], [131.82391, 34.17539], [131.8268, 34.1695], [131.8256, 34.16896], [131.82576, 34.16711], [131.82242, 34.16301], [131.82082, 34.15827], [131.82146, 34.15778], [131.8207, 34.15766], [131.82062, 34.15503], [131.82444, 34.15086], [131.82391, 34.14758], [131.82626, 34.1453], [131.82759, 34.14504], [131.82877, 34.14586], [131.82783, 34.144], [131.82323, 34.14713], [131.82223, 34.14856], [131.82298, 34.14872], [131.82361, 34.15054], [131.81948, 34.15431], [131.81946, 34.15811], [131.82108, 34.16289], [131.82451, 34.16735], [131.82369, 34.17173], [131.82124, 34.17728]]]}, "properties": {"name": "向道湖"}}, {"type": "Feature", "geometry": {"type": "Polygon", "coordinates": [[[131.77363, 34.18276], [131.77318, 34.18462], [131.77548, 34.18481], [131.77287, 34.18861], [131.7732, 34.19086], [131.77339, 34.18879], [131.77575, 34.18581], [131.77652, 34.18579], [131.77629, 34.18444], [131.77453, 34.18375], [131.77373, 34.18133], [131.77424, 34.18075], [131.77334, 34.17953], [131.76963, 34.17947], [131.77014, 34.17879], [131.76915, 34.17762], [131.77009, 34.17718], [131.77035, 34.17589], [131.76972, 34.17453], [131.77292, 34.17511], [131.7727, 34.17313], [131.77518, 34.17173], [131.78019, 34.17635], [131.7772, 34.17148], [131.77438, 34.1704], [131.77152, 34.17202], [131.77098, 34.17358], [131.76825, 34.17282], [131.76682, 34.17403], [131.76705, 34.17554], [131.76837, 34.17641], [131.76675, 34.17773], [131.768, 34.17885], [131.76711, 34.18008], [131.76827, 34.17956], [131.76995, 34.18145], [131.77245, 34.18033], [131.77299, 34.18111], [131.77247, 34.18176], [131.77363, 34.18276]]]}, "properties": {"name": "高瀬湖"}}, {"type": "Feature", "geometry": {"type": "Polygon", "coordinates": [[[132.05536, 34.05547], [132.05349, 34.05456], [132.05478, 34.05395], [132.05469, 34.05318], [132.05385, 34.05336], [132.05388, 34.05041], [132.05252, 34.05074], [132.05238, 34.04975], [132.05053, 34.04847], [132.04863, 34.04425], [132.04865, 34.04365], [132.05127, 34.04345], [132.05087, 34.04096], [132.0504, 34.0432], [132.04833, 34.043], [132.04683, 34.04136], [132.04775, 34.0398], [132.04616, 34.04147], [132.04679, 34.04472], [132.04823, 34.04648], [132.04807, 34.04897], [132.05078, 34.05159], [132.05008, 34.05205], [132.05002, 34.05439], [132.05242, 34.05665], [132.05177, 34.05661], [132.05199, 34.0572], [132.05359, 34.0574], [132.05469, 34.05877], [132.05537, 34.05687], [132.05488, 34.05636], [132.0559, 34.0557], [132.05536, 34.05547]]]}, "properties": {"name": "中山湖"}}, {"type": "Feature", "geometry": {"type": "Polygon", "coordinates": [[[131.67533, 34.29561], [131.6807, 34.29756], [131.68374, 34.29747], [131.68644, 34.29879], [131.68649, 34.30134], [131.68635, 34.29851], [131.67748, 34.29483], [131.67464, 34.29474], [131.66392, 34.28704], [131.6642, 34.28558], [131.6632, 34.28592], [131.66144, 34.28342], [131.66168, 34.28041], [131.65957, 34.2776], [131.65592, 34.27677], [131.65472, 34.27729], [131.65742, 34.2807], [131.65786, 34.28261], [131.65514, 34.28361], [131.65177, 34.28365], [131.65381, 34.28412], [131.65367, 34.28508], [131.65822, 34.28425], [131.66175, 34.28896], [131.66785, 34.29175], [131.67072, 34.29394], [131.67533, 34.29561]]]}, "properties": {"name": "大原湖"}}, {"type": "Feature", "geometry": {"type": "Polygon", "coordinates": [[[134.35252, 33.80922], [134.35851, 33.80986], [134.36048, 33.812], [134.35957, 33.81394], [134.36121, 33.81519], [134.35926, 33.81661], [134.36079, 33.82033], [134.35996, 33.81701], [134.36214, 33.81587], [134.36182, 33.8143], [134.3609, 33.81388], [134.36173, 33.81187], [134.3605, 33.80951], [134.35902, 33.80838], [134.3429, 33.80521], [134.34306, 33.80424], [134.34735, 33.80146], [134.34659, 33.80089], [134.34797, 33.79934], [134.34776, 33.79792], [134.3462, 33.79794], [134.34305, 33.79456], [134.3369, 33.79413], [134.33307, 33.79553], [134.33073, 33.79432], [134.33202, 33.79582], [134.33089, 33.79855], [134.33103, 33.8025], [134.32969, 33.80338], [134.32888, 33.80285], [134.33005, 33.80104], [134.32797, 33.79945], [134.32506, 33.79971], [134.32191, 33.80233], [134.31798, 33.80111], [134.3149, 33.79779], [134.31393, 33.79604], [134.31404, 33.7939], [134.3126, 33.79295], [134.31053, 33.7936], [134.30676, 33.79783], [134.3038, 33.79649], [134.30119, 33.79672], [134.30163, 33.79804], [134.30314, 33.79732], [134.30723, 33.79861], [134.30985, 33.79529], [134.31223, 33.79374], [134.31306, 33.79422], [134.3139, 33.79834], [134.31706, 33.80209], [134.32214, 33.8037], [134.32586, 33.80132], [134.32757, 33.80113], [134.32795, 33.80183], [134.32793, 33.80321], [134.32705, 33.80377], [134.32452, 33.80316], [134.32216, 33.80502], [134.32081, 33.81079], [134.31729, 33.81223], [134.31144, 33.81183], [134.30723, 33.81288], [134.30398, 33.81256], [134.30436, 33.81318], [134.30705, 33.81359], [134.31112, 33.81252], [134.31711, 33.81292], [134.32101, 33.81154], [134.32203, 33.81075], [134.32224, 33.80728], [134.32351, 33.80482], [134.32422, 33.80431], [134.3289, 33.80481], [134.33183, 33.804], [134.33308, 33.80264], [134.33346, 33.79819], [134.33449, 33.79649], [134.33623, 33.796], [134.34032, 33.79586], [134.34212, 33.79653], [134.34525, 33.80048], [134.34128, 33.80369], [134.34123, 33.80633], [134.34392, 33.80718], [134.34419, 33.80825], [134.34517, 33.80724], [134.34899, 33.80842], [134.34955, 33.80975], [134.35078, 33.80882], [134.35252, 33.80922]]]}, "properties": {"name": "長安口貯水池"}}, {"type": "Feature", "geometry": {"type": "Polygon", "coordinates": [[[133.9254, 34.26989], [133.9256, 34.27225], [133.9246, 34.27207], [133.92525, 34.27255], [133.9245, 34.2728], [133.92597, 34.27299], [133.92651, 34.27411], [133.92658, 34.27471], [133.92504, 34.27462], [133.92654, 34.27595], [133.92611, 34.27963], [133.92537, 34.28046], [133.92437, 34.28002], [133.92448, 34.28086], [133.92327, 34.28062], [133.92379, 34.28143], [133.92328, 34.28184], [133.92174, 34.28231], [133.91993, 34.28175], [133.91915, 34.28319], [133.92141, 34.28376], [133.92126, 34.28576], [133.9222, 34.28594], [133.92288, 34.28476], [133.92392, 34.28521], [133.92416, 34.28429], [133.92495, 34.2843], [133.9248, 34.28282], [133.92638, 34.28216], [133.92678, 34.28456], [133.92564, 34.28612], [133.92813, 34.28557], [133.92756, 34.28479], [133.92821, 34.28324], [133.93125, 34.28352], [133.93114, 34.28464], [133.9326, 34.28469], [133.93262, 34.28544], [133.9336, 34.28502], [133.93203, 34.28344], [133.93351, 34.28181], [133.93002, 34.28234], [133.92827, 34.28148], [133.92795, 34.28025], [133.92817, 34.2768], [133.92986, 34.27732], [133.93239, 34.27588], [133.93387, 34.27685], [133.93269, 34.27529], [133.93304, 34.27144], [133.93195, 34.27513], [133.92936, 34.27589], [133.92943, 34.27475], [133.92855, 34.27553], [133.92701, 34.26946], [133.92854, 34.26886], [133.92842, 34.26764], [133.92914, 34.26711], [133.92818, 34.266], [133.92472, 34.26692], [133.92685, 34.26442], [133.925, 34.26164], [133.92579, 34.26143], [133.92811, 34.26327], [133.92556, 34.26104], [133.92586, 34.2603], [133.92885, 34.26116], [133.92623, 34.25993], [133.92774, 34.25909], [133.92623, 34.25929], [133.92547, 34.25849], [133.92755, 34.25866], [133.92793, 34.25689], [133.92637, 34.25783], [133.92425, 34.25733], [133.92372, 34.25661], [133.92468, 34.25593], [133.92316, 34.25641], [133.92171, 34.25274], [133.92003, 34.25259], [133.91833, 34.25121], [133.91851, 34.25195], [133.91667, 34.25232], [133.91824, 34.25206], [133.92134, 34.25338], [133.91927, 34.25558], [133.92142, 34.25379], [133.92253, 34.25516], [133.92225, 34.25802], [133.92381, 34.25873], [133.9217, 34.26025], [133.92415, 34.25926], [133.92351, 34.26049], [133.92396, 34.26233], [133.92331, 34.26219], [133.92293, 34.26312], [133.9234, 34.26351], [133.9238, 34.26267], [133.92521, 34.26484], [133.92175, 34.26478], [133.92441, 34.26561], [133.92364, 34.26702], [133.92574, 34.26778], [133.9254, 34.26989]]]}, "properties": {"name": "府中湖"}}, {"type": "Feature", "geometry": {"type": "Polygon", "coordinates": [[[133.97675, 34.19594], [133.97869, 34.1929], [133.98017, 34.19316], [133.98009, 34.19251], [133.97864, 34.19246], [133.97817, 34.19043], [133.97991, 34.19056], [133.9794, 34.18985], [133.98118, 34.18917], [133.98089, 34.18729], [133.97754, 34.18512], [133.97857, 34.18532], [133.97941, 34.18329], [133.98025, 34.18331], [133.97935, 34.18313], [133.97844, 34.18497], [133.97631, 34.18453], [133.98051, 34.18826], [133.97705, 34.18929], [133.97698, 34.1935], [133.97456, 34.19265], [133.9731, 34.19363], [133.9725, 34.19155], [133.96985, 34.19118], [133.96856, 34.18916], [133.96633, 34.1878], [133.96843, 34.18937], [133.97008, 34.19226], [133.97097, 34.19158], [133.97254, 34.19222], [133.97133, 34.19442], [133.97246, 34.19573], [133.97445, 34.1947], [133.97675, 34.19594]]]}, "properties": {"name": "長柄湖"}}, {"type": "Feature", "geometry": {"type": "Polygon", "coordinates": [[[133.86852, 34.15528], [133.86676, 34.15786], [133.86587, 34.15737], [133.8663, 34.16237], [133.86502, 34.16171], [133.86478, 34.16007], [133.86437, 34.16213], [133.86319, 34.16166], [133.86314, 34.16083], [133.86205, 34.1612], [133.86347, 34.16246], [133.86289, 34.16314], [133.86537, 34.1633], [133.86513, 34.16417], [133.86616, 34.16558], [133.86812, 34.16649], [133.8702, 34.16665], [133.87675, 34.16426], [133.87906, 34.1624], [133.87895, 34.16142], [133.88118, 34.16033], [133.88216, 34.15823], [133.8837, 34.15842], [133.88364, 34.15698], [133.88468, 34.15782], [133.88781, 34.15674], [133.88925, 34.15698], [133.88695, 34.15627], [133.88513, 34.15706], [133.88479, 34.15454], [133.8857, 34.15192], [133.88382, 34.15275], [133.88292, 34.15574], [133.88051, 34.1548], [133.8797, 34.1525], [133.88003, 34.15525], [133.87949, 34.15561], [133.88044, 34.15563], [133.88094, 34.15709], [133.87966, 34.15669], [133.87936, 34.1573], [133.8785, 34.15621], [133.87905, 34.15761], [133.87846, 34.15822], [133.87767, 34.15782], [133.87838, 34.15894], [133.87657, 34.15893], [133.87597, 34.1575], [133.87607, 34.15871], [133.87532, 34.15748], [133.87477, 34.15777], [133.87529, 34.15866], [133.87399, 34.1588], [133.87325, 34.15698], [133.87439, 34.15658], [133.87385, 34.15604], [133.87572, 34.15296], [133.87265, 34.15622], [133.87245, 34.15258], [133.87145, 34.15554], [133.87301, 34.1596], [133.87235, 34.1599], [133.87187, 34.15907], [133.87056, 34.16052], [133.87034, 34.15944], [133.87118, 34.15862], [133.87065, 34.15874], [133.8708, 34.15795], [133.86975, 34.15881], [133.8703, 34.15721], [133.86965, 34.15705], [133.87061, 34.15648], [133.86999, 34.156], [133.87149, 34.15226], [133.8684, 34.15731], [133.86904, 34.16119], [133.86765, 34.16164], [133.86675, 34.15918], [133.86852, 34.15528]]]}, "properties": {"name": "満濃池"}}, {"type": "Feature", "geometry": {"type": "Polygon", "coordinates": [[[132.81292, 33.75941], [132.81059, 33.7601], [132.8106, 33.76082], [132.81294, 33.7606], [132.81292, 33.75941]]]}, "properties": {"name": "えばら湖"}}, {"type": "Feature", "geometry": {"type": "Polygon", "coordinates": [[[132.84221, 33.89285], [132.84279, 33.89388], [132.84226, 33.89249], [132.83992, 33.89151], [132.84087, 33.89002], [132.84039, 33.88938], [132.83893, 33.89], [132.83678, 33.88961], [132.84049, 33.88678], [132.84015, 33.8854], [132.84084, 33.88484], [132.83992, 33.88501], [132.83835, 33.88341], [132.8394, 33.88138], [132.84187, 33.88133], [132.83893, 33.8786], [132.83717, 33.88023], [132.83838, 33.88037], [132.83698, 33.8817], [132.83713, 33.88256], [132.83438, 33.88233], [132.83673, 33.88415], [132.83629, 33.88566], [132.83774, 33.88506], [132.8384, 33.88643], [132.83666, 33.88686], [132.83506, 33.89247], [132.83616, 33.89036], [132.8396, 33.89026], [132.83963, 33.89195], [132.84221, 33.89285]]]}, "properties": {"name": "白鷺湖"}}, {"type": "Feature", "geometry": {"type": "Polygon", "coordinates": [[[132.91689, 33.99283], [132.91228, 33.99321], [132.91954, 33.99368], [132.92081, 33.9929], [132.92169, 33.99489], [132.92126, 33.99274], [132.92179, 33.99209], [132.9243, 33.99254], [132.92338, 33.99423], [132.9249, 33.99262], [132.92721, 33.99334], [132.92885, 33.99277], [132.92879, 33.99341], [132.9302, 33.9928], [132.93169, 33.99356], [132.93352, 33.99234], [132.93297, 33.99188], [132.93382, 33.99084], [132.93258, 33.99102], [132.93254, 33.98966], [132.93177, 33.99047], [132.93034, 33.98967], [132.92975, 33.99022], [132.92774, 33.98833], [132.92789, 33.99124], [132.92336, 33.99009], [132.91448, 33.99124], [132.91153, 33.98816], [132.91315, 33.99095], [132.91584, 33.9926], [132.9171, 33.99219], [132.91689, 33.99283]]]}, "properties": {"name": "玉川湖"}}, {"type": "Feature", "geometry": {"type": "Polygon", "coordinates": [[[133.15356, 33.8701], [133.15369, 33.87085], [133.15568, 33.87104], [133.15827, 33.87055], [133.1583, 33.86768], [133.15992, 33.86738], [133.1601, 33.86602], [133.15808, 33.86606], [133.15608, 33.86776], [133.1549, 33.86766], [133.15103, 33.86575], [133.15181, 33.86411], [133.15369, 33.86378], [133.15191, 33.86363], [133.14892, 33.86559], [133.14828, 33.86504], [133.14699, 33.86656], [133.14393, 33.86596], [133.14327, 33.86454], [133.14545, 33.86372], [133.14776, 33.86417], [133.14893, 33.86288], [133.14714, 33.86013], [133.14384, 33.85812], [133.14434, 33.85868], [133.14318, 33.85856], [133.14724, 33.86239], [133.1443, 33.86226], [133.13915, 33.86417], [133.13805, 33.86673], [133.13822, 33.86891], [133.13984, 33.86992], [133.14531, 33.86983], [133.1498, 33.86873], [133.15269, 33.86918], [133.15356, 33.8701]]]}, "properties": {"name": "黒瀬湖"}}, {"type": "Feature", "geometry": {"type": "Polygon", "coordinates": [[[132.69146, 33.43987], [132.6917, 33.44169], [132.69008, 33.44259], [132.69011, 33.44392], [132.68921, 33.444], [132.68871, 33.44519], [132.6863, 33.44528], [132.6868, 33.44568], [132.68488, 33.44973], [132.68602, 33.45044], [132.68835, 33.44704], [132.69096, 33.44624], [132.69407, 33.43965], [132.69655, 33.43986], [132.69511, 33.43905], [132.69479, 33.43766], [132.69479, 33.43842], [132.69315, 33.43856], [132.69365, 33.43586], [132.69683, 33.43374], [132.69873, 33.43398], [132.69692, 33.4324], [132.69722, 33.43112], [132.69935, 33.42961], [132.69775, 33.42809], [132.69367, 33.42699], [132.69289, 33.42481], [132.69151, 33.42379], [132.69137, 33.4195], [132.70084, 33.42323], [132.7029, 33.42111], [132.70299, 33.41629], [132.70842, 33.41398], [132.70953, 33.41571], [132.71067, 33.41526], [132.70928, 33.41268], [132.7078, 33.4126], [132.7017, 33.41633], [132.70181, 33.4207], [132.70105, 33.42179], [132.69878, 33.42199], [132.69677, 33.42091], [132.69337, 33.41794], [132.69359, 33.41704], [132.69006, 33.41818], [132.68887, 33.41989], [132.6898, 33.42401], [132.69303, 33.42848], [132.69728, 33.42968], [132.69553, 33.42977], [132.69541, 33.43236], [132.69211, 33.43539], [132.68761, 33.43575], [132.68574, 33.43369], [132.68416, 33.43387], [132.6853, 33.43385], [132.68798, 33.43675], [132.68831, 33.43594], [132.69178, 33.43607], [132.69146, 33.43987]]]}, "properties": {"name": "鹿野川湖"}}, {"type": "Feature", "geometry": {"type": "Polygon", "coordinates": [[[133.5483, 33.9344], [133.55232, 33.93923], [133.55495, 33.9384], [133.55651, 33.93919], [133.55659, 33.9401], [133.55712, 33.93946], [133.55848, 33.94002], [133.56106, 33.93755], [133.56221, 33.93739], [133.56196, 33.93798], [133.56308, 33.93772], [133.56549, 33.93913], [133.56734, 33.93777], [133.57068, 33.93853], [133.5718, 33.93761], [133.56809, 33.93621], [133.56911, 33.9349], [133.56851, 33.93351], [133.5669, 33.93615], [133.56554, 33.93607], [133.56498, 33.93691], [133.56123, 33.93544], [133.56143, 33.93409], [133.56007, 33.93519], [133.56045, 33.93624], [133.55914, 33.93641], [133.55846, 33.93786], [133.55582, 33.93682], [133.55396, 33.93722], [133.5511, 33.93473], [133.55244, 33.93375], [133.55056, 33.93419], [133.54942, 33.93281], [133.54462, 33.93095], [133.5457, 33.92956], [133.54485, 33.92757], [133.546, 33.92538], [133.54377, 33.92522], [133.54478, 33.92584], [133.54343, 33.92806], [133.54445, 33.92905], [133.54166, 33.93153], [133.54106, 33.9304], [133.54253, 33.92832], [133.5408, 33.92624], [133.53689, 33.92607], [133.53266, 33.92759], [133.52865, 33.9263], [133.52598, 33.9276], [133.52555, 33.92508], [133.5238, 33.92691], [133.52425, 33.92931], [133.52641, 33.93037], [133.52864, 33.92922], [133.52923, 33.92785], [133.5311, 33.92865], [133.53038, 33.93035], [133.53163, 33.92953], [133.53185, 33.92823], [133.53297, 33.92863], [133.53776, 33.92761], [133.53907, 33.92862], [133.53915, 33.93073], [133.54055, 33.93272], [133.54536, 33.93292], [133.5483, 33.9344]]]}, "properties": {"name": "金砂湖"}}, {"type": "Feature", "geometry": {"type": "Polygon", "coordinates": [[[132.6094, 33.37313], [132.60994, 33.36919], [132.61379, 33.36711], [132.61642, 33.36445], [132.61666, 33.36261], [132.6179, 33.36192], [132.6192, 33.35955], [132.62087, 33.35914], [132.62132, 33.36], [132.62351, 33.3602], [132.62431, 33.361], [132.62718, 33.36126], [132.62946, 33.35782], [132.62809, 33.35757], [132.62708, 33.35894], [132.62663, 33.35843], [132.62565, 33.35919], [132.62363, 33.35812], [132.61917, 33.35749], [132.61779, 33.35378], [132.61707, 33.35752], [132.6183, 33.3584], [132.61657, 33.36096], [132.61132, 33.35429], [132.60941, 33.35292], [132.60786, 33.3538], [132.60653, 33.35305], [132.60616, 33.35032], [132.60216, 33.35144], [132.5993, 33.35034], [132.59922, 33.34964], [132.59376, 33.34937], [132.58989, 33.34729], [132.59234, 33.34931], [132.59538, 33.35045], [132.59513, 33.35207], [132.59629, 33.35072], [132.6021, 33.35238], [132.60464, 33.35216], [132.60693, 33.35475], [132.60981, 33.35477], [132.61205, 33.35665], [132.61225, 33.35811], [132.61125, 33.35843], [132.61263, 33.35876], [132.61549, 33.36194], [132.61295, 33.36646], [132.60889, 33.36858], [132.60804, 33.36828], [132.60867, 33.36915], [132.60886, 33.37412], [132.6094, 33.37313]]]}, "properties": {"name": "朝霧湖"}}, {"type": "Feature", "geometry": {"type": "Polygon", "coordinates": [[[133.02128, 33.72199], [133.01809, 33.72126], [133.01884, 33.72253], [133.02061, 33.72293], [133.02062, 33.72378], [133.02186, 33.7234], [133.02151, 33.72406], [133.02254, 33.72348], [133.0225, 33.7243], [133.02327, 33.72361], [133.02385, 33.72448], [133.02436, 33.72356], [133.0262, 33.72356], [133.0255, 33.72571], [133.02154, 33.72634], [133.02517, 33.72678], [133.02422, 33.72802], [133.02488, 33.72836], [133.02449, 33.72917], [133.02328, 33.73006], [133.0231, 33.73268], [133.02141, 33.73422], [133.02052, 33.73689], [133.02487, 33.73426], [133.02502, 33.73293], [133.02583, 33.73361], [133.02581, 33.7328], [133.02677, 33.73294], [133.02462, 33.73166], [133.02634, 33.73046], [133.02705, 33.73073], [133.02683, 33.72951], [133.02823, 33.72963], [133.02775, 33.7285], [133.02902, 33.72904], [133.02803, 33.72718], [133.03027, 33.72881], [133.03038, 33.7278], [133.0287, 33.72637], [133.03155, 33.72673], [133.02924, 33.72517], [133.02954, 33.7245], [133.03281, 33.72649], [133.03258, 33.72547], [133.0333, 33.72517], [133.03061, 33.724], [133.03063, 33.72277], [133.0331, 33.72361], [133.03205, 33.7217], [133.03288, 33.72115], [133.03188, 33.71892], [133.03257, 33.71834], [133.03232, 33.71723], [133.03152, 33.71708], [133.03166, 33.7158], [133.03031, 33.71365], [133.02955, 33.71361], [133.02988, 33.71561], [133.02862, 33.71508], [133.02811, 33.71355], [133.028, 33.71438], [133.02701, 33.71381], [133.02694, 33.71454], [133.02543, 33.71372], [133.02608, 33.71467], [133.02488, 33.71445], [133.0237, 33.7153], [133.02468, 33.71545], [133.02437, 33.71598], [133.02638, 33.71552], [133.02806, 33.71673], [133.02341, 33.71759], [133.02835, 33.71829], [133.0269, 33.71893], [133.02732, 33.7196], [133.02523, 33.71941], [133.02584, 33.72045], [133.02725, 33.72068], [133.02705, 33.7213], [133.02521, 33.72147], [133.02556, 33.72085], [133.02375, 33.71891], [133.02411, 33.72092], [133.02248, 33.71957], [133.02205, 33.72016], [133.02414, 33.72213], [133.02271, 33.7223], [133.02149, 33.72105], [133.02209, 33.72214], [133.02128, 33.72199]]]}, "properties": {"name": "面河ダム貯水池"}}, {"type": "Feature", "geometry": {"type": "Polygon", "coordinates": [[[133.64108, 33.68783], [133.63947, 33.68821], [133.6436, 33.68809], [133.64484, 33.68725], [133.64757, 33.68796], [133.64773, 33.68878], [133.64916, 33.68818], [133.65187, 33.68879], [133.652, 33.69296], [133.65289, 33.69312], [133.65249, 33.69056], [133.65413, 33.68957], [133.65231, 33.68717], [133.65308, 33.68416], [133.65181, 33.68214], [133.65261, 33.68142], [133.65462, 33.68174], [133.65564, 33.67905], [133.654, 33.67771], [133.65376, 33.67988], [133.65198, 33.67965], [133.64888, 33.68074], [133.65033, 33.68189], [133.64997, 33.68391], [133.65093, 33.6846], [133.65096, 33.68597], [133.64739, 33.68647], [133.64654, 33.68615], [133.64601, 33.68388], [133.64244, 33.68385], [133.64156, 33.68272], [133.64139, 33.68379], [133.64003, 33.68374], [133.63711, 33.68077], [133.63326, 33.68105], [133.6336, 33.67828], [133.63463, 33.67813], [133.6338, 33.6774], [133.63678, 33.67559], [133.6351, 33.67554], [133.63192, 33.67762], [133.62991, 33.67665], [133.6297, 33.67554], [133.63073, 33.67403], [133.63213, 33.67364], [133.63221, 33.67257], [133.63344, 33.67232], [133.63339, 33.67128], [133.63067, 33.67296], [133.62947, 33.67053], [133.6269, 33.66801], [133.62511, 33.66817], [133.62556, 33.66915], [133.62499, 33.66973], [133.62224, 33.67044], [133.62129, 33.66805], [133.61785, 33.66562], [133.617, 33.66795], [133.61256, 33.66746], [133.61556, 33.66905], [133.61732, 33.66846], [133.61862, 33.66678], [133.62059, 33.66863], [133.62056, 33.6703], [133.62176, 33.6712], [133.6252, 33.67085], [133.62678, 33.66881], [133.6284, 33.67201], [133.62728, 33.6726], [133.62851, 33.67277], [133.62906, 33.67407], [133.62784, 33.67647], [133.63198, 33.67951], [133.62597, 33.67987], [133.62551, 33.68075], [133.62656, 33.68232], [133.62413, 33.68376], [133.62684, 33.68273], [133.62684, 33.68088], [133.63084, 33.68122], [133.63313, 33.68277], [133.63494, 33.68247], [133.64219, 33.68539], [133.64355, 33.68723], [133.64108, 33.68783]]]}, "properties": {"name": "穴内川ダム貯水池"}}, {"type": "Feature", "geometry": {"type": "Polygon", "coordinates": [[[134.09428, 33.62494], [134.09646, 33.62667], [134.09573, 33.62743], [134.098, 33.62906], [134.0997, 33.632], [134.09698, 33.63452], [134.09694, 33.6361], [134.09719, 33.63479], [134.09873, 33.63401], [134.09886, 33.63267], [134.10068, 33.63278], [134.10088, 33.6311], [134.09579, 33.62503], [134.09693, 33.62494], [134.10011, 33.62722], [134.10181, 33.62748], [134.1035, 33.62664], [134.10391, 33.62516], [134.10548, 33.6251], [134.10615, 33.62377], [134.10459, 33.62285], [134.10495, 33.62243], [134.10654, 33.62175], [134.10946, 33.62275], [134.10557, 33.61875], [134.10684, 33.61768], [134.10637, 33.61647], [134.10841, 33.61638], [134.10748, 33.61429], [134.10973, 33.61261], [134.11098, 33.61312], [134.11032, 33.61187], [134.10856, 33.61234], [134.10773, 33.61023], [134.1104, 33.6099], [134.11094, 33.61093], [134.11263, 33.61108], [134.11173, 33.61265], [134.1139, 33.61414], [134.11402, 33.61588], [134.11566, 33.61757], [134.11745, 33.61879], [134.11996, 33.61908], [134.12006, 33.6203], [134.12075, 33.61964], [134.12297, 33.6221], [134.12264, 33.62346], [134.12407, 33.62515], [134.12546, 33.62581], [134.12624, 33.62538], [134.12631, 33.62452], [134.12415, 33.62316], [134.12355, 33.62003], [134.1207, 33.61799], [134.11799, 33.61767], [134.11543, 33.61498], [134.11615, 33.61481], [134.11553, 33.61341], [134.1192, 33.60949], [134.11953, 33.60732], [134.12192, 33.60762], [134.12337, 33.60733], [134.12326, 33.60668], [134.12054, 33.60699], [134.11979, 33.60598], [134.11837, 33.60792], [134.11829, 33.60946], [134.11503, 33.61231], [134.11357, 33.61224], [134.11551, 33.61053], [134.11486, 33.60937], [134.11213, 33.60926], [134.11415, 33.60736], [134.11354, 33.60633], [134.11158, 33.60572], [134.11249, 33.60477], [134.11118, 33.60446], [134.11244, 33.60268], [134.11143, 33.60231], [134.11196, 33.60152], [134.10874, 33.59908], [134.11091, 33.59874], [134.11054, 33.59815], [134.11346, 33.59632], [134.11335, 33.5934], [134.11091, 33.59291], [134.11054, 33.5951], [134.10948, 33.59595], [134.10766, 33.59554], [134.10614, 33.59821], [134.10078, 33.59937], [134.10408, 33.60011], [134.10417, 33.60303], [134.10606, 33.60211], [134.10592, 33.60072], [134.10661, 33.60041], [134.10736, 33.60328], [134.10491, 33.60468], [134.10472, 33.60558], [134.10588, 33.60683], [134.10726, 33.60702], [134.10629, 33.6079], [134.10734, 33.60836], [134.1057, 33.60989], [134.10666, 33.61166], [134.10534, 33.61318], [134.10179, 33.61275], [134.10117, 33.61365], [134.10177, 33.61447], [134.09905, 33.61632], [134.09669, 33.61396], [134.09672, 33.61185], [134.09487, 33.61516], [134.09179, 33.61592], [134.09055, 33.61521], [134.08967, 33.61583], [134.09368, 33.61617], [134.09622, 33.61466], [134.09681, 33.61575], [134.09637, 33.61659], [134.09753, 33.61636], [134.09831, 33.61779], [134.10177, 33.61656], [134.10449, 33.6175], [134.10276, 33.61861], [134.10345, 33.61968], [134.10563, 33.62045], [134.1036, 33.62232], [134.10235, 33.62238], [134.10238, 33.62603], [134.09997, 33.62604], [134.09532, 33.62278], [134.09428, 33.62494]], [[134.10941, 33.60663], [134.11161, 33.60765], [134.11056, 33.6083], [134.10941, 33.60663]]]}, "properties": {"name": "魚梁瀬貯水池"}}, {"type": "Feature", "geometry": {"type": "Polygon", "coordinates": [[[133.86351, 33.70332], [133.86435, 33.70518], [133.86598, 33.70584], [133.86701, 33.70417], [133.86629, 33.70216], [133.86957, 33.70091], [133.87104, 33.70145], [133.87311, 33.7008], [133.87363, 33.70208], [133.87578, 33.70185], [133.87573, 33.70628], [133.87411, 33.70732], [133.87383, 33.70858], [133.87178, 33.70951], [133.87146, 33.71088], [133.87246, 33.71277], [133.87106, 33.71402], [133.87266, 33.71243], [133.87166, 33.71003], [133.87489, 33.70877], [133.87494, 33.70779], [133.87563, 33.70769], [133.88064, 33.71005], [133.88254, 33.71349], [133.8849, 33.71406], [133.88509, 33.71302], [133.88329, 33.71168], [133.88296, 33.70984], [133.8777, 33.7039], [133.8776, 33.70114], [133.87389, 33.69927], [133.87364, 33.6962], [133.8743, 33.6954], [133.87593, 33.69529], [133.8759, 33.69438], [133.87783, 33.69339], [133.88259, 33.69254], [133.88747, 33.69604], [133.88442, 33.69576], [133.88479, 33.6966], [133.88733, 33.69697], [133.88859, 33.69571], [133.88473, 33.69182], [133.88219, 33.69139], [133.87559, 33.69335], [133.87255, 33.69248], [133.87244, 33.68975], [133.8695, 33.6901], [133.86938, 33.69143], [133.87119, 33.69075], [133.87116, 33.69301], [133.87352, 33.69423], [133.87218, 33.69545], [133.87158, 33.69878], [133.86379, 33.70112], [133.86351, 33.70332]]]}, "properties": {"name": "奥物部湖"}}, {"type": "Feature", "geometry": {"type": "Polygon", "coordinates": [[[133.50738, 33.7735], [133.50692, 33.77379], [133.50877, 33.7742], [133.5087, 33.77497], [133.5065, 33.77785], [133.50616, 33.78165], [133.50453, 33.78171], [133.50546, 33.78248], [133.49791, 33.78507], [133.49783, 33.78732], [133.49352, 33.78921], [133.49223, 33.79138], [133.48731, 33.79351], [133.48831, 33.79482], [133.4859, 33.79548], [133.48868, 33.79532], [133.48852, 33.79424], [133.49332, 33.79244], [133.4967, 33.79363], [133.49575, 33.79773], [133.49708, 33.79636], [133.49775, 33.79347], [133.49428, 33.79139], [133.49986, 33.78793], [133.49992, 33.78661], [133.50402, 33.78504], [133.50701, 33.78825], [133.51284, 33.78983], [133.51186, 33.78861], [133.50882, 33.78807], [133.5063, 33.78515], [133.50992, 33.78157], [133.50947, 33.78056], [133.51057, 33.77917], [133.50926, 33.77851], [133.51091, 33.77543], [133.51226, 33.77453], [133.51197, 33.77124], [133.5167, 33.76809], [133.51691, 33.76875], [133.5179, 33.76804], [133.51943, 33.7688], [133.52098, 33.76807], [133.52118, 33.76928], [133.52199, 33.76863], [133.52379, 33.76962], [133.52253, 33.76735], [133.52304, 33.76587], [133.52711, 33.76534], [133.52672, 33.76445], [133.52872, 33.76328], [133.53022, 33.76373], [133.52936, 33.76212], [133.53032, 33.75962], [133.53147, 33.75932], [133.53098, 33.75863], [133.53242, 33.75838], [133.53243, 33.75719], [133.53456, 33.75619], [133.53648, 33.75245], [133.53744, 33.75252], [133.53767, 33.75365], [133.53902, 33.7532], [133.53942, 33.75421], [133.54051, 33.75369], [133.54199, 33.7544], [133.5431, 33.75573], [133.54038, 33.75658], [133.53986, 33.75803], [133.54046, 33.76123], [133.53891, 33.76294], [133.54168, 33.76305], [133.54066, 33.76376], [133.54148, 33.76541], [133.53996, 33.76734], [133.54196, 33.76672], [133.54291, 33.76428], [133.54643, 33.76406], [133.54677, 33.76201], [133.5485, 33.75992], [133.55049, 33.75919], [133.55016, 33.75853], [133.55138, 33.75718], [133.55016, 33.75577], [133.54753, 33.7563], [133.54774, 33.7529], [133.54611, 33.75394], [133.54586, 33.75183], [133.54495, 33.75205], [133.54434, 33.75087], [133.54253, 33.75073], [133.54128, 33.74938], [133.53742, 33.74807], [133.53498, 33.74831], [133.53217, 33.75258], [133.53047, 33.75047], [133.53052, 33.74939], [133.52888, 33.74904], [133.52782, 33.74969], [133.52921, 33.75072], [133.52919, 33.7523], [133.53092, 33.75401], [133.52891, 33.7546], [133.52981, 33.75509], [133.52978, 33.75608], [133.5282, 33.75693], [133.52794, 33.75834], [133.52672, 33.75872], [133.52711, 33.75925], [133.52622, 33.75977], [133.52671, 33.7601], [133.52582, 33.76149], [133.52236, 33.75825], [133.52263, 33.75737], [133.52, 33.75596], [133.52012, 33.75482], [133.51939, 33.75547], [133.51898, 33.75412], [133.51647, 33.75303], [133.5184, 33.7544], [133.5186, 33.75709], [133.51975, 33.75683], [133.51981, 33.75781], [133.52088, 33.75836], [133.52049, 33.75988], [133.52274, 33.76073], [133.52338, 33.76212], [133.52025, 33.76304], [133.51915, 33.76431], [133.51956, 33.76506], [133.51707, 33.76498], [133.51572, 33.76404], [133.5137, 33.767], [133.51257, 33.76663], [133.51262, 33.76757], [133.51156, 33.76835], [133.50842, 33.7664], [133.50986, 33.76805], [133.50968, 33.77049], [133.50935, 33.7712], [133.50836, 33.77096], [133.50901, 33.77332], [133.50738, 33.7735]], [[133.54417, 33.75979], [133.54402, 33.75907], [133.54494, 33.75865], [133.54417, 33.75979]]]}, "properties": {"name": "早明浦湖"}}, {"type": "Feature", "geometry": {"type": "Polygon", "coordinates": [[[133.24369, 33.69747], [133.24477, 33.69711], [133.24526, 33.6984], [133.24627, 33.69772], [133.24656, 33.7006], [133.24756, 33.70208], [133.2454, 33.70552], [133.24747, 33.70369], [133.24978, 33.70413], [133.24826, 33.70118], [133.24786, 33.69812], [133.24906, 33.69695], [133.25204, 33.69939], [133.25007, 33.69717], [133.25039, 33.69517], [133.24815, 33.69457], [133.2469, 33.69626], [133.23865, 33.69527], [133.23779, 33.69397], [133.23597, 33.69357], [133.23609, 33.69109], [133.23516, 33.69406], [133.23375, 33.69365], [133.23169, 33.69103], [133.23191, 33.69327], [133.23006, 33.69336], [133.22881, 33.69248], [133.22934, 33.69336], [133.22783, 33.69611], [133.22386, 33.69522], [133.22179, 33.69571], [133.22113, 33.69483], [133.2212, 33.69568], [133.21881, 33.69515], [133.21626, 33.69659], [133.21433, 33.69633], [133.21281, 33.69831], [133.2112, 33.69748], [133.20972, 33.69803], [133.20408, 33.70231], [133.20987, 33.69816], [133.21294, 33.69856], [133.2139, 33.69726], [133.21643, 33.69742], [133.21933, 33.69548], [133.22226, 33.69656], [133.22596, 33.69621], [133.22532, 33.69702], [133.22571, 33.69944], [133.22582, 33.69709], [133.22698, 33.69718], [133.22754, 33.69809], [133.22757, 33.69699], [133.22896, 33.69672], [133.23054, 33.69418], [133.23302, 33.6942], [133.23417, 33.69502], [133.23655, 33.69439], [133.23771, 33.69627], [133.23947, 33.69629], [133.23792, 33.69963], [133.23921, 33.69789], [133.2429, 33.69813], [133.24369, 33.69747]]]}, "properties": {"name": "大森川貯水池"}}, {"type": "Feature", "geometry": {"type": "Polygon", "coordinates": [[[133.23899, 33.72554], [133.23922, 33.72678], [133.23784, 33.72775], [133.23616, 33.72851], [133.23333, 33.72823], [133.23272, 33.72897], [133.2363, 33.72882], [133.23911, 33.72758], [133.24042, 33.72602], [133.24235, 33.72659], [133.24157, 33.72813], [133.24214, 33.7294], [133.24366, 33.72977], [133.24556, 33.72861], [133.24951, 33.73011], [133.25004, 33.73326], [133.25187, 33.73221], [133.2534, 33.73366], [133.25656, 33.73318], [133.25635, 33.73478], [133.25477, 33.73528], [133.25581, 33.73608], [133.25731, 33.73997], [133.25545, 33.73533], [133.2572, 33.73479], [133.2577, 33.73319], [133.25633, 33.73199], [133.25743, 33.7308], [133.25982, 33.73083], [133.25982, 33.73175], [133.26092, 33.7311], [133.26206, 33.73211], [133.2618, 33.7312], [133.26378, 33.73087], [133.26465, 33.72972], [133.26525, 33.73061], [133.26585, 33.72916], [133.26907, 33.72915], [133.27016, 33.72673], [133.2727, 33.73024], [133.27604, 33.72975], [133.27601, 33.73165], [133.27698, 33.7306], [133.27973, 33.73142], [133.28087, 33.73384], [133.28094, 33.73101], [133.28428, 33.72957], [133.28399, 33.72825], [133.28091, 33.72855], [133.27903, 33.7298], [133.27708, 33.72784], [133.27374, 33.72825], [133.273, 33.72673], [133.27348, 33.72524], [133.27187, 33.72599], [133.27265, 33.72465], [133.27142, 33.72433], [133.27149, 33.7232], [133.27, 33.722], [133.27014, 33.72067], [133.26759, 33.72001], [133.26885, 33.71832], [133.26749, 33.71926], [133.26572, 33.71753], [133.26703, 33.71906], [133.26689, 33.7204], [133.26898, 33.72097], [133.26983, 33.72326], [133.2689, 33.72404], [133.27017, 33.72512], [133.26787, 33.72533], [133.26713, 33.72649], [133.26759, 33.72771], [133.26436, 33.72728], [133.26254, 33.73007], [133.25698, 33.7288], [133.25447, 33.73203], [133.25069, 33.73137], [133.25167, 33.72978], [133.25132, 33.72867], [133.24987, 33.72814], [133.24849, 33.72897], [133.24601, 33.72763], [133.24282, 33.72845], [133.24385, 33.72597], [133.23933, 33.72532], [133.23802, 33.72411], [133.23899, 33.72554]]]}, "properties": {"name": "長沢貯水池"}}, {"type": "Feature", "geometry": {"type": "Polygon", "coordinates": [[[130.72701, 33.90942], [130.72816, 33.91075], [130.72734, 33.91135], [130.7278, 33.9123], [130.72859, 33.91189], [130.72844, 33.91386], [130.72949, 33.91334], [130.72908, 33.916], [130.73114, 33.91537], [130.73019, 33.91655], [130.73185, 33.9156], [130.73085, 33.91677], [130.73132, 33.91748], [130.73062, 33.91754], [130.73158, 33.91746], [130.73244, 33.916], [130.73304, 33.91637], [130.73241, 33.917], [130.73334, 33.91681], [130.73448, 33.91798], [130.73419, 33.91855], [130.7354, 33.91846], [130.73509, 33.9177], [130.73688, 33.91806], [130.73386, 33.91721], [130.73357, 33.91617], [130.73607, 33.91661], [130.7357, 33.91622], [130.73764, 33.91484], [130.73579, 33.91475], [130.73596, 33.9138], [130.7338, 33.91332], [130.73488, 33.91293], [130.73245, 33.91252], [130.73587, 33.91232], [130.73254, 33.91166], [130.73311, 33.91074], [130.73107, 33.91035], [130.73189, 33.90952], [130.73292, 33.90984], [130.73172, 33.90832], [130.73101, 33.9088], [130.73161, 33.90784], [130.73056, 33.90702], [130.72827, 33.90695], [130.72701, 33.90942]]]}, "properties": {"name": "頓田第二貯水池"}}, {"type": "Feature", "geometry": {"type": "Polygon", "coordinates": [[[130.73286, 33.9094], [130.73378, 33.90926], [130.73449, 33.91002], [130.73418, 33.91083], [130.73539, 33.91142], [130.73503, 33.91029], [130.73592, 33.91013], [130.7347, 33.9097], [130.73479, 33.90836], [130.73388, 33.90864], [130.73334, 33.90792], [130.73578, 33.90811], [130.73668, 33.91217], [130.73682, 33.9111], [130.73794, 33.91125], [130.73679, 33.90879], [130.73919, 33.91009], [130.7394, 33.91194], [130.74149, 33.90908], [130.74079, 33.9079], [130.73978, 33.90908], [130.73883, 33.90882], [130.73948, 33.90816], [130.73892, 33.90763], [130.73817, 33.90817], [130.73694, 33.9065], [130.73908, 33.90721], [130.73844, 33.90596], [130.73761, 33.90602], [130.73784, 33.90515], [130.73676, 33.90564], [130.73679, 33.90474], [130.73586, 33.90541], [130.73619, 33.90401], [130.73348, 33.90269], [130.73049, 33.90398], [130.73031, 33.90488], [130.73108, 33.90542], [130.72985, 33.90622], [130.73207, 33.90759], [130.73286, 33.9094]], [[130.73307, 33.90632], [130.73502, 33.90652], [130.73596, 33.90756], [130.73493, 33.90787], [130.73307, 33.90632]], [[130.7332, 33.90566], [130.73358, 33.9051], [130.73441, 33.90573], [130.7332, 33.90566]]]}, "properties": {"name": "頓田第一貯水池"}}, {"type": "Feature", "geometry": {"type": "Polygon", "coordinates": [[[130.46541, 33.66377], [130.46527, 33.66307], [130.46778, 33.66216], [130.46891, 33.66337], [130.46819, 33.66166], [130.46936, 33.6609], [130.47043, 33.66256], [130.47009, 33.66037], [130.47151, 33.65995], [130.4725, 33.65833], [130.47322, 33.65882], [130.47306, 33.65784], [130.47419, 33.65785], [130.47424, 33.65691], [130.47584, 33.65676], [130.4766, 33.65495], [130.47418, 33.65509], [130.4704, 33.65877], [130.4684, 33.65782], [130.46987, 33.65927], [130.46901, 33.66013], [130.46703, 33.65867], [130.46803, 33.6605], [130.46726, 33.66152], [130.46553, 33.66219], [130.46401, 33.66141], [130.46517, 33.66243], [130.46371, 33.66294], [130.46415, 33.66422], [130.465, 33.66381], [130.46578, 33.66455], [130.46541, 33.66377]]]}, "properties": {"name": "三日月湖"}}, {"type": "Feature", "geometry": {"type": "Polygon", "coordinates": [[[130.24605, 33.43768], [130.24722, 33.43725], [130.24849, 33.43866], [130.24897, 33.43831], [130.24837, 33.43753], [130.24998, 33.43737], [130.25045, 33.43842], [130.25074, 33.43709], [130.24875, 33.43677], [130.25017, 33.43613], [130.2483, 33.43555], [130.2479, 33.43306], [130.2505, 33.43406], [130.25214, 33.43355], [130.25358, 33.43521], [130.25211, 33.43592], [130.25444, 33.43799], [130.2546, 33.43949], [130.25895, 33.43971], [130.26113, 33.44227], [130.26207, 33.44208], [130.26, 33.43834], [130.25804, 33.4386], [130.25604, 33.43718], [130.25422, 33.43698], [130.25554, 33.43514], [130.25671, 33.43549], [130.25603, 33.43453], [130.25678, 33.43347], [130.25835, 33.43411], [130.25987, 33.43374], [130.26116, 33.4349], [130.26153, 33.43442], [130.25999, 33.43246], [130.25912, 33.43354], [130.25822, 33.43337], [130.25793, 33.43139], [130.25688, 33.43211], [130.25472, 33.43121], [130.25378, 33.43203], [130.25342, 33.43131], [130.25457, 33.42942], [130.25346, 33.42875], [130.25538, 33.42742], [130.2546, 33.42715], [130.25472, 33.42603], [130.25004, 33.42266], [130.2508, 33.42186], [130.25267, 33.42179], [130.25232, 33.41983], [130.25327, 33.42001], [130.25438, 33.41852], [130.25608, 33.41852], [130.25816, 33.42076], [130.25927, 33.41938], [130.26108, 33.41916], [130.26103, 33.41792], [130.26034, 33.41757], [130.26015, 33.41885], [130.25781, 33.4195], [130.25638, 33.41748], [130.25318, 33.41718], [130.25, 33.41807], [130.25091, 33.4194], [130.24932, 33.42124], [130.24727, 33.42037], [130.24753, 33.41827], [130.24655, 33.41646], [130.24632, 33.41976], [130.24503, 33.41943], [130.24618, 33.42109], [130.24516, 33.42249], [130.24391, 33.42194], [130.24549, 33.42402], [130.24439, 33.42462], [130.2449, 33.42517], [130.24686, 33.42413], [130.24801, 33.42583], [130.25036, 33.42612], [130.25062, 33.42798], [130.24878, 33.42867], [130.25075, 33.42882], [130.2513, 33.43037], [130.24908, 33.43081], [130.25239, 33.43158], [130.25082, 33.43288], [130.24948, 33.43263], [130.24949, 33.43161], [130.24833, 33.43194], [130.24707, 33.4311], [130.24724, 33.43016], [130.24593, 33.43054], [130.2454, 33.42933], [130.24506, 33.43042], [130.24359, 33.43034], [130.24078, 33.42596], [130.24211, 33.4297], [130.23976, 33.42929], [130.2396, 33.42982], [130.24701, 33.43175], [130.24584, 33.43288], [130.24523, 33.43214], [130.24271, 33.43264], [130.24284, 33.43199], [130.24202, 33.43223], [130.24135, 33.43106], [130.2403, 33.43255], [130.23742, 33.43285], [130.23723, 33.43439], [130.23852, 33.43525], [130.24019, 33.4344], [130.24034, 33.43533], [130.24136, 33.43444], [130.24605, 33.43768]]]}, "properties": {"name": "北山貯水池"}}, {"type": "Feature", "geometry": {"type": "Polygon", "coordinates": [[[129.98598, 32.97911], [129.98396, 32.97784], [129.98418, 32.97573], [129.98279, 32.97511], [129.97926, 32.9769], [129.98101, 32.97722], [129.98068, 32.97857], [129.98227, 32.97743], [129.98371, 32.97907], [129.98598, 32.97911]]]}, "properties": {"name": "野岳湖"}}, {"type": "Feature", "geometry": {"type": "Polygon", "coordinates": [[[130.75114, 32.77278], [130.75304, 32.77249], [130.7554, 32.77042], [130.75427, 32.76899], [130.75464, 32.7674], [130.75257, 32.76552], [130.74809, 32.77181], [130.74526, 32.77265], [130.75114, 32.77278]], [[130.7534, 32.7693], [130.75216, 32.76888], [130.75403, 32.76828], [130.7534, 32.7693]], [[130.73442, 32.78396], [130.73483, 32.78315], [130.7356, 32.7836], [130.73497, 32.78302], [130.7354, 32.78256], [130.73862, 32.78179], [130.73938, 32.78255], [130.74077, 32.78126], [130.74308, 32.78225], [130.7412, 32.7806], [130.74226, 32.78028], [130.74124, 32.77914], [130.74214, 32.77926], [130.73998, 32.77849], [130.73906, 32.77696], [130.73818, 32.77976], [130.73884, 32.78098], [130.73467, 32.78257], [130.73401, 32.78368], [130.73446, 32.78619], [130.73442, 32.78396]]]}, "properties": {"name": "江津湖"}}, {"type": "Feature", "geometry": {"type": "Polygon", "coordinates": [[[130.90872, 32.62945], [130.911, 32.6318], [130.91183, 32.6312], [130.91207, 32.63244], [130.9141, 32.63288], [130.91368, 32.63361], [130.91465, 32.63316], [130.91582, 32.63445], [130.91617, 32.63391], [130.91712, 32.63442], [130.9178, 32.63713], [130.92142, 32.63806], [130.92145, 32.6395], [130.9227, 32.63819], [130.92509, 32.63943], [130.92802, 32.63978], [130.92802, 32.64068], [130.93091, 32.63786], [130.94057, 32.64035], [130.94193, 32.63853], [130.94857, 32.63597], [130.94809, 32.63434], [130.94394, 32.6365], [130.94009, 32.63698], [130.93869, 32.63794], [130.93418, 32.63677], [130.93717, 32.63377], [130.93264, 32.63625], [130.92756, 32.63532], [130.92625, 32.63643], [130.92187, 32.63651], [130.9192, 32.63528], [130.91934, 32.63452], [130.9204, 32.63456], [130.92042, 32.63522], [130.92221, 32.63484], [130.92229, 32.63387], [130.92123, 32.63408], [130.92123, 32.63291], [130.92087, 32.63423], [130.9194, 32.63399], [130.91908, 32.63078], [130.91772, 32.63143], [130.9121, 32.62866], [130.91553, 32.62845], [130.91471, 32.62727], [130.91278, 32.62766], [130.90943, 32.62622], [130.90872, 32.62945]]]}, "properties": {"name": "肥後みどりかわ湖"}}, {"type": "Feature", "geometry": {"type": "Polygon", "coordinates": [[[130.98413, 33.16035], [130.9853, 33.15918], [130.98321, 33.15653], [130.98371, 33.15575], [130.9864, 33.15537], [130.98616, 33.15222], [130.98811, 33.15208], [130.98481, 33.15039], [130.98521, 33.14961], [130.98416, 33.1496], [130.98354, 33.14785], [130.98484, 33.14701], [130.98452, 33.14611], [130.98646, 33.14191], [130.985, 33.14145], [130.98548, 33.14094], [130.98117, 33.14174], [130.98112, 33.14111], [130.97913, 33.14093], [130.97671, 33.14276], [130.9753, 33.14259], [130.97525, 33.14194], [130.97509, 33.14299], [130.97627, 33.14336], [130.97578, 33.14418], [130.97709, 33.14421], [130.97734, 33.1449], [130.98129, 33.14461], [130.97827, 33.14749], [130.9794, 33.14748], [130.97883, 33.14844], [130.98129, 33.1493], [130.98222, 33.1508], [130.98206, 33.15236], [130.98105, 33.15296], [130.98175, 33.15376], [130.97999, 33.15519], [130.97995, 33.15691], [130.98087, 33.15804], [130.98044, 33.15955], [130.97596, 33.16005], [130.97391, 33.16189], [130.97764, 33.1608], [130.98413, 33.16035]]]}, "properties": {"name": "蜂の巣湖"}}, {"type": "Feature", "geometry": {"type": "Polygon", "coordinates": [[[130.98413, 33.16035], [130.9848, 33.16102], [130.98449, 33.16384], [130.9857, 33.16524], [130.98521, 33.16752], [130.98343, 33.16763], [130.98496, 33.1681], [130.98574, 33.17097], [130.98746, 33.17232], [130.9868, 33.17547], [130.98547, 33.17594], [130.9874, 33.1764], [130.98851, 33.17811], [130.99157, 33.17814], [130.99155, 33.17989], [130.9897, 33.18194], [130.99194, 33.18456], [130.99188, 33.18589], [130.98999, 33.18838], [130.98783, 33.18759], [130.98988, 33.18883], [130.98909, 33.19004], [130.99005, 33.19032], [130.99057, 33.1928], [130.98794, 33.19322], [130.99159, 33.19345], [130.99372, 33.19452], [130.99447, 33.19284], [130.99304, 33.18946], [130.99714, 33.18723], [130.99679, 33.18608], [130.99842, 33.18247], [131.00377, 33.18109], [131.00254, 33.17953], [130.9932, 33.18188], [130.99334, 33.18034], [130.99547, 33.17776], [130.9929, 33.17505], [130.99045, 33.17511], [130.98991, 33.17147], [130.98726, 33.16951], [130.98726, 33.16325], [130.98472, 33.16011], [130.98413, 33.16035]]]}, "properties": {"name": "梅林湖"}}, {"type": "Feature", "geometry": {"type": "Polygon", "coordinates": [[[130.60654, 32.59033], [130.60928, 32.58839], [130.61326, 32.587], [130.61219, 32.58612], [130.60896, 32.5866], [130.60635, 32.58508], [130.60101, 32.58535], [130.60159, 32.5866], [130.60654, 32.59033]]]}, "properties": {"name": "大江湖"}}, {"type": "Feature", "geometry": {"type": "Polygon", "coordinates": [[[131.02335, 32.31903], [131.0207, 32.31988], [131.01419, 32.31906], [131.01287, 32.31955], [131.01249, 32.32095], [131.0162, 32.32152], [131.01823, 32.32467], [131.01608, 32.32959], [131.01488, 32.32987], [131.01602, 32.33021], [131.01615, 32.33239], [131.01538, 32.33282], [131.01596, 32.33292], [131.01243, 32.33578], [131.01132, 32.33565], [131.01238, 32.33685], [131.01306, 32.34251], [131.01185, 32.34351], [131.01256, 32.34384], [131.01211, 32.34441], [131.01361, 32.34725], [131.01345, 32.34419], [131.01504, 32.3404], [131.01466, 32.33657], [131.01786, 32.33365], [131.02019, 32.32838], [131.01997, 32.32205], [131.02252, 32.32077], [131.02375, 32.32093], [131.02641, 32.32325], [131.02605, 32.32404], [131.03042, 32.324], [131.03174, 32.32265], [131.03268, 32.31959], [131.03477, 32.31899], [131.0369, 32.31658], [131.03274, 32.31899], [131.02906, 32.32259], [131.026, 32.32177], [131.02545, 32.32044], [131.02626, 32.31963], [131.02413, 32.31957], [131.02343, 32.31851], [131.02335, 32.31903]]]}, "properties": {"name": "市房ダム貯水池"}}, {"type": "Feature", "geometry": {"type": "Polygon", "coordinates": [[[131.42919, 33.13309], [131.42969, 33.13224], [131.43255, 33.13319], [131.43266, 33.13414], [131.43332, 33.13372], [131.43535, 33.1347], [131.43891, 33.1373], [131.43893, 33.13897], [131.43717, 33.13872], [131.43525, 33.13643], [131.43093, 33.13585], [131.43073, 33.1348], [131.4289, 33.13427], [131.43058, 33.13664], [131.42961, 33.13684], [131.42905, 33.13592], [131.42901, 33.13648], [131.42635, 33.13712], [131.42788, 33.13802], [131.43185, 33.13734], [131.43302, 33.13871], [131.43433, 33.13836], [131.43539, 33.14062], [131.43672, 33.14041], [131.43716, 33.14166], [131.43865, 33.14032], [131.43879, 33.14168], [131.44138, 33.13888], [131.44174, 33.13768], [131.44089, 33.13588], [131.44267, 33.13475], [131.44122, 33.13423], [131.44162, 33.13314], [131.43899, 33.13138], [131.43972, 33.13473], [131.43824, 33.1341], [131.43812, 33.13321], [131.43725, 33.13352], [131.43666, 33.13233], [131.43625, 33.13272], [131.43584, 33.13163], [131.43504, 33.13228], [131.43359, 33.13168], [131.43375, 33.13083], [131.43245, 33.13144], [131.4321, 33.13022], [131.43114, 33.13094], [131.42979, 33.12951], [131.42925, 33.12736], [131.42824, 33.12726], [131.4297, 33.12564], [131.42956, 33.12351], [131.43193, 33.12217], [131.4325, 33.12287], [131.43223, 33.12156], [131.43466, 33.12107], [131.4342, 33.12047], [131.43551, 33.1195], [131.43458, 33.11913], [131.43377, 33.11732], [131.43241, 33.11693], [131.43132, 33.11391], [131.43179, 33.11704], [131.43436, 33.11955], [131.42995, 33.12211], [131.42914, 33.12162], [131.42799, 33.12364], [131.42608, 33.12289], [131.4261, 33.12093], [131.42411, 33.11865], [131.42392, 33.11927], [131.42028, 33.1164], [131.41782, 33.11635], [131.42041, 33.11665], [131.4253, 33.12114], [131.4247, 33.12264], [131.42242, 33.12272], [131.42683, 33.12416], [131.42643, 33.12646], [131.4238, 33.12635], [131.42611, 33.12727], [131.42588, 33.12816], [131.42684, 33.12843], [131.42729, 33.13038], [131.42811, 33.13044], [131.42871, 33.13168], [131.42803, 33.13244], [131.42644, 33.13182], [131.42547, 33.13231], [131.42842, 33.13355], [131.42919, 33.13309]]]}, "properties": {"name": "芹川ダム貯水池"}}, {"type": "Feature", "geometry": {"type": "Polygon", "coordinates": [[[131.46533, 33.25494], [131.46179, 33.25682], [131.46547, 33.25604], [131.46533, 33.25494]]]}, "properties": {"name": "神楽女湖"}}, {"type": "Feature", "geometry": {"type": "Polygon", "coordinates": [[[131.45446, 33.26223], [131.4529, 33.26362], [131.45461, 33.26453], [131.45875, 33.26297], [131.45446, 33.26223]]]}, "properties": {"name": "志高湖"}}, {"type": "Feature", "geometry": {"type": "Polygon", "coordinates": [[[131.44931, 33.22099], [131.4484, 33.22061], [131.44759, 33.22151], [131.44931, 33.22099]]]}, "properties": {"name": "禅淡湖"}}, {"type": "Feature", "geometry": {"type": "Polygon", "coordinates": [[[131.3686, 33.26645], [131.36887, 33.26696], [131.36955, 33.26645], [131.3686, 33.26645]]]}, "properties": {"name": "金鱗湖"}}, {"type": "Feature", "geometry": {"type": "Polygon", "coordinates": [[[131.25458, 32.23976], [131.25371, 32.24043], [131.25404, 32.24099], [131.25735, 32.23994], [131.2576, 32.23872], [131.25644, 32.23763], [131.25732, 32.23714], [131.25732, 32.23585], [131.25622, 32.23331], [131.25729, 32.23261], [131.2562, 32.23077], [131.25374, 32.22993], [131.25382, 32.22903], [131.25879, 32.22794], [131.26017, 32.2273], [131.26043, 32.22618], [131.26138, 32.2264], [131.26089, 32.22553], [131.26198, 32.22555], [131.26263, 32.22325], [131.2611, 32.22141], [131.26435, 32.22042], [131.26635, 32.223], [131.2692, 32.22212], [131.27125, 32.22291], [131.27087, 32.22398], [131.27206, 32.22674], [131.27134, 32.22728], [131.27194, 32.22831], [131.27125, 32.23013], [131.2724, 32.23196], [131.27219, 32.23015], [131.2715, 32.22991], [131.27289, 32.22663], [131.27208, 32.22432], [131.2726, 32.22339], [131.27394, 32.22369], [131.2747, 32.22523], [131.27639, 32.22561], [131.2781, 32.22554], [131.27759, 32.22432], [131.28097, 32.2244], [131.28275, 32.22244], [131.2822, 32.22023], [131.28339, 32.22016], [131.28441, 32.21821], [131.28721, 32.21737], [131.28745, 32.21793], [131.28552, 32.22002], [131.28371, 32.22096], [131.28382, 32.22276], [131.28789, 32.22295], [131.28755, 32.22575], [131.28866, 32.22946], [131.28986, 32.22995], [131.29076, 32.23157], [131.29241, 32.23106], [131.29281, 32.23179], [131.29239, 32.23096], [131.2914, 32.23161], [131.29013, 32.23035], [131.2901, 32.22905], [131.28918, 32.22912], [131.28817, 32.22522], [131.28944, 32.22307], [131.28867, 32.22209], [131.28648, 32.22224], [131.28527, 32.22151], [131.28864, 32.21897], [131.29076, 32.21848], [131.289, 32.21805], [131.28874, 32.216], [131.28971, 32.21575], [131.2891, 32.21362], [131.29144, 32.214], [131.2907, 32.21278], [131.29346, 32.21264], [131.293, 32.21155], [131.29418, 32.21113], [131.29373, 32.2103], [131.29487, 32.20962], [131.29359, 32.20665], [131.29905, 32.20858], [131.30271, 32.20834], [131.30165, 32.20663], [131.30183, 32.2051], [131.30057, 32.20577], [131.2992, 32.20539], [131.29848, 32.20235], [131.29817, 32.20344], [131.2971, 32.20347], [131.29261, 32.2009], [131.29522, 32.20392], [131.29048, 32.20437], [131.29068, 32.20538], [131.28971, 32.20652], [131.29141, 32.20965], [131.28704, 32.21035], [131.28571, 32.21531], [131.28097, 32.21232], [131.28325, 32.20923], [131.2819, 32.20886], [131.28271, 32.20707], [131.28009, 32.2076], [131.28, 32.20671], [131.2816, 32.20561], [131.27929, 32.20614], [131.27887, 32.20359], [131.27753, 32.20211], [131.27666, 32.20248], [131.27567, 32.20085], [131.27483, 32.20072], [131.27465, 32.20157], [131.27266, 32.20249], [131.27177, 32.20026], [131.26808, 32.19997], [131.2675, 32.1988], [131.2658, 32.19841], [131.26562, 32.19737], [131.2653, 32.19865], [131.2669, 32.19947], [131.2667, 32.20047], [131.26361, 32.19994], [131.26152, 32.20056], [131.26093, 32.20255], [131.25851, 32.19933], [131.25964, 32.19686], [131.25888, 32.19262], [131.25819, 32.1937], [131.25449, 32.19467], [131.25351, 32.19307], [131.25163, 32.19217], [131.2517, 32.19127], [131.25142, 32.19248], [131.25255, 32.19423], [131.24804, 32.19547], [131.24682, 32.1969], [131.2448, 32.19526], [131.24079, 32.19443], [131.24195, 32.19209], [131.24073, 32.19053], [131.23869, 32.19358], [131.23894, 32.19544], [131.24477, 32.19822], [131.24666, 32.20115], [131.24721, 32.19988], [131.24856, 32.20004], [131.24915, 32.19671], [131.25717, 32.19619], [131.25741, 32.19808], [131.25656, 32.19917], [131.25757, 32.20186], [131.25465, 32.20323], [131.25326, 32.20615], [131.25429, 32.20501], [131.25544, 32.2056], [131.25485, 32.20385], [131.25791, 32.20317], [131.26064, 32.20459], [131.26232, 32.20417], [131.2631, 32.20548], [131.26348, 32.20255], [131.26629, 32.20278], [131.26875, 32.20169], [131.27034, 32.20205], [131.26969, 32.20449], [131.27109, 32.20591], [131.27411, 32.20521], [131.27409, 32.20329], [131.27531, 32.20338], [131.27643, 32.20421], [131.27589, 32.20457], [131.27663, 32.20609], [131.27523, 32.20607], [131.27504, 32.20755], [131.2762, 32.20672], [131.27671, 32.20896], [131.27907, 32.21038], [131.27755, 32.21111], [131.27781, 32.2124], [131.27678, 32.21329], [131.27836, 32.21484], [131.28112, 32.21548], [131.28104, 32.21686], [131.2824, 32.21646], [131.28228, 32.21865], [131.27902, 32.2195], [131.27999, 32.22178], [131.27778, 32.22092], [131.27647, 32.22268], [131.27447, 32.22122], [131.26747, 32.22078], [131.26618, 32.21922], [131.2643, 32.21848], [131.26297, 32.21919], [131.26228, 32.21865], [131.25879, 32.22151], [131.26075, 32.22409], [131.25841, 32.22562], [131.25827, 32.22694], [131.25303, 32.22747], [131.25272, 32.22861], [131.25063, 32.22998], [131.25082, 32.23139], [131.25295, 32.23184], [131.25282, 32.23292], [131.25386, 32.23154], [131.2557, 32.23224], [131.25495, 32.23398], [131.25616, 32.23618], [131.25487, 32.2377], [131.25636, 32.23924], [131.25458, 32.23976]], [[131.29716, 32.20497], [131.29697, 32.20436], [131.29773, 32.20484], [131.29716, 32.20497]]]}, "properties": {"name": "一ツ瀬ダム貯水池"}}, {"type": "Feature", "geometry": {"type": "Polygon", "coordinates": [[[131.11555, 31.95803], [131.11448, 31.95805], [131.11529, 31.95866], [131.11806, 31.9575], [131.11561, 31.95939], [131.11483, 31.96134], [131.11628, 31.95897], [131.1189, 31.958], [131.11995, 31.96333], [131.11948, 31.95836], [131.12168, 31.9575], [131.12226, 31.95862], [131.12362, 31.95901], [131.12211, 31.95718], [131.12327, 31.9569], [131.12328, 31.95553], [131.12419, 31.95511], [131.12449, 31.95566], [131.12505, 31.95428], [131.12773, 31.95641], [131.12553, 31.95372], [131.12651, 31.95218], [131.12787, 31.95259], [131.12818, 31.95043], [131.13033, 31.95204], [131.13009, 31.95339], [131.13102, 31.95262], [131.13057, 31.95183], [131.13151, 31.95171], [131.1288, 31.95048], [131.13038, 31.94972], [131.12933, 31.9494], [131.12842, 31.94648], [131.13274, 31.94545], [131.13232, 31.94733], [131.13384, 31.94861], [131.13394, 31.9473], [131.13289, 31.94754], [131.13374, 31.94461], [131.1357, 31.94464], [131.13714, 31.94295], [131.13983, 31.94264], [131.13988, 31.94163], [131.13636, 31.94199], [131.1323, 31.94425], [131.13133, 31.94315], [131.13168, 31.94119], [131.13107, 31.94108], [131.13103, 31.9425], [131.12924, 31.94118], [131.12606, 31.9405], [131.12649, 31.93975], [131.12504, 31.94016], [131.12493, 31.93823], [131.1243, 31.93986], [131.1265, 31.94141], [131.126, 31.94188], [131.11709, 31.93807], [131.1174, 31.93747], [131.1161, 31.93688], [131.1168, 31.93616], [131.11597, 31.93599], [131.11672, 31.93408], [131.11572, 31.93345], [131.11379, 31.93382], [131.11459, 31.93155], [131.11354, 31.93344], [131.11317, 31.93185], [131.1133, 31.93408], [131.11026, 31.9357], [131.10937, 31.93431], [131.11216, 31.93315], [131.11051, 31.93168], [131.11182, 31.93039], [131.11002, 31.9314], [131.10958, 31.93093], [131.1105, 31.92913], [131.10921, 31.92852], [131.11015, 31.92977], [131.10918, 31.93021], [131.10931, 31.93128], [131.10806, 31.93112], [131.10676, 31.93042], [131.10815, 31.92792], [131.10624, 31.9303], [131.10419, 31.92794], [131.10536, 31.92981], [131.1031, 31.92862], [131.10353, 31.92914], [131.10142, 31.93013], [131.09968, 31.929], [131.09858, 31.92958], [131.10056, 31.93023], [131.09978, 31.9316], [131.09867, 31.93157], [131.09948, 31.93234], [131.09829, 31.93366], [131.09939, 31.93369], [131.09869, 31.93616], [131.09762, 31.93678], [131.09605, 31.93571], [131.09739, 31.93697], [131.0984, 31.93687], [131.09803, 31.93723], [131.09696, 31.93695], [131.0948, 31.93855], [131.09425, 31.93778], [131.09439, 31.93862], [131.09298, 31.93887], [131.0909, 31.93845], [131.0905, 31.93738], [131.09011, 31.93825], [131.08666, 31.93715], [131.08532, 31.93776], [131.08368, 31.93696], [131.084, 31.93754], [131.08196, 31.93741], [131.08153, 31.94065], [131.08034, 31.94037], [131.08165, 31.94097], [131.0813, 31.94202], [131.07976, 31.94264], [131.08055, 31.94292], [131.0794, 31.94408], [131.07614, 31.94542], [131.07479, 31.94855], [131.07209, 31.95047], [131.07244, 31.95094], [131.07531, 31.94909], [131.0766, 31.94606], [131.07982, 31.94496], [131.08217, 31.94188], [131.0828, 31.93822], [131.08792, 31.9383], [131.08972, 31.9395], [131.09054, 31.939], [131.0939, 31.94], [131.09557, 31.93922], [131.09607, 31.9398], [131.09612, 31.93915], [131.09825, 31.93903], [131.09926, 31.93802], [131.10146, 31.93219], [131.1052, 31.93196], [131.10836, 31.93345], [131.10827, 31.93418], [131.10725, 31.934], [131.10811, 31.93505], [131.105, 31.93472], [131.10571, 31.93531], [131.1053, 31.936], [131.10677, 31.93505], [131.10686, 31.93602], [131.10747, 31.93518], [131.10988, 31.93695], [131.11378, 31.93588], [131.11297, 31.93724], [131.11, 31.93784], [131.11186, 31.93819], [131.11387, 31.93731], [131.11537, 31.93884], [131.1193, 31.94027], [131.11794, 31.94102], [131.11787, 31.94187], [131.11682, 31.94126], [131.11626, 31.94191], [131.1149, 31.9406], [131.1148, 31.9415], [131.11065, 31.94155], [131.11343, 31.94237], [131.11008, 31.94343], [131.11222, 31.94352], [131.111, 31.9441], [131.11089, 31.94534], [131.10903, 31.94537], [131.1089, 31.94645], [131.1081, 31.9461], [131.1065, 31.94724], [131.10369, 31.94673], [131.10559, 31.94732], [131.10406, 31.94789], [131.10437, 31.94875], [131.1022, 31.94872], [131.10337, 31.94923], [131.10149, 31.94966], [131.10233, 31.95065], [131.10148, 31.95097], [131.10201, 31.95151], [131.1026, 31.9505], [131.10181, 31.94988], [131.10368, 31.94983], [131.10286, 31.94867], [131.10468, 31.94899], [131.10518, 31.94866], [131.10432, 31.94815], [131.1071, 31.94775], [131.10743, 31.94698], [131.10834, 31.94773], [131.10793, 31.94666], [131.11057, 31.94567], [131.11262, 31.94634], [131.11124, 31.94533], [131.11144, 31.94417], [131.11265, 31.94371], [131.11207, 31.94285], [131.11264, 31.9425], [131.11401, 31.94437], [131.11318, 31.94358], [131.11386, 31.94239], [131.11317, 31.94166], [131.11579, 31.9416], [131.11692, 31.94312], [131.11661, 31.94263], [131.11753, 31.94225], [131.11929, 31.9424], [131.11917, 31.94118], [131.11966, 31.94177], [131.12028, 31.94064], [131.12236, 31.94123], [131.12457, 31.94321], [131.12279, 31.94344], [131.12494, 31.94361], [131.12107, 31.94607], [131.12334, 31.94541], [131.12569, 31.94323], [131.12898, 31.94328], [131.13037, 31.94472], [131.12764, 31.94637], [131.12587, 31.94612], [131.12768, 31.94687], [131.12698, 31.94729], [131.12802, 31.94878], [131.1264, 31.94882], [131.12853, 31.94933], [131.1271, 31.95041], [131.1243, 31.95077], [131.12725, 31.95072], [131.12512, 31.95252], [131.12425, 31.95442], [131.12289, 31.95381], [131.12371, 31.95467], [131.12194, 31.95552], [131.11846, 31.95463], [131.11616, 31.9554], [131.11991, 31.95515], [131.12231, 31.9561], [131.11935, 31.95767], [131.11899, 31.95687], [131.11753, 31.957], [131.11555, 31.95803]]]}, "properties": {"name": "野尻湖"}}, {"type": "Feature", "geometry": {"type": "Polygon", "coordinates": [[[131.08474, 32.07071], [131.08717, 32.06926], [131.0875, 32.06997], [131.08996, 32.07017], [131.09166, 32.06908], [131.09274, 32.06793], [131.09262, 32.06437], [131.09413, 32.06677], [131.09435, 32.06514], [131.09729, 32.06539], [131.09771, 32.06605], [131.09626, 32.06638], [131.09769, 32.06706], [131.09625, 32.06764], [131.09767, 32.06798], [131.09845, 32.06737], [131.09827, 32.06506], [131.09878, 32.06516], [131.10004, 32.06657], [131.09959, 32.06783], [131.10063, 32.06733], [131.10018, 32.06854], [131.10161, 32.06937], [131.10184, 32.06739], [131.10263, 32.0673], [131.10344, 32.06563], [131.10314, 32.06349], [131.10569, 32.06407], [131.10484, 32.06631], [131.10711, 32.06473], [131.10796, 32.06507], [131.108, 32.06635], [131.11026, 32.06677], [131.10908, 32.0659], [131.10893, 32.06442], [131.11032, 32.06278], [131.11315, 32.06329], [131.11347, 32.06214], [131.11434, 32.06208], [131.11411, 32.0631], [131.11566, 32.06419], [131.11541, 32.06239], [131.11803, 32.06099], [131.11794, 32.06013], [131.11923, 32.06072], [131.11898, 32.05944], [131.11963, 32.05976], [131.12072, 32.05868], [131.12206, 32.05928], [131.11995, 32.05765], [131.11584, 32.05959], [131.11487, 32.06095], [131.11026, 32.0608], [131.10763, 32.06244], [131.10456, 32.05968], [131.10358, 32.06065], [131.10312, 32.05889], [131.10155, 32.05852], [131.09959, 32.05525], [131.09916, 32.05674], [131.10221, 32.06134], [131.09993, 32.06265], [131.1, 32.06447], [131.09202, 32.06207], [131.09235, 32.06116], [131.0916, 32.06092], [131.09144, 32.05942], [131.091, 32.06123], [131.08818, 32.06037], [131.09094, 32.06193], [131.09063, 32.06433], [131.08805, 32.06472], [131.09078, 32.06551], [131.09085, 32.06719], [131.08959, 32.06803], [131.0882, 32.06718], [131.089, 32.06844], [131.08643, 32.06832], [131.08474, 32.07071]]]}, "properties": {"name": "小野湖"}}, {"type": "Feature", "geometry": {"type": "Polygon", "coordinates": [[[131.33077, 32.36], [131.33062, 32.36169], [131.32863, 32.3628], [131.32723, 32.36262], [131.32649, 32.36374], [131.33147, 32.36203], [131.331, 32.36048], [131.3322, 32.36008], [131.33202, 32.35875], [131.33323, 32.3585], [131.33362, 32.35715], [131.3349, 32.35707], [131.33877, 32.35424], [131.34006, 32.3541], [131.34051, 32.3549], [131.34306, 32.35215], [131.34369, 32.3523], [131.34327, 32.35301], [131.34421, 32.3551], [131.3457, 32.3552], [131.34527, 32.35206], [131.34406, 32.35083], [131.34185, 32.35058], [131.34181, 32.35165], [131.34005, 32.35301], [131.33741, 32.35215], [131.33431, 32.35407], [131.33481, 32.35126], [131.33325, 32.35043], [131.3309, 32.35096], [131.3282, 32.34974], [131.32998, 32.34819], [131.32971, 32.3462], [131.33044, 32.34506], [131.32934, 32.34585], [131.32679, 32.34495], [131.32486, 32.34617], [131.3221, 32.34408], [131.32272, 32.34202], [131.32437, 32.34125], [131.32386, 32.34038], [131.3239, 32.34113], [131.32136, 32.34311], [131.32004, 32.34727], [131.31429, 32.34498], [131.31447, 32.3435], [131.31337, 32.34426], [131.31351, 32.34497], [131.31099, 32.3418], [131.30967, 32.34203], [131.30806, 32.34096], [131.3065, 32.34133], [131.30455, 32.34354], [131.3065, 32.3421], [131.30907, 32.34298], [131.31038, 32.34226], [131.31176, 32.34544], [131.31444, 32.34571], [131.31693, 32.3476], [131.31582, 32.34801], [131.31552, 32.35128], [131.31622, 32.35206], [131.31585, 32.35015], [131.31675, 32.34825], [131.32192, 32.34805], [131.3226, 32.3471], [131.324, 32.34783], [131.32393, 32.34847], [131.32539, 32.34821], [131.32642, 32.34677], [131.3281, 32.34712], [131.32846, 32.3483], [131.32675, 32.34794], [131.32648, 32.35052], [131.33214, 32.35272], [131.33237, 32.35438], [131.33159, 32.35431], [131.33222, 32.35567], [131.32993, 32.35606], [131.33342, 32.35589], [131.33265, 32.35761], [131.33123, 32.35794], [131.33077, 32.36]], [[131.32206, 32.34586], [131.32271, 32.34573], [131.32272, 32.34687], [131.32206, 32.34586]]]}, "properties": {"name": "渡川ダム貯水池"}}, {"type": "Feature", "geometry": {"type": "Polygon", "coordinates": [[[131.25786, 32.49806], [131.26041, 32.50364], [131.26001, 32.50408], [131.26298, 32.5044], [131.26677, 32.50221], [131.26831, 32.50272], [131.26913, 32.50341], [131.27045, 32.50908], [131.27305, 32.51078], [131.27604, 32.50961], [131.27798, 32.50726], [131.28689, 32.50856], [131.29183, 32.50475], [131.29268, 32.50476], [131.29207, 32.50593], [131.29268, 32.50695], [131.29372, 32.50694], [131.29479, 32.50842], [131.29677, 32.50842], [131.29705, 32.50954], [131.29953, 32.50885], [131.30042, 32.50669], [131.29936, 32.50462], [131.29764, 32.50685], [131.2959, 32.50647], [131.29412, 32.5018], [131.29012, 32.50439], [131.28927, 32.50416], [131.28939, 32.50522], [131.28676, 32.507], [131.28447, 32.50726], [131.2841, 32.50647], [131.28049, 32.50559], [131.27809, 32.50591], [131.27664, 32.50651], [131.27551, 32.50848], [131.27277, 32.50898], [131.27113, 32.50734], [131.27071, 32.50272], [131.26956, 32.49983], [131.26888, 32.49972], [131.26926, 32.50202], [131.26632, 32.50126], [131.26526, 32.50259], [131.26269, 32.50351], [131.26065, 32.50238], [131.25874, 32.4985], [131.26012, 32.49485], [131.25846, 32.49253], [131.25822, 32.49386], [131.25942, 32.49544], [131.25786, 32.49806]]]}, "properties": {"name": "塚原ダム貯水池"}}, {"type": "Feature", "geometry": {"type": "Polygon", "coordinates": [[[131.12533, 32.4675], [131.12333, 32.4686], [131.12234, 32.47172], [131.11879, 32.47238], [131.11621, 32.47012], [131.11677, 32.47205], [131.1183, 32.47351], [131.1122, 32.47312], [131.11176, 32.47401], [131.10949, 32.47403], [131.10876, 32.47483], [131.10549, 32.47357], [131.10823, 32.47621], [131.1046, 32.47598], [131.10592, 32.47637], [131.10632, 32.47731], [131.10249, 32.47982], [131.10148, 32.48223], [131.10209, 32.48445], [131.0975, 32.48752], [131.09344, 32.48681], [131.09353, 32.48762], [131.09728, 32.48848], [131.09969, 32.48706], [131.10102, 32.48805], [131.10067, 32.48643], [131.10374, 32.48475], [131.10302, 32.48176], [131.11063, 32.47542], [131.11174, 32.47619], [131.11431, 32.4747], [131.11749, 32.47537], [131.11936, 32.47481], [131.12363, 32.47934], [131.12138, 32.47577], [131.12154, 32.4741], [131.12436, 32.4738], [131.12446, 32.47131], [131.12556, 32.4702], [131.12905, 32.46875], [131.12896, 32.46799], [131.1301, 32.46783], [131.13127, 32.4663], [131.13413, 32.46582], [131.13543, 32.46612], [131.13562, 32.46695], [131.137, 32.46637], [131.1383, 32.46724], [131.13974, 32.46652], [131.14171, 32.46802], [131.14301, 32.46767], [131.14428, 32.46839], [131.14177, 32.46615], [131.14438, 32.46373], [131.151, 32.46048], [131.14934, 32.4602], [131.14886, 32.45895], [131.14461, 32.45794], [131.14415, 32.45459], [131.14283, 32.45296], [131.14351, 32.45237], [131.14336, 32.4499], [131.14232, 32.45009], [131.14169, 32.44702], [131.14067, 32.44718], [131.14048, 32.44538], [131.13952, 32.44691], [131.13491, 32.44566], [131.13313, 32.44144], [131.13164, 32.44045], [131.13164, 32.43928], [131.13111, 32.4405], [131.13008, 32.44036], [131.12415, 32.4358], [131.12438, 32.43433], [131.12028, 32.43329], [131.12095, 32.43417], [131.12388, 32.43481], [131.12392, 32.4369], [131.12503, 32.43615], [131.12638, 32.43811], [131.12545, 32.43952], [131.12856, 32.44044], [131.12808, 32.44142], [131.129, 32.44108], [131.12961, 32.44221], [131.13074, 32.44163], [131.1317, 32.44217], [131.13277, 32.44422], [131.1323, 32.4449], [131.13339, 32.4452], [131.13277, 32.44616], [131.13414, 32.44777], [131.13947, 32.44846], [131.14082, 32.4511], [131.13966, 32.45175], [131.14097, 32.4551], [131.14065, 32.45676], [131.13979, 32.45696], [131.14174, 32.45752], [131.14333, 32.45998], [131.14535, 32.46044], [131.14286, 32.46215], [131.14008, 32.46282], [131.13925, 32.46435], [131.13786, 32.46483], [131.13315, 32.4639], [131.13156, 32.46276], [131.13173, 32.46363], [131.13096, 32.46388], [131.12774, 32.46256], [131.12879, 32.46431], [131.12678, 32.46536], [131.12646, 32.4665], [131.12506, 32.4662], [131.12533, 32.4675]]]}, "properties": {"name": "日向椎葉湖"}}, {"type": "Feature", "geometry": {"type": "Polygon", "coordinates": [[[130.84698, 31.5244], [130.84729, 31.52293], [130.85063, 31.52022], [130.85194, 31.51988], [130.85201, 31.52094], [130.85267, 31.52069], [130.85261, 31.51981], [130.85399, 31.5192], [130.85418, 31.51994], [130.85487, 31.51968], [130.85681, 31.51733], [130.85858, 31.51662], [130.86031, 31.51682], [130.86096, 31.51765], [130.86017, 31.51538], [130.86125, 31.51356], [130.86266, 31.5127], [130.86479, 31.51412], [130.863, 31.51247], [130.86369, 31.51121], [130.86314, 31.51044], [130.85983, 31.5083], [130.85874, 31.50945], [130.85932, 31.51128], [130.85593, 31.51393], [130.85577, 31.51519], [130.85283, 31.515], [130.84789, 31.51769], [130.8432, 31.52326], [130.84347, 31.52453], [130.84485, 31.5236], [130.84698, 31.5244]]]}, "properties": {"name": "大隅湖"}}, {"type": "Feature", "geometry": {"type": "Polygon", "coordinates": [[[130.50378, 32.00854], [130.50816, 32.00821], [130.5115, 32.00586], [130.51286, 32.00581], [130.51672, 32.00709], [130.52141, 32.01034], [130.52077, 32.01147], [130.52227, 32.01084], [130.52655, 32.01178], [130.52821, 32.01394], [130.53113, 32.01293], [130.53321, 32.01004], [130.53716, 32.00793], [130.53815, 32.00838], [130.5381, 32.00765], [130.54074, 32.00737], [130.54024, 32.00666], [130.54098, 32.00603], [130.54495, 32.00548], [130.5451, 32.00398], [130.54357, 32.00438], [130.54142, 32.00268], [130.54286, 32.00439], [130.54036, 32.00434], [130.54009, 32.00514], [130.53907, 32.0047], [130.53904, 32.00361], [130.53878, 32.00489], [130.53966, 32.00566], [130.53638, 32.00686], [130.53496, 32.00627], [130.53574, 32.0076], [130.53244, 32.00846], [130.53177, 32.00945], [130.53095, 32.00915], [130.53128, 32.00994], [130.53005, 32.01133], [130.52833, 32.01108], [130.52643, 32.00952], [130.5254, 32.0105], [130.52462, 32.01001], [130.52435, 32.00904], [130.52538, 32.00852], [130.52473, 32.00815], [130.52604, 32.00711], [130.52279, 32.00895], [130.51887, 32.00558], [130.51316, 32.00401], [130.5087, 32.00386], [130.50719, 32.00571], [130.50532, 32.00583], [130.50419, 32.00397], [130.50109, 32.00308], [130.50201, 32.00288], [130.50196, 32.00165], [130.50455, 32.0002], [130.50231, 32.00089], [130.50106, 32.00037], [130.49903, 31.99741], [130.4973, 31.99653], [130.49681, 31.99491], [130.49837, 31.99502], [130.49938, 31.99362], [130.49667, 31.99346], [130.49752, 31.98984], [130.49573, 31.98775], [130.49189, 31.9891], [130.48995, 31.99133], [130.49344, 31.99103], [130.49138, 31.99242], [130.49104, 31.99409], [130.49016, 31.99445], [130.4907, 31.99493], [130.4902, 31.99623], [130.49136, 31.99812], [130.49067, 31.99979], [130.48939, 31.99897], [130.48992, 31.99981], [130.4886, 32.00028], [130.4884, 32.00129], [130.48576, 32.00335], [130.48146, 32.0017], [130.48513, 32.00392], [130.48719, 32.00387], [130.48726, 32.00537], [130.48612, 32.00564], [130.48654, 32.0067], [130.48525, 32.00843], [130.48635, 32.00825], [130.48692, 32.00942], [130.48558, 32.0118], [130.48746, 32.00928], [130.48669, 32.00736], [130.48762, 32.00664], [130.48899, 32.00694], [130.48682, 32.00599], [130.48801, 32.00566], [130.48803, 32.00253], [130.48982, 32.00258], [130.48945, 32.00218], [130.49072, 32.00051], [130.49275, 31.99887], [130.49319, 31.99774], [130.49225, 31.99711], [130.49341, 31.99481], [130.49466, 31.99745], [130.49616, 31.99868], [130.49707, 32.00153], [130.49856, 32.00136], [130.49922, 32.00406], [130.50085, 32.00569], [130.50048, 32.00621], [130.50251, 32.00709], [130.50233, 32.00922], [130.50082, 32.00989], [130.50112, 32.01126], [130.49953, 32.01229], [130.5004, 32.01265], [130.50052, 32.01401], [130.50102, 32.01202], [130.50378, 32.00854]]]}, "properties": {"name": "大鶴湖"}}, {"type": "Feature", "geometry": {"type": "Polygon", "coordinates": [[[130.5548, 31.22106], [130.55436, 31.22359], [130.55207, 31.22462], [130.55162, 31.22662], [130.54824, 31.22753], [130.54666, 31.2312], [130.54368, 31.23307], [130.54372, 31.23704], [130.54046, 31.23726], [130.53812, 31.23832], [130.53782, 31.24221], [130.54182, 31.24475], [130.54431, 31.24506], [130.54867, 31.24794], [130.54948, 31.24934], [130.55568, 31.2516], [130.55744, 31.25131], [130.55788, 31.2495], [130.56021, 31.24756], [130.56129, 31.24757], [130.563, 31.24922], [130.56832, 31.24937], [130.57118, 31.24611], [130.5743, 31.24732], [130.57875, 31.24742], [130.58327, 31.24381], [130.58396, 31.24102], [130.58205, 31.23736], [130.58487, 31.23425], [130.58505, 31.233], [130.58365, 31.23009], [130.5818, 31.2296], [130.57953, 31.22642], [130.57734, 31.22205], [130.57179, 31.21909], [130.57027, 31.22095], [130.5685, 31.22143], [130.567, 31.22048], [130.56693, 31.2184], [130.56611, 31.21797], [130.56153, 31.2193], [130.55655, 31.21962], [130.5548, 31.22106]]]}, "properties": {"name": "池田湖"}}, {"type": "Feature", "geometry": {"type": "Polygon", "coordinates": [[[129.86808, 31.87245], [129.87275, 31.86834], [129.87674, 31.86292], [129.87658, 31.86174], [129.87503, 31.86169], [129.87504, 31.86284], [129.87374, 31.86294], [129.87407, 31.86458], [129.87131, 31.86217], [129.86954, 31.86327], [129.86902, 31.86433], [129.87045, 31.8649], [129.86901, 31.86595], [129.87103, 31.86608], [129.8717, 31.86701], [129.86779, 31.86728], [129.86879, 31.8681], [129.86722, 31.86998], [129.86763, 31.87105], [129.86651, 31.87132], [129.86555, 31.87322], [129.86314, 31.87401], [129.86195, 31.87732], [129.86808, 31.87245]]]}, "properties": {"name": "海鼠池"}}, {"type": "Feature", "geometry": {"type": "Polygon", "coordinates": [[[130.61127, 31.225], [130.61185, 31.22163], [130.61138, 31.21955], [130.60952, 31.21784], [130.607, 31.2174], [130.60094, 31.21897], [130.59993, 31.22408], [130.60084, 31.22741], [130.60235, 31.22866], [130.60949, 31.22891], [130.61127, 31.225]]]}, "properties": {"name": "鰻池"}}, {"type": "Feature", "geometry": {"type": "Polygon", "coordinates": [[[130.34346, 31.51506], [130.34329, 31.51409], [130.3449, 31.51419], [130.34113, 31.51304], [130.34086, 31.51178], [130.33852, 31.51276], [130.33879, 31.5138], [130.34121, 31.51497], [130.34329, 31.51582], [130.34346, 31.51506]]]}, "properties": {"name": "薩摩湖"}}, {"type": "Feature", "geometry": {"type": "Polygon", "coordinates": [[[127.67496, 26.20899], [127.67715, 26.20752], [127.68097, 26.20027], [127.68988, 26.19521], [127.6952, 26.19495], [127.69256, 26.19379], [127.68633, 26.19377], [127.68684, 26.18955], [127.68599, 26.1913], [127.68358, 26.19221], [127.68171, 26.19427], [127.68229, 26.19534], [127.68041, 26.19666], [127.67725, 26.20562], [127.67583, 26.2076], [127.67432, 26.20798], [127.67496, 26.20899]]]}, "properties": {"name": "漫湖"}}, {"type": "Feature", "geometry": {"type": "Polygon", "coordinates": [[[128.265, 26.71406], [128.26245, 26.71624], [128.26196, 26.71803], [128.26126, 26.71802], [128.26162, 26.71667], [128.25857, 26.71649], [128.25866, 26.71727], [128.25677, 26.71816], [128.25638, 26.71727], [128.25594, 26.71819], [128.25312, 26.71957], [128.25214, 26.72189], [128.25033, 26.72264], [128.25127, 26.7244], [128.25001, 26.72531], [128.2517, 26.72499], [128.25101, 26.72655], [128.25143, 26.72824], [128.25135, 26.72633], [128.25222, 26.72521], [128.25121, 26.72326], [128.25304, 26.72192], [128.25365, 26.72008], [128.2553, 26.71905], [128.25701, 26.71999], [128.25813, 26.71825], [128.26002, 26.71757], [128.25913, 26.72079], [128.26321, 26.7182], [128.26378, 26.71662], [128.26465, 26.71639], [128.2655, 26.71744], [128.266, 26.71495], [128.26761, 26.71475], [128.26743, 26.71307], [128.27016, 26.71168], [128.2687, 26.7099], [128.26777, 26.71085], [128.26813, 26.70767], [128.26754, 26.7095], [128.26645, 26.71022], [128.26644, 26.71162], [128.26464, 26.71272], [128.26169, 26.7089], [128.26208, 26.70772], [128.26094, 26.70878], [128.25734, 26.70834], [128.25902, 26.7086], [128.25903, 26.70972], [128.26216, 26.71079], [128.26216, 26.71252], [128.265, 26.71406]]]}, "properties": {"name": "クイナ湖"}}, {"type": "Feature", "geometry": {"type": "Polygon", "coordinates": [[[128.27916, 26.75389], [128.27814, 26.75029], [128.27924, 26.75064], [128.28138, 26.74949], [128.28058, 26.7474], [128.28108, 26.74699], [128.28021, 26.74625], [128.28295, 26.74617], [128.27966, 26.74572], [128.27927, 26.74471], [128.27691, 26.74359], [128.27971, 26.74175], [128.27941, 26.74125], [128.27697, 26.74203], [128.27565, 26.74425], [128.27665, 26.74385], [128.27915, 26.74559], [128.27584, 26.74663], [128.2755, 26.74755], [128.2783, 26.74635], [128.27881, 26.74685], [128.27788, 26.74815], [128.2797, 26.74752], [128.2807, 26.74869], [128.27942, 26.75002], [128.27758, 26.7498], [128.27896, 26.75379], [128.27847, 26.75456], [128.27916, 26.75389]]]}, "properties": {"name": "フンガー湖"}}, {"type": "Feature", "geometry": {"type": "Polygon", "coordinates": [[[128.26398, 26.79097], [128.2637, 26.79209], [128.26508, 26.79363], [128.26404, 26.79211], [128.26425, 26.79082], [128.26637, 26.79148], [128.26368, 26.79032], [128.26314, 26.78725], [128.26685, 26.78732], [128.26674, 26.78841], [128.26868, 26.78904], [128.26832, 26.78833], [128.269, 26.78744], [128.2698, 26.78795], [128.26948, 26.7871], [128.27026, 26.78633], [128.27298, 26.78646], [128.27433, 26.78558], [128.27558, 26.78718], [128.27689, 26.78715], [128.27665, 26.78909], [128.27792, 26.78654], [128.27579, 26.78695], [128.27433, 26.78514], [128.27233, 26.78605], [128.27184, 26.78523], [128.27203, 26.7863], [128.27046, 26.7858], [128.26741, 26.78792], [128.26778, 26.78725], [128.26627, 26.78698], [128.26704, 26.78574], [128.26591, 26.78551], [128.26625, 26.78469], [128.2653, 26.78485], [128.26581, 26.78711], [128.26463, 26.78608], [128.26248, 26.7868], [128.26364, 26.78459], [128.26253, 26.78539], [128.26179, 26.78485], [128.26207, 26.78296], [128.26371, 26.78205], [128.26227, 26.78238], [128.2622, 26.78046], [128.26146, 26.7811], [128.26209, 26.78233], [128.26094, 26.78489], [128.25897, 26.78478], [128.25756, 26.78643], [128.25821, 26.7847], [128.25766, 26.78378], [128.25694, 26.78714], [128.25738, 26.78849], [128.25814, 26.78739], [128.25937, 26.78834], [128.2599, 26.78741], [128.25921, 26.78685], [128.26055, 26.78555], [128.2618, 26.78565], [128.26098, 26.78918], [128.26147, 26.7895], [128.2625, 26.78741], [128.26398, 26.79097]]]}, "properties": {"name": "伊集の湖"}}, {"type": "Feature", "geometry": {"type": "Polygon", "coordinates": [[[128.22718, 26.66008], [128.22599, 26.65862], [128.22659, 26.65665], [128.22519, 26.65693], [128.22486, 26.65465], [128.22272, 26.6528], [128.22144, 26.65279], [128.22154, 26.65139], [128.22028, 26.65175], [128.21741, 26.65021], [128.2185, 26.6496], [128.21807, 26.64812], [128.21905, 26.64692], [128.21766, 26.64608], [128.2161, 26.64667], [128.21717, 26.64516], [128.21925, 26.64456], [128.21956, 26.64525], [128.21991, 26.64406], [128.22155, 26.64474], [128.22129, 26.64406], [128.22204, 26.64395], [128.22402, 26.64559], [128.22255, 26.64337], [128.22927, 26.64162], [128.22988, 26.64384], [128.2313, 26.64362], [128.2312, 26.64519], [128.23237, 26.64597], [128.23134, 26.64644], [128.23021, 26.64871], [128.23099, 26.65021], [128.2322, 26.64959], [128.23233, 26.65235], [128.23372, 26.65346], [128.23441, 26.65306], [128.23292, 26.65287], [128.23256, 26.64934], [128.23184, 26.64912], [128.23129, 26.64992], [128.23086, 26.64864], [128.23379, 26.64487], [128.23243, 26.6451], [128.23238, 26.64317], [128.23436, 26.64297], [128.23643, 26.64098], [128.23748, 26.64219], [128.23882, 26.64155], [128.23953, 26.64205], [128.23706, 26.64141], [128.23741, 26.64003], [128.23691, 26.64065], [128.2368, 26.63984], [128.23572, 26.64029], [128.23645, 26.63745], [128.23508, 26.63914], [128.2357, 26.64109], [128.23448, 26.64216], [128.23337, 26.64199], [128.2335, 26.64018], [128.23303, 26.64173], [128.23008, 26.64198], [128.23029, 26.64077], [128.23325, 26.63834], [128.22705, 26.64117], [128.22406, 26.64142], [128.22322, 26.64243], [128.22059, 26.64249], [128.21667, 26.64463], [128.21515, 26.64509], [128.2148, 26.64442], [128.21056, 26.64751], [128.20727, 26.64765], [128.20512, 26.6489], [128.20035, 26.64842], [128.2005, 26.64748], [128.1987, 26.64799], [128.19859, 26.64644], [128.19507, 26.64745], [128.19269, 26.64541], [128.19046, 26.64631], [128.18919, 26.64536], [128.18869, 26.6466], [128.18857, 26.64586], [128.18515, 26.64562], [128.18361, 26.64431], [128.18238, 26.64491], [128.18202, 26.64404], [128.18174, 26.64529], [128.18055, 26.64517], [128.18094, 26.64599], [128.17762, 26.64595], [128.176, 26.64772], [128.17366, 26.6481], [128.17491, 26.64972], [128.17342, 26.65044], [128.17428, 26.65171], [128.17764, 26.65005], [128.17912, 26.64815], [128.18366, 26.64725], [128.18374, 26.64812], [128.1811, 26.64935], [128.18162, 26.65144], [128.18157, 26.64981], [128.18328, 26.64966], [128.187, 26.64745], [128.18878, 26.64889], [128.18874, 26.64968], [128.18968, 26.64897], [128.19055, 26.65021], [128.19034, 26.65152], [128.18914, 26.6525], [128.19067, 26.65276], [128.18998, 26.65417], [128.19047, 26.65556], [128.1884, 26.65717], [128.19005, 26.65778], [128.18976, 26.65674], [128.19154, 26.65587], [128.19055, 26.65432], [128.19122, 26.6536], [128.19316, 26.65467], [128.19335, 26.65616], [128.1941, 26.65614], [128.19438, 26.65896], [128.19509, 26.65694], [128.19399, 26.65519], [128.19539, 26.65447], [128.19244, 26.65379], [128.19137, 26.651], [128.19224, 26.65036], [128.19087, 26.64858], [128.19218, 26.64754], [128.19451, 26.64894], [128.19479, 26.65059], [128.19576, 26.6486], [128.19704, 26.6482], [128.19683, 26.64979], [128.19892, 26.64924], [128.19849, 26.65044], [128.1996, 26.65136], [128.19823, 26.65178], [128.19907, 26.65183], [128.19889, 26.65483], [128.20038, 26.6514], [128.19945, 26.65028], [128.20133, 26.64984], [128.20178, 26.65184], [128.20249, 26.65147], [128.2052, 26.65363], [128.20494, 26.65181], [128.20649, 26.65277], [128.20843, 26.65659], [128.20875, 26.65569], [128.21039, 26.65538], [128.21065, 26.65933], [128.21306, 26.66003], [128.21097, 26.65894], [128.2105, 26.65643], [128.21154, 26.6554], [128.20957, 26.65505], [128.20933, 26.65323], [128.20873, 26.65412], [128.20787, 26.65364], [128.20577, 26.65101], [128.20889, 26.64964], [128.21226, 26.65232], [128.20989, 26.64894], [128.21174, 26.64805], [128.21258, 26.64922], [128.21256, 26.64749], [128.21379, 26.64675], [128.21468, 26.64801], [128.21525, 26.6473], [128.2171, 26.64747], [128.21678, 26.64844], [128.21749, 26.64926], [128.21648, 26.64987], [128.21703, 26.65113], [128.22245, 26.65367], [128.22257, 26.6554], [128.22329, 26.65398], [128.22497, 26.65711], [128.22602, 26.65745], [128.22583, 26.65895], [128.22718, 26.66008]]]}, "properties": {"name": "福上湖"}}, {"type": "Feature", "geometry": {"type": "Polygon", "coordinates": [[[128.23847, 26.69218], [128.24057, 26.68943], [128.24251, 26.68879], [128.24257, 26.68653], [128.24338, 26.6863], [128.24296, 26.68565], [128.24399, 26.68356], [128.24351, 26.68172], [128.24403, 26.6812], [128.24672, 26.68186], [128.24563, 26.68062], [128.24465, 26.68026], [128.24256, 26.68148], [128.2424, 26.68325], [128.24307, 26.683], [128.2432, 26.68397], [128.24191, 26.68838], [128.23812, 26.69163], [128.23811, 26.69261], [128.23546, 26.69181], [128.23871, 26.69325], [128.23847, 26.69218]]]}, "properties": {"name": "新川湖"}}, {"type": "Feature", "geometry": {"type": "Polygon", "coordinates": [[[127.94565, 26.49479], [127.94659, 26.49453], [127.94694, 26.49517], [127.94684, 26.49348], [127.94918, 26.49414], [127.94726, 26.49319], [127.94707, 26.49161], [127.94898, 26.49146], [127.9489, 26.49035], [127.95182, 26.48824], [127.952, 26.4869], [127.95359, 26.48672], [127.95041, 26.48358], [127.95091, 26.48267], [127.95021, 26.48209], [127.94903, 26.48256], [127.9495, 26.483], [127.94885, 26.48406], [127.9501, 26.48534], [127.94906, 26.48635], [127.94934, 26.48696], [127.94775, 26.48668], [127.94635, 26.488], [127.94666, 26.48915], [127.94565, 26.48922], [127.94657, 26.48966], [127.94485, 26.49026], [127.94565, 26.49064], [127.94466, 26.49222], [127.94292, 26.49271], [127.94312, 26.49347], [127.94338, 26.49263], [127.94404, 26.49311], [127.94533, 26.49193], [127.94521, 26.49378], [127.94413, 26.49428], [127.94506, 26.49497], [127.94408, 26.49526], [127.94565, 26.49479]]]}, "properties": {"name": "かんな湖"}}], "metadata": {"source": "国土交通省 国土数値情報", "dataset": "湖沼データ(W09) 2005年版", "source_url": "https://nlftp.mlit.go.jp/ksj/gml/datalist/KsjTmplt-W09-v2_2.html", "license": "国土数値情報 利用約款(商用可)", "license_url": "https://nlftp.mlit.go.jp/ksj/other/agreement.html", "download_date": "2026-09-08", "processing_method": "Douglas-Peucker(許容 0.0005 度 ≒ 45 m)で頂点を 474,921 → 26,547 に間引いた。距離の計算には間引く前を使っている", "counts": {"polygons": 547, "index_segments": 474539, "vertices_before_simplify": 474921, "vertices_after_simplify": 26547}}}
