{"type": "FeatureCollection", "features": [{"type": "Feature", "id": "wdf-Q11269191", "geometry": {"type": "Point", "coordinates": [141.546111, 42.623333]}, "properties": {"onsen_id": "wdf-Q11269191", "wikidata_id": "Q11269191", "provenance": "wikidata-facility", "name": "しらかば温泉湯", "name_has_onsen": true, "facility_class": "日帰り入浴施設", "spring_quality": null, "temperature_c": null, "discharge_l_min": null, "ph": null, "spring_type": null, "source_depth_m": null, "elevation_m": 6.7, "slope_deg": 0.03, "aspect_deg": 198.4, "local_relief_m": 0.7, "elevation_source": "GSI dem_png z14", "local_relief_window_m": 225, "geology_symbol": "H_sad", "geology_group": "堆積岩", "geology_lithology": "谷底平野・山間盆地・河川・海岸平野堆積物", "geology_age": "新生代 第四紀 完新世", "geology_color": "#e6ffff", "nearest_volcano": "樽前山", "distance_to_volcano_km": 15.74, "vegetation_mesh": "63417443", "vegetation_community": "市街地", "vegetation_naturalness": "01", "vegetation_naturalness_label": "市街地・造成地等", "vegetation_zone": "その他", "distance_to_river_km": 0.124, "nearest_river": null, "distance_to_lake_km": 14.61, "nearest_lake": "ウトナイ湖"}}, {"type": "Feature", "id": "wdf-Q11277778", "geometry": {"type": "Point", "coordinates": [138.652222, 35.706111]}, "properties": {"onsen_id": "wdf-Q11277778", "wikidata_id": "Q11277778", "provenance": "wikidata-facility", "name": "ほったらかし温泉", "name_has_onsen": true, "facility_class": "日帰り入浴施設", "spring_quality": null, "temperature_c": null, "discharge_l_min": null, "ph": null, "spring_type": null, "source_depth_m": null, "elevation_m": 675.0, "slope_deg": 4.61, "aspect_deg": 128.5, "local_relief_m": 55.5, "elevation_source": "GSI dem_png z14", "local_relief_window_m": 248, "geology_symbol": "Q11_vis_al", "geology_group": "火成岩", "geology_lithology": "安山岩・玄武岩質安山岩 溶岩・火砕岩", "geology_age": "新生代 第四紀 更新世 ジェラシアン期", "geology_color": "#f7c707", "nearest_volcano": "富士山", "distance_to_volcano_km": 38.98, "vegetation_mesh": "53384542", "vegetation_community": "アカマツ植林", "vegetation_naturalness": "06", "vegetation_naturalness_label": "植林地", "vegetation_zone": "植林地・耕作地植生", "distance_to_river_km": 0.931, "nearest_river": "平等川", "distance_to_lake_km": 8.541, "nearest_lake": "千代田湖"}}, {"type": "Feature", "id": "wdf-Q11293273", "geometry": {"type": "Point", "coordinates": [136.691444, 36.541222]}, "properties": {"onsen_id": "wdf-Q11293273", "wikidata_id": "Q11293273", "provenance": "wikidata-facility", "name": "オータム天然温泉 しあわせの湯II", "name_has_onsen": true, "facility_class": "スーパー銭湯", "spring_quality": null, "temperature_c": null, "discharge_l_min": null, "ph": null, "spring_type": null, "source_depth_m": null, "elevation_m": 42.4, "slope_deg": 1.16, "aspect_deg": 270.0, "local_relief_m": 8.7, "elevation_source": "GSI dem_png z14", "local_relief_window_m": 246, "geology_symbol": "H_sad", "geology_group": "堆積岩", "geology_lithology": "谷底平野・山間盆地・河川・海岸平野堆積物", "geology_age": "新生代 第四紀 完新世", "geology_color": "#e6ffff", "nearest_volcano": "白山", "distance_to_volcano_km": 43.53, "vegetation_mesh": "54366545", "vegetation_community": "水田雑草群落", "vegetation_naturalness": "02", "vegetation_naturalness_label": "農耕地（水田・畑）／緑の多い住宅地", "vegetation_zone": "植林地・耕作地植生", "distance_to_river_km": 0.161, "nearest_river": "浅野川", "distance_to_lake_km": 7.779, "nearest_lake": "内川湖"}}, {"type": "Feature", "id": "wdf-Q11312690", "geometry": {"type": "Point", "coordinates": [136.907556, 35.281111]}, "properties": {"onsen_id": "wdf-Q11312690", "wikidata_id": "Q11312690", "provenance": "wikidata-facility", "name": "スパガーラ", "name_has_onsen": false, "facility_class": "スーパー銭湯", "spring_quality": null, "temperature_c": null, "discharge_l_min": null, "ph": null, "spring_type": null, "source_depth_m": null, "elevation_m": 15.9, "slope_deg": 0.35, "aspect_deg": 222.9, "local_relief_m": 1.6, "elevation_source": "GSI dem_png z14", "local_relief_window_m": 250, "geology_symbol": "Q32-33_std", "geology_group": "堆積岩", "geology_lithology": "段丘堆積物", "geology_age": "新生代 第四紀 後期更新世中期〜後期更新世後期", "geology_color": "#c8ffaa", "nearest_volcano": "御嶽山", "distance_to_volcano_km": 85.49, "vegetation_mesh": "52367732", "vegetation_community": "水田雑草群落", "vegetation_naturalness": "02", "vegetation_naturalness_label": "農耕地（水田・畑）／緑の多い住宅地", "vegetation_zone": "植林地・耕作地植生", "distance_to_river_km": 0.08, "nearest_river": "合瀬川", "distance_to_lake_km": 9.822, "nearest_lake": "入鹿池"}}, {"type": "Feature", "id": "wdf-Q11323852", "geometry": {"type": "Point", "coordinates": [135.340833, 34.808333]}, "properties": {"onsen_id": "wdf-Q11323852", "wikidata_id": "Q11323852", "provenance": "wikidata-facility", "name": "ナチュールスパ宝塚", "name_has_onsen": false, "facility_class": "公衆浴場", "spring_quality": null, "temperature_c": null, "discharge_l_min": null, "ph": null, "spring_type": null, "source_depth_m": null, "elevation_m": 45.6, "slope_deg": 4.39, "aspect_deg": 5.8, "local_relief_m": 32.8, "elevation_source": "GSI dem_png z14", "local_relief_window_m": 251, "geology_symbol": "H_sad", "geology_group": "堆積岩", "geology_lithology": "谷底平野・山間盆地・河川・海岸平野堆積物", "geology_age": "新生代 第四紀 完新世", "geology_color": "#e6ffff", "nearest_volcano": "白山", "distance_to_volcano_km": 197.96, "vegetation_mesh": "52351267", "vegetation_community": "市街地", "vegetation_naturalness": "01", "vegetation_naturalness_label": "市街地・造成地等", "vegetation_zone": "その他", "distance_to_river_km": 0.027, "nearest_river": "塩谷川", "distance_to_lake_km": 7.215, "nearest_lake": "金仙寺湖"}}, {"type": "Feature", "id": "wdf-Q11345239", "geometry": {"type": "Point", "coordinates": [138.045833, 34.766667]}, "properties": {"onsen_id": "wdf-Q11345239", "wikidata_id": "Q11345239", "provenance": "wikidata-facility", "name": "ヤマハリゾートつま恋", "name_has_onsen": false, "facility_class": "ホテル・スポーツ会場・コンサート会場・日帰り入浴施設", "spring_quality": null, "temperature_c": null, "discharge_l_min": null, "ph": null, "spring_type": null, "source_depth_m": null, "elevation_m": 73.5, "slope_deg": 7.85, "aspect_deg": 46.1, "local_relief_m": 35.3, "elevation_source": "GSI dem_png z14", "local_relief_window_m": 251, "geology_symbol": "Q1-21_so", "geology_group": "堆積岩", "geology_lithology": "海成層", "geology_age": "新生代 第四紀 更新世 ジェラシアン期〜前期チバニアン期", "geology_color": "#e6ffd2", "nearest_volcano": "富士山", "distance_to_volcano_km": 90.68, "vegetation_mesh": "52381023", "vegetation_community": "水田雑草群落", "vegetation_naturalness": "02", "vegetation_naturalness_label": "農耕地（水田・畑）／緑の多い住宅地", "vegetation_zone": "植林地・耕作地植生", "distance_to_river_km": 0.644, "nearest_river": null, "distance_to_lake_km": 25.269, "nearest_lake": "船明ダム湖"}}, {"type": "Feature", "id": "wdf-Q11353725", "geometry": {"type": "Point", "coordinates": [134.476111, 35.607778]}, "properties": {"onsen_id": "wdf-Q11353725", "wikidata_id": "Q11353725", "provenance": "wikidata-facility", "name": "七釜温泉ゆーらく館", "name_has_onsen": true, "facility_class": "日帰り入浴施設", "spring_quality": null, "temperature_c": null, "discharge_l_min": null, "ph": null, "spring_type": null, "source_depth_m": null, "elevation_m": 16.7, "slope_deg": 3.84, "aspect_deg": 280.8, "local_relief_m": 36.9, "elevation_source": "GSI dem_png z14", "local_relief_window_m": 249, "geology_symbol": "H_sad", "geology_group": "堆積岩", "geology_lithology": "谷底平野・山間盆地・河川・海岸平野堆積物", "geology_age": "新生代 第四紀 完新世", "geology_color": "#e6ffff", "nearest_volcano": "三瓶山", "distance_to_volcano_km": 175.93, "vegetation_mesh": "53343328", "vegetation_community": "コナラ群落", "vegetation_naturalness": "07", "vegetation_naturalness_label": "二次林", "vegetation_zone": "ヤブツバキクラス域代償植生", "distance_to_river_km": 0.116, "nearest_river": null, "distance_to_lake_km": 29.232, "nearest_lake": "湖山池"}}, {"type": "Feature", "id": "wdf-Q11396731", "geometry": {"type": "Point", "coordinates": [131.501444, 33.311917]}, "properties": {"onsen_id": "wdf-Q11396731", "wikidata_id": "Q11396731", "provenance": "wikidata-facility", "name": "別府海浜砂湯", "name_has_onsen": true, "facility_class": "共同浴場", "spring_quality": null, "temperature_c": null, "discharge_l_min": null, "ph": null, "spring_type": null, "source_depth_m": null, "elevation_m": 2.2, "slope_deg": 3.37, "aspect_deg": 141.9, "local_relief_m": 8.5, "elevation_source": "GSI dem_png z14", "local_relief_window_m": 256, "geology_symbol": "H_sad", "geology_group": "堆積岩", "geology_lithology": "谷底平野・山間盆地・河川・海岸平野堆積物", "geology_age": "新生代 第四紀 完新世", "geology_color": "#e6ffff", "nearest_volcano": "鶴見岳・伽藍岳", "distance_to_volcano_km": 7.19, "vegetation_mesh": "49317470", "vegetation_community": null, "vegetation_naturalness": null, "vegetation_naturalness_label": null, "vegetation_zone": null, "distance_to_river_km": 0.546, "nearest_river": "春木川", "distance_to_lake_km": 6.72, "nearest_lake": "志高湖"}}, {"type": "Feature", "id": "wdf-Q11401167", "geometry": {"type": "Point", "coordinates": [134.761528, 35.6625]}, "properties": {"onsen_id": "wdf-Q11401167", "wikidata_id": "Q11401167", "provenance": "wikidata-facility", "name": "北前館", "name_has_onsen": false, "facility_class": "博物館・共同浴場", "spring_quality": null, "temperature_c": null, "discharge_l_min": null, "ph": null, "spring_type": null, "source_depth_m": null, "elevation_m": 0.9, "slope_deg": 1.15, "aspect_deg": 233.5, "local_relief_m": 5.0, "elevation_source": "GSI dem_png z14", "local_relief_window_m": 248, "geology_symbol": null, "geology_group": null, "geology_lithology": null, "geology_age": null, "geology_color": null, "nearest_volcano": "白山", "distance_to_volcano_km": 189.08, "vegetation_mesh": "53343690", "vegetation_community": null, "vegetation_naturalness": null, "vegetation_naturalness_label": null, "vegetation_zone": null, "distance_to_river_km": 0.092, "nearest_river": "竹野川", "distance_to_lake_km": 11.907, "nearest_lake": "久美浜湾"}}, {"type": "Feature", "id": "wdf-Q11431588", "geometry": {"type": "Point", "coordinates": [136.216222, 34.060694]}, "properties": {"onsen_id": "wdf-Q11431588", "wikidata_id": "Q11431588", "provenance": "wikidata-facility", "name": "夢古道おわせ", "name_has_onsen": false, "facility_class": "コミュニティセンター・日帰り入浴施設", "spring_quality": null, "temperature_c": null, "discharge_l_min": null, "ph": null, "spring_type": null, "source_depth_m": null, "elevation_m": 42.1, "slope_deg": 5.98, "aspect_deg": 332.4, "local_relief_m": 52.2, "elevation_source": "GSI dem_png z14", "local_relief_window_m": 253, "geology_symbol": "Q32-33_std", "geology_group": "堆積岩", "geology_lithology": "段丘堆積物", "geology_age": "新生代 第四紀 後期更新世中期〜後期更新世後期", "geology_color": "#c8ffaa", "nearest_volcano": "御嶽山", "distance_to_volcano_km": 234.02, "vegetation_mesh": "51360177", "vegetation_community": null, "vegetation_naturalness": null, "vegetation_naturalness_label": null, "vegetation_zone": null, "distance_to_river_km": 0.195, "nearest_river": null, "distance_to_lake_km": 5.576, "nearest_lake": "白石湖"}}, {"type": "Feature", "id": "wdf-Q11436841", "geometry": {"type": "Point", "coordinates": [139.887611, 37.523833]}, "properties": {"onsen_id": "wdf-Q11436841", "wikidata_id": "Q11436841", "provenance": "wikidata-facility", "name": "大江戸温泉物語 湯屋あいづ", "name_has_onsen": true, "facility_class": "ホテル・日帰り入浴施設", "spring_quality": null, "temperature_c": null, "discharge_l_min": null, "ph": null, "spring_type": null, "source_depth_m": null, "elevation_m": 193.0, "slope_deg": 0.15, "aspect_deg": 0.0, "local_relief_m": 1.2, "elevation_source": "GSI dem_png z14", "local_relief_window_m": 242, "geology_symbol": "H_sad", "geology_group": "堆積岩", "geology_lithology": "谷底平野・山間盆地・河川・海岸平野堆積物", "geology_age": "新生代 第四紀 完新世", "geology_color": "#e6ffff", "nearest_volcano": "磐梯山", "distance_to_volcano_km": 18.38, "vegetation_mesh": "56392721", "vegetation_community": "水田雑草群落", "vegetation_naturalness": "02", "vegetation_naturalness_label": "農耕地（水田・畑）／緑の多い住宅地", "vegetation_zone": "植林地・耕作地植生", "distance_to_river_km": 0.534, "nearest_river": null, "distance_to_lake_km": 11.744, "nearest_lake": "猪苗代湖"}}, {"type": "Feature", "id": "wdf-Q11447193", "geometry": {"type": "Point", "coordinates": [136.923498, 37.087972]}, "properties": {"onsen_id": "wdf-Q11447193", "wikidata_id": "Q11447193", "provenance": "wikidata-facility", "name": "妻恋舟の湯", "name_has_onsen": true, "facility_class": "足湯", "spring_quality": null, "temperature_c": null, "discharge_l_min": null, "ph": null, "spring_type": null, "source_depth_m": null, "elevation_m": 0.2, "slope_deg": null, "aspect_deg": null, "local_relief_m": 4.5, "elevation_source": "GSI dem_png z14", "local_relief_window_m": 244, "geology_symbol": "N2_soi", "geology_group": "堆積岩", "geology_lithology": "海成層 珪質泥岩", "geology_age": "新生代 新第三紀 中新世 後期ランギアン期〜トートニアン期", "geology_color": "#f8d6ad", "nearest_volcano": "弥陀ヶ原", "distance_to_volcano_km": 82.6, "vegetation_mesh": "55365703", "vegetation_community": "市街地", "vegetation_naturalness": "01", "vegetation_naturalness_label": "市街地・造成地等", "vegetation_zone": "その他", "distance_to_river_km": 1.174, "nearest_river": "浜岡川", "distance_to_lake_km": 19.686, "nearest_lake": "邑知潟"}}, {"type": "Feature", "id": "wdf-Q11456945", "geometry": {"type": "Point", "coordinates": [138.619, 35.238611]}, "properties": {"onsen_id": "wdf-Q11456945", "wikidata_id": "Q11456945", "provenance": "wikidata-facility", "name": "富嶽温泉花の湯", "name_has_onsen": true, "facility_class": "宿泊・日帰り入浴施設", "spring_quality": null, "temperature_c": null, "discharge_l_min": null, "ph": null, "spring_type": null, "source_depth_m": null, "elevation_m": 182.3, "slope_deg": 2.92, "aspect_deg": 240.5, "local_relief_m": 14.7, "elevation_source": "GSI dem_png z14", "local_relief_window_m": 250, "geology_symbol": "Q1-H_v_af", "geology_group": "火成岩", "geology_lithology": "火山岩 火山麓扇状地堆積物", "geology_age": "新生代 第四紀 更新世 ジェラシアン期〜完新世", "geology_color": "#fffadc", "nearest_volcano": "富士山", "distance_to_volcano_km": 16.82, "vegetation_mesh": "52386489", "vegetation_community": "畑地雑草群落", "vegetation_naturalness": "02", "vegetation_naturalness_label": "農耕地（水田・畑）／緑の多い住宅地", "vegetation_zone": "植林地・耕作地植生", "distance_to_river_km": 0.623, "nearest_river": "弓沢川", "distance_to_lake_km": 10.173, "nearest_lake": "天子湖"}}, {"type": "Feature", "id": "wdf-Q11465025", "geometry": {"type": "Point", "coordinates": [137.587528, 36.796167]}, "properties": {"onsen_id": "wdf-Q11465025", "wikidata_id": "Q11465025", "provenance": "wikidata-facility", "name": "尾の沼体験交流施設 とちの湯", "name_has_onsen": true, "facility_class": "日帰り入浴施設", "spring_quality": null, "temperature_c": null, "discharge_l_min": null, "ph": null, "spring_type": null, "source_depth_m": null, "elevation_m": 270.5, "slope_deg": 24.65, "aspect_deg": 120.7, "local_relief_m": 97.8, "elevation_source": "GSI dem_png z14", "local_relief_window_m": 245, "geology_symbol": "J1-2_pbd_a", "geology_group": "火成岩", "geology_lithology": "閃緑岩・石英閃緑岩 島弧・大陸", "geology_age": "中生代 前期ジュラ紀〜中期ジュラ紀", "geology_color": "#900f8f", "nearest_volcano": "弥陀ヶ原", "distance_to_volcano_km": 25.04, "vegetation_mesh": "55371457", "vegetation_community": "自然裸地", "vegetation_naturalness": "98", "vegetation_naturalness_label": "自然裸地", "vegetation_zone": "その他", "distance_to_river_km": 0.037, "nearest_river": "尾ノ沼谷川", "distance_to_lake_km": 26.319, "nearest_lake": "黒部湖"}}, {"type": "Feature", "id": "wdf-Q11563974", "geometry": {"type": "Point", "coordinates": [135.529, 34.64575]}, "properties": {"onsen_id": "wdf-Q11563974", "wikidata_id": "Q11563974", "provenance": "wikidata-facility", "name": "源ヶ橋温泉", "name_has_onsen": true, "facility_class": "公衆浴場", "spring_quality": null, "temperature_c": null, "discharge_l_min": null, "ph": null, "spring_type": null, "source_depth_m": null, "elevation_m": 8.1, "slope_deg": 1.5, "aspect_deg": 22.8, "local_relief_m": 4.2, "elevation_source": "GSI dem_png z14", "local_relief_window_m": 252, "geology_symbol": "Q32-33_std", "geology_group": "堆積岩", "geology_lithology": "段丘堆積物", "geology_age": "新生代 第四紀 後期更新世中期〜後期更新世後期", "geology_color": "#c8ffaa", "nearest_volcano": "白山", "distance_to_volcano_km": 202.08, "vegetation_mesh": "51357472", "vegetation_community": "市街地", "vegetation_naturalness": "01", "vegetation_naturalness_label": "市街地・造成地等", "vegetation_zone": "その他", "distance_to_river_km": 0.793, "nearest_river": "駒川", "distance_to_lake_km": 30.514, "nearest_lake": "知明湖"}}, {"type": "Feature", "id": "wdf-Q11569541", "geometry": {"type": "Point", "coordinates": [138.113083, 36.048194]}, "properties": {"onsen_id": "wdf-Q11569541", "wikidata_id": "Q11569541", "provenance": "wikidata-facility", "name": "片倉館", "name_has_onsen": false, "facility_class": "共同浴場", "spring_quality": null, "temperature_c": null, "discharge_l_min": null, "ph": null, "spring_type": null, "source_depth_m": null, "elevation_m": 761.0, "slope_deg": 0.59, "aspect_deg": 270.0, "local_relief_m": 3.1, "elevation_source": "GSI dem_png z14", "local_relief_window_m": 247, "geology_symbol": "H_sad", "geology_group": "堆積岩", "geology_lithology": "谷底平野・山間盆地・河川・海岸平野堆積物", "geology_age": "新生代 第四紀 完新世", "geology_color": "#e6ffff", "nearest_volcano": "横岳", "distance_to_volcano_km": 19.09, "vegetation_mesh": "54380059", "vegetation_community": "市街地", "vegetation_naturalness": "01", "vegetation_naturalness_label": "市街地・造成地等", "vegetation_zone": "その他", "distance_to_river_km": 0.045, "nearest_river": null, "distance_to_lake_km": 0.11, "nearest_lake": "諏訪湖"}}, {"type": "Feature", "id": "wdf-Q11581742", "geometry": {"type": "Point", "coordinates": [133.975194, 34.458028]}, "properties": {"onsen_id": "wdf-Q11581742", "wikidata_id": "Q11581742", "provenance": "wikidata-facility", "name": "直島銭湯「I♥湯」", "name_has_onsen": false, "facility_class": "芸術作品・銭湯", "spring_quality": null, "temperature_c": null, "discharge_l_min": null, "ph": null, "spring_type": null, "source_depth_m": null, "elevation_m": 3.9, "slope_deg": 2.21, "aspect_deg": 204.6, "local_relief_m": 21.6, "elevation_source": "GSI dem_png z14", "local_relief_window_m": 252, "geology_symbol": "K21_pam_a", "geology_group": "火成岩", "geology_lithology": "花崗岩 塊状 島弧・大陸", "geology_age": "中生代 後期白亜紀 セノマニアン期〜サントニアン期", "geology_color": "#db8ba8", "nearest_volcano": "三瓶山", "distance_to_volcano_km": 145.03, "vegetation_mesh": "51335748", "vegetation_community": "クロマツ群落", "vegetation_naturalness": "09", "vegetation_naturalness_label": "自然林", "vegetation_zone": "ヤブツバキクラス域自然植生", "distance_to_river_km": 3.873, "nearest_river": "新川", "distance_to_lake_km": 11.078, "nearest_lake": "児島湖"}}, {"type": "Feature", "id": "wdf-Q11614050", "geometry": {"type": "Point", "coordinates": [135.744578, 35.036911]}, "properties": {"onsen_id": "wdf-Q11614050", "wikidata_id": "Q11614050", "provenance": "wikidata-facility", "name": "船岡温泉", "name_has_onsen": true, "facility_class": "公衆浴場", "spring_quality": null, "temperature_c": null, "discharge_l_min": null, "ph": null, "spring_type": null, "source_depth_m": null, "elevation_m": 72.5, "slope_deg": 1.67, "aspect_deg": 169.9, "local_relief_m": 20.7, "elevation_source": "GSI dem_png z14", "local_relief_window_m": 250, "geology_symbol": "H_sad", "geology_group": "堆積岩", "geology_lithology": "谷底平野・山間盆地・河川・海岸平野堆積物", "geology_age": "新生代 第四紀 完新世", "geology_color": "#e6ffff", "nearest_volcano": "白山", "distance_to_volcano_km": 155.14, "vegetation_mesh": "52354549", "vegetation_community": "市街地", "vegetation_naturalness": "01", "vegetation_naturalness_label": "市街地・造成地等", "vegetation_zone": "その他", "distance_to_river_km": 0.809, "nearest_river": "天神川", "distance_to_lake_km": 10.841, "nearest_lake": "琵琶湖"}}, {"type": "Feature", "id": "wdf-Q11614124", "geometry": {"type": "Point", "coordinates": [139.990139, 35.685667]}, "properties": {"onsen_id": "wdf-Q11614124", "wikidata_id": "Q11614124", "provenance": "wikidata-facility", "name": "船橋ヘルスセンター", "name_has_onsen": false, "facility_class": "健康ランド", "spring_quality": null, "temperature_c": null, "discharge_l_min": null, "ph": null, "spring_type": null, "source_depth_m": null, "elevation_m": 2.3, "slope_deg": 0.35, "aspect_deg": 357.0, "local_relief_m": 2.0, "elevation_source": "GSI dem_png z14", "local_relief_window_m": 248, "geology_symbol": "H2_or", "geology_group": "その他", "geology_lithology": "盛り土・埋立地・干拓地", "geology_age": "新生代 第四紀 後期完新世", "geology_color": "#f4dfca", "nearest_volcano": "箱根山", "distance_to_volcano_km": 101.18, "vegetation_mesh": "53394729", "vegetation_community": "市街地", "vegetation_naturalness": "01", "vegetation_naturalness_label": "市街地・造成地等", "vegetation_zone": "その他", "distance_to_river_km": 0.385, "nearest_river": "海老川", "distance_to_lake_km": 16.404, "nearest_lake": "印旛沼"}}, {"type": "Feature", "id": "wdf-Q11618201", "geometry": {"type": "Point", "coordinates": [138.07425, 36.436528]}, "properties": {"onsen_id": "wdf-Q11618201", "wikidata_id": "Q11618201", "provenance": "wikidata-facility", "name": "草湯温泉 冠着荘", "name_has_onsen": true, "facility_class": "日帰り入浴施設", "spring_quality": null, "temperature_c": null, "discharge_l_min": null, "ph": null, "spring_type": null, "source_depth_m": null, "elevation_m": 708.0, "slope_deg": 11.55, "aspect_deg": 282.0, "local_relief_m": 84.6, "elevation_source": "GSI dem_png z14", "local_relief_window_m": 246, "geology_symbol": "N3_soss", "geology_group": "堆積岩", "geology_lithology": "海成層 砂岩", "geology_age": "新生代 新第三紀 中新世 メッシニアン期〜鮮新世", "geology_color": "#fff799", "nearest_volcano": "浅間山", "distance_to_volcano_km": 40.3, "vegetation_mesh": "54385025", "vegetation_community": "アカマツ群落", "vegetation_naturalness": "07", "vegetation_naturalness_label": "二次林", "vegetation_zone": "ブナクラス域代償植生", "distance_to_river_km": 0.172, "nearest_river": "安坂川", "distance_to_lake_km": 5.619, "nearest_lake": "聖湖"}}, {"type": "Feature", "id": "wdf-Q11641352", "geometry": {"type": "Point", "coordinates": [135.391778, 33.603278]}, "properties": {"onsen_id": "wdf-Q11641352", "wikidata_id": "Q11641352", "provenance": "wikidata-facility", "name": "道の駅椿はなの湯", "name_has_onsen": true, "facility_class": "道の駅・日帰り入浴施設", "spring_quality": null, "temperature_c": null, "discharge_l_min": null, "ph": null, "spring_type": null, "source_depth_m": null, "elevation_m": 26.7, "slope_deg": 7.44, "aspect_deg": 8.4, "local_relief_m": 78.6, "elevation_source": "GSI dem_png z14", "local_relief_window_m": 255, "geology_symbol": "N1_soss", "geology_group": "堆積岩", "geology_lithology": "海成層 砂岩", "geology_age": "新生代 新第三紀 中新世 バーディガリアン期〜前期ランギアン期", "geology_color": "#fff246", "nearest_volcano": "三瓶山", "distance_to_volcano_km": 306.34, "vegetation_mesh": "50353321", "vegetation_community": "市街地", "vegetation_naturalness": "01", "vegetation_naturalness_label": "市街地・造成地等", "vegetation_zone": "その他", "distance_to_river_km": 0.461, "nearest_river": "朝来帰川", "distance_to_lake_km": 17.253, "nearest_lake": "合川貯水池"}}, {"type": "Feature", "id": "wdf-Q11641713", "geometry": {"type": "Point", "coordinates": [132.786222, 33.851972]}, "properties": {"onsen_id": "wdf-Q11641713", "wikidata_id": "Q11641713", "provenance": "wikidata-facility", "name": "道後温泉本館", "name_has_onsen": true, "facility_class": "共同浴場", "spring_quality": null, "temperature_c": null, "discharge_l_min": null, "ph": null, "spring_type": null, "source_depth_m": null, "elevation_m": 46.1, "slope_deg": 4.64, "aspect_deg": 322.3, "local_relief_m": 28.0, "elevation_source": "GSI dem_png z14", "local_relief_window_m": 254, "geology_symbol": "K21_pim_a", "geology_group": "火成岩", "geology_lithology": "花崗閃緑岩・トーナル岩 塊状 島弧・大陸", "geology_age": "中生代 後期白亜紀 セノマニアン期〜サントニアン期", "geology_color": "#f2406a", "nearest_volcano": "鶴見岳・伽藍岳", "distance_to_volcano_km": 140.48, "vegetation_mesh": "50326622", "vegetation_community": "市街地", "vegetation_naturalness": "01", "vegetation_naturalness_label": "市街地・造成地等", "vegetation_zone": "その他", "distance_to_river_km": 0.019, "nearest_river": "宮前川", "distance_to_lake_km": 5.583, "nearest_lake": "白鷺湖"}}, {"type": "Feature", "id": "wdf-Q11669400", "geometry": {"type": "Point", "coordinates": [138.954389, 36.622528]}, "properties": {"onsen_id": "wdf-Q11669400", "wikidata_id": "Q11669400", "provenance": "wikidata-facility", "name": "高山温泉ふれあいプラザ", "name_has_onsen": true, "facility_class": "道の駅・日帰り入浴施設", "spring_quality": null, "temperature_c": null, "discharge_l_min": null, "ph": null, "spring_type": null, "source_depth_m": null, "elevation_m": 562.8, "slope_deg": 2.29, "aspect_deg": 337.7, "local_relief_m": 27.7, "elevation_source": "GSI dem_png z14", "local_relief_window_m": 245, "geology_symbol": "Q1-H_v_af", "geology_group": "火成岩", "geology_lithology": "火山岩 火山麓扇状地堆積物", "geology_age": "新生代 第四紀 更新世 ジェラシアン期〜完新世", "geology_color": "#fffadc", "nearest_volcano": "榛名山", "distance_to_volcano_km": 18.63, "vegetation_mesh": "54387746", "vegetation_community": "水田雑草群落", "vegetation_naturalness": "02", "vegetation_naturalness_label": "農耕地（水田・畑）／緑の多い住宅地", "vegetation_zone": "植林地・耕作地植生", "distance_to_river_km": 0.137, "nearest_river": "名久田川", "distance_to_lake_km": 11.401, "nearest_lake": "赤谷湖"}}, {"type": "Feature", "id": "wdf-Q17193251", "geometry": {"type": "Point", "coordinates": [136.129778, 34.761889]}, "properties": {"onsen_id": "wdf-Q17193251", "wikidata_id": "Q17193251", "provenance": "wikidata-facility", "name": "一乃湯", "name_has_onsen": true, "facility_class": "公衆浴場", "spring_quality": null, "temperature_c": null, "discharge_l_min": null, "ph": null, "spring_type": null, "source_depth_m": null, "elevation_m": 148.5, "slope_deg": 0.21, "aspect_deg": 15.3, "local_relief_m": 3.2, "elevation_source": "GSI dem_png z14", "local_relief_window_m": 251, "geology_symbol": "Q32-33_std", "geology_group": "堆積岩", "geology_lithology": "段丘堆積物", "geology_age": "新生代 第四紀 後期更新世中期〜後期更新世後期", "geology_color": "#c8ffaa", "nearest_volcano": "白山", "distance_to_volcano_km": 165.43, "vegetation_mesh": "52361110", "vegetation_community": "市街地", "vegetation_naturalness": "01", "vegetation_naturalness_label": "市街地・造成地等", "vegetation_zone": "その他", "distance_to_river_km": 0.584, "nearest_river": "久米川", "distance_to_lake_km": 12.947, "nearest_lake": "田代湖"}}, {"type": "Feature", "id": "wdf-Q17209049", "geometry": {"type": "Point", "coordinates": [140.736667, 41.839861]}, "properties": {"onsen_id": "wdf-Q17209049", "wikidata_id": "Q17209049", "provenance": "wikidata-facility", "name": "湯元 花の湯", "name_has_onsen": true, "facility_class": "日帰り入浴施設", "spring_quality": null, "temperature_c": null, "discharge_l_min": null, "ph": null, "spring_type": null, "source_depth_m": null, "elevation_m": 46.3, "slope_deg": 1.75, "aspect_deg": 153.4, "local_relief_m": 6.4, "elevation_source": "GSI dem_png z14", "local_relief_window_m": 228, "geology_symbol": "Q31_std", "geology_group": "堆積岩", "geology_lithology": "段丘堆積物", "geology_age": "新生代 第四紀 後期更新世前期", "geology_color": "#c8ff7a", "nearest_volcano": "北海道駒ヶ岳", "distance_to_volcano_km": 25.3, "vegetation_mesh": "62406508", "vegetation_community": "水田", "vegetation_naturalness": "02", "vegetation_naturalness_label": "農耕地（水田・畑）／緑の多い住宅地", "vegetation_zone": "植林地・耕作地植生", "distance_to_river_km": 0.308, "nearest_river": "常盤川", "distance_to_lake_km": 14.726, "nearest_lake": "小沼"}}, {"type": "Feature", "id": "wdf-Q17216171", "geometry": {"type": "Point", "coordinates": [139.772889, 35.705472]}, "properties": {"onsen_id": "wdf-Q17216171", "wikidata_id": "Q17216171", "provenance": "wikidata-facility", "name": "燕湯", "name_has_onsen": true, "facility_class": "銭湯", "spring_quality": null, "temperature_c": null, "discharge_l_min": null, "ph": null, "spring_type": null, "source_depth_m": null, "elevation_m": 4.3, "slope_deg": 0.22, "aspect_deg": 180.0, "local_relief_m": 0.5, "elevation_source": "GSI dem_png z14", "local_relief_window_m": 248, "geology_symbol": "H_sad", "geology_group": "堆積岩", "geology_lithology": "谷底平野・山間盆地・河川・海岸平野堆積物", "geology_age": "新生代 第四紀 完新世", "geology_color": "#e6ffff", "nearest_volcano": "箱根山", "distance_to_volcano_km": 86.0, "vegetation_mesh": "53394641", "vegetation_community": "市街地", "vegetation_naturalness": "01", "vegetation_naturalness_label": "市街地・造成地等", "vegetation_zone": "その他", "distance_to_river_km": 0.854, "nearest_river": "神田川", "distance_to_lake_km": 26.675, "nearest_lake": "手賀沼"}}, {"type": "Feature", "id": "wdf-Q17218131", "geometry": {"type": "Point", "coordinates": [140.941667, 42.340556]}, "properties": {"onsen_id": "wdf-Q17218131", "wikidata_id": "Q17218131", "provenance": "wikidata-facility", "name": "むろらん温泉ゆらら", "name_has_onsen": true, "facility_class": "日帰り入浴施設", "spring_quality": null, "temperature_c": null, "discharge_l_min": null, "ph": null, "spring_type": null, "source_depth_m": null, "elevation_m": 4.7, "slope_deg": 3.67, "aspect_deg": 325.8, "local_relief_m": 32.6, "elevation_source": "GSI dem_png z14", "local_relief_window_m": 226, "geology_symbol": null, "geology_group": null, "geology_lithology": null, "geology_age": null, "geology_color": null, "nearest_volcano": "有珠山", "distance_to_volcano_km": 24.14, "vegetation_mesh": "63404705", "vegetation_community": "伐跡群落", "vegetation_naturalness": "04", "vegetation_naturalness_label": "二次草原（背の低い草原）", "vegetation_zone": "ブナクラス域代償植生", "distance_to_river_km": 0.241, "nearest_river": "絵鞆川", "distance_to_lake_km": 14.28, "nearest_lake": "室蘭工業用水池"}}, {"type": "Feature", "id": "wdf-Q17990566", "geometry": {"type": "Point", "coordinates": [131.8422, 34.015686]}, "properties": {"onsen_id": "wdf-Q17990566", "wikidata_id": "Q17990566", "provenance": "wikidata-facility", "name": "くだまつ健康パーク", "name_has_onsen": false, "facility_class": "健康ランド", "spring_quality": null, "temperature_c": null, "discharge_l_min": null, "ph": null, "spring_type": null, "source_depth_m": null, "elevation_m": 4.2, "slope_deg": 0.66, "aspect_deg": 128.3, "local_relief_m": 3.0, "elevation_source": "GSI dem_png z14", "local_relief_window_m": 253, "geology_symbol": "H2_or", "geology_group": "その他", "geology_lithology": "盛り土・埋立地・干拓地", "geology_age": "新生代 第四紀 後期完新世", "geology_color": "#f4dfca", "nearest_volcano": "阿武火山群", "distance_to_volcano_km": 62.92, "vegetation_mesh": "51310617", "vegetation_community": "工場地帯", "vegetation_naturalness": "01", "vegetation_naturalness_label": "市街地・造成地等", "vegetation_zone": "その他", "distance_to_river_km": 0.085, "nearest_river": "末武川", "distance_to_lake_km": 5.307, "nearest_lake": "米泉湖"}}, {"type": "Feature", "id": "wdf-Q20043546", "geometry": {"type": "Point", "coordinates": [141.443889, 38.446639]}, "properties": {"onsen_id": "wdf-Q20043546", "wikidata_id": "Q20043546", "provenance": "wikidata-facility", "name": "女川温泉ゆぽっぽ", "name_has_onsen": true, "facility_class": "日帰り入浴施設", "spring_quality": null, "temperature_c": null, "discharge_l_min": null, "ph": null, "spring_type": null, "source_depth_m": null, "elevation_m": 9.3, "slope_deg": 0.64, "aspect_deg": 62.3, "local_relief_m": 33.6, "elevation_source": "GSI dem_png z14", "local_relief_window_m": 239, "geology_symbol": "H_sad", "geology_group": "堆積岩", "geology_lithology": "谷底平野・山間盆地・河川・海岸平野堆積物", "geology_age": "新生代 第四紀 完新世", "geology_color": "#e6ffff", "nearest_volcano": "鳴子", "distance_to_volcano_km": 69.23, "vegetation_mesh": "57415335", "vegetation_community": "スギ・ヒノキ植林", "vegetation_naturalness": "06", "vegetation_naturalness_label": "植林地", "vegetation_zone": "植林地・耕作地植生", "distance_to_river_km": 0.38, "nearest_river": "女川", "distance_to_lake_km": 2.201, "nearest_lake": "万石浦"}}, {"type": "Feature", "id": "wdf-Q21019960", "geometry": {"type": "Point", "coordinates": [139.727222, 35.66125]}, "properties": {"onsen_id": "wdf-Q21019960", "wikidata_id": "Q21019960", "provenance": "wikidata-facility", "name": "六本木天然温泉zaboo", "name_has_onsen": true, "facility_class": "公衆浴場", "spring_quality": null, "temperature_c": null, "discharge_l_min": null, "ph": null, "spring_type": null, "source_depth_m": null, "elevation_m": 30.0, "slope_deg": 0.33, "aspect_deg": 340.6, "local_relief_m": 10.3, "elevation_source": "GSI dem_png z14", "local_relief_window_m": 248, "geology_symbol": "Q3_sb", "geology_group": "堆積岩", "geology_lithology": "汽水成層ないし海成・非海成混合層", "geology_age": "新生代 第四紀 後期更新世", "geology_color": "#dcffd2", "nearest_volcano": "箱根山", "distance_to_volcano_km": 79.75, "vegetation_mesh": "53393598", "vegetation_community": "市街地", "vegetation_naturalness": "01", "vegetation_naturalness_label": "市街地・造成地等", "vegetation_zone": "その他", "distance_to_river_km": 1.17, "nearest_river": "古川", "distance_to_lake_km": 28.247, "nearest_lake": "村山貯水池（多摩湖）"}}, {"type": "Feature", "id": "wdf-Q21652536", "geometry": {"type": "Point", "coordinates": [138.718444, 36.354083]}, "properties": {"onsen_id": "wdf-Q21652536", "wikidata_id": "Q21652536", "provenance": "wikidata-facility", "name": "碓氷峠の森公園交流館「峠の湯」", "name_has_onsen": false, "facility_class": "日帰り入浴施設", "spring_quality": null, "temperature_c": null, "discharge_l_min": null, "ph": null, "spring_type": null, "source_depth_m": null, "elevation_m": 480.0, "slope_deg": 7.2, "aspect_deg": 32.0, "local_relief_m": 37.1, "elevation_source": "GSI dem_png z14", "local_relief_window_m": 246, "geology_symbol": "Q32-33_std", "geology_group": "堆積岩", "geology_lithology": "段丘堆積物", "geology_age": "新生代 第四紀 後期更新世中期〜後期更新世後期", "geology_color": "#c8ffaa", "nearest_volcano": "榛名山", "distance_to_volcano_km": 18.1, "vegetation_mesh": "54384527", "vegetation_community": "スギ・ヒノキ植林", "vegetation_naturalness": "06", "vegetation_naturalness_label": "植林地", "vegetation_zone": "植林地・耕作地植生", "distance_to_river_km": 0.171, "nearest_river": "霧積川", "distance_to_lake_km": 0.942, "nearest_lake": "碓氷湖"}}, {"type": "Feature", "id": "wdf-Q21653275", "geometry": {"type": "Point", "coordinates": [140.535389, 38.146222]}, "properties": {"onsen_id": "wdf-Q21653275", "wikidata_id": "Q21653275", "provenance": "wikidata-facility", "name": "じゃっぽの湯", "name_has_onsen": true, "facility_class": "日帰り入浴施設", "spring_quality": null, "temperature_c": null, "discharge_l_min": null, "ph": null, "spring_type": null, "source_depth_m": null, "elevation_m": 502.0, "slope_deg": 5.47, "aspect_deg": 330.0, "local_relief_m": 44.8, "elevation_source": "GSI dem_png z14", "local_relief_window_m": 240, "geology_symbol": "N1_vas_al", "geology_group": "火成岩", "geology_lithology": "デイサイト・流紋岩 溶岩・火砕岩", "geology_age": "新生代 新第三紀 中新世 バーディガリアン期〜前期ランギアン期", "geology_color": "#ffe56e", "nearest_volcano": "蔵王山", "distance_to_volcano_km": 8.35, "vegetation_mesh": "57401472", "vegetation_community": "コナラ群落", "vegetation_naturalness": "07", "vegetation_naturalness_label": "二次林", "vegetation_zone": "ヤブツバキクラス域代償植生", "distance_to_river_km": 0.789, "nearest_river": null, "distance_to_lake_km": 12.236, "nearest_lake": "釜房湖"}}, {"type": "Feature", "id": "wdf-Q21653426", "geometry": {"type": "Point", "coordinates": [135.491528, 34.801167]}, "properties": {"onsen_id": "wdf-Q21653426", "wikidata_id": "Q21653426", "provenance": "wikidata-facility", "name": "太陽温泉", "name_has_onsen": true, "facility_class": "スーパー銭湯", "spring_quality": null, "temperature_c": null, "discharge_l_min": null, "ph": null, "spring_type": null, "source_depth_m": null, "elevation_m": 57.7, "slope_deg": 3.33, "aspect_deg": 113.2, "local_relief_m": 15.2, "elevation_source": "GSI dem_png z14", "local_relief_window_m": 251, "geology_symbol": "Q1-21_sn", "geology_group": "堆積岩", "geology_lithology": "非海成層", "geology_age": "新生代 第四紀 更新世 ジェラシアン期〜前期チバニアン期", "geology_color": "#ffffdc", "nearest_volcano": "白山", "distance_to_volcano_km": 189.96, "vegetation_mesh": "52351369", "vegetation_community": "市街地", "vegetation_naturalness": "01", "vegetation_naturalness_label": "市街地・造成地等", "vegetation_zone": "その他", "distance_to_river_km": 0.415, "nearest_river": "天竺川", "distance_to_lake_km": 13.205, "nearest_lake": "知明湖"}}, {"type": "Feature", "id": "wdf-Q22125910", "geometry": {"type": "Point", "coordinates": [135.716389, 34.412778]}, "properties": {"onsen_id": "wdf-Q22125910", "wikidata_id": "Q22125910", "provenance": "wikidata-facility", "name": "かもきみの湯", "name_has_onsen": true, "facility_class": "日帰り入浴施設", "spring_quality": null, "temperature_c": null, "discharge_l_min": null, "ph": null, "spring_type": null, "source_depth_m": null, "elevation_m": 212.5, "slope_deg": 4.51, "aspect_deg": 314.5, "local_relief_m": 27.1, "elevation_source": "GSI dem_png z14", "local_relief_window_m": 252, "geology_symbol": "Q31_std", "geology_group": "堆積岩", "geology_lithology": "段丘堆積物", "geology_age": "新生代 第四紀 後期更新世前期", "geology_color": "#c8ff7a", "nearest_volcano": "白山", "distance_to_volcano_km": 216.08, "vegetation_mesh": "51354597", "vegetation_community": "水田雑草群落", "vegetation_naturalness": "02", "vegetation_naturalness_label": "農耕地（水田・畑）／緑の多い住宅地", "vegetation_zone": "植林地・耕作地植生", "distance_to_river_km": 0.032, "nearest_river": "深谷川", "distance_to_lake_km": 15.721, "nearest_lake": "津風呂湖"}}, {"type": "Feature", "id": "wdf-Q24898011", "geometry": {"type": "Point", "coordinates": [131.47932, 33.31443]}, "properties": {"onsen_id": "wdf-Q24898011", "wikidata_id": "Q24898011", "provenance": "wikidata-facility", "name": "ひょうたん温泉", "name_has_onsen": true, "facility_class": "日帰り入浴施設", "spring_quality": null, "temperature_c": null, "discharge_l_min": null, "ph": null, "spring_type": null, "source_depth_m": null, "elevation_m": 104.3, "slope_deg": 6.02, "aspect_deg": 94.7, "local_relief_m": 27.1, "elevation_source": "GSI dem_png z14", "local_relief_window_m": 256, "geology_symbol": "Q1-H_v_af", "geology_group": "火成岩", "geology_lithology": "火山岩 火山麓扇状地堆積物", "geology_age": "新生代 第四紀 更新世 ジェラシアン期〜完新世", "geology_color": "#fffadc", "nearest_volcano": "鶴見岳・伽藍岳", "distance_to_volcano_km": 5.51, "vegetation_mesh": "49317378", "vegetation_community": "市街地", "vegetation_naturalness": "01", "vegetation_naturalness_label": "市街地・造成地等", "vegetation_zone": "その他", "distance_to_river_km": 0.018, "nearest_river": "平田川", "distance_to_lake_km": 5.968, "nearest_lake": "志高湖"}}, {"type": "Feature", "id": "wdf-Q28684616", "geometry": {"type": "Point", "coordinates": [140.094444, 37.389444]}, "properties": {"onsen_id": "wdf-Q28684616", "wikidata_id": "Q28684616", "provenance": "wikidata-facility", "name": "サニーランド湖南", "name_has_onsen": false, "facility_class": "日帰り入浴施設", "spring_quality": null, "temperature_c": null, "discharge_l_min": null, "ph": null, "spring_type": null, "source_depth_m": null, "elevation_m": 564.4, "slope_deg": 32.97, "aspect_deg": 222.5, "local_relief_m": 74.5, "elevation_source": "GSI dem_png z14", "local_relief_window_m": 243, "geology_symbol": "Q12_vas_ap", "geology_group": "火成岩", "geology_lithology": "デイサイト・流紋岩 大規模火砕流", "geology_age": "新生代 第四紀 更新世 カラブリアン期", "geology_color": "#ffe2cd", "nearest_volcano": "磐梯山", "distance_to_volcano_km": 23.61, "vegetation_mesh": "56400067", "vegetation_community": "畑地雑草群落", "vegetation_naturalness": "02", "vegetation_naturalness_label": "農耕地（水田・畑）／緑の多い住宅地", "vegetation_zone": "植林地・耕作地植生", "distance_to_river_km": 0.811, "nearest_river": "菅川", "distance_to_lake_km": 2.707, "nearest_lake": "猪苗代湖"}}, {"type": "Feature", "id": "wdf-Q28688647", "geometry": {"type": "Point", "coordinates": [138.067083, 34.648611]}, "properties": {"onsen_id": "wdf-Q28688647", "wikidata_id": "Q28688647", "provenance": "wikidata-facility", "name": "掛川市健康ふれあい館", "name_has_onsen": false, "facility_class": "日帰り入浴施設", "spring_quality": null, "temperature_c": null, "discharge_l_min": null, "ph": null, "spring_type": null, "source_depth_m": null, "elevation_m": 5.2, "slope_deg": 0.24, "aspect_deg": 116.6, "local_relief_m": 7.7, "elevation_source": "GSI dem_png z14", "local_relief_window_m": 252, "geology_symbol": "H_sad", "geology_group": "堆積岩", "geology_lithology": "谷底平野・山間盆地・河川・海岸平野堆積物", "geology_age": "新生代 第四紀 完新世", "geology_color": "#e6ffff", "nearest_volcano": "伊豆東部火山群", "distance_to_volcano_km": 98.05, "vegetation_mesh": "51387075", "vegetation_community": "ヨシクラス", "vegetation_naturalness": "10", "vegetation_naturalness_label": "自然草原", "vegetation_zone": "河辺・湿原・沼沢地・砂丘植生", "distance_to_river_km": 0.099, "nearest_river": "高松川", "distance_to_lake_km": 34.68, "nearest_lake": "佐鳴湖"}}, {"type": "Feature", "id": "wdf-Q28692304", "geometry": {"type": "Point", "coordinates": [133.820333, 35.432889]}, "properties": {"onsen_id": "wdf-Q28692304", "wikidata_id": "Q28692304", "provenance": "wikidata-facility", "name": "大社湯", "name_has_onsen": true, "facility_class": "公衆浴場", "spring_quality": null, "temperature_c": null, "discharge_l_min": null, "ph": null, "spring_type": null, "source_depth_m": null, "elevation_m": 19.3, "slope_deg": 0.34, "aspect_deg": 17.4, "local_relief_m": 1.4, "elevation_source": "GSI dem_png z14", "local_relief_window_m": 249, "geology_symbol": "H_sad", "geology_group": "堆積岩", "geology_lithology": "谷底平野・山間盆地・河川・海岸平野堆積物", "geology_age": "新生代 第四紀 完新世", "geology_color": "#e6ffff", "nearest_volcano": "三瓶山", "distance_to_volcano_km": 113.51, "vegetation_mesh": "53331615", "vegetation_community": "市街地", "vegetation_naturalness": "01", "vegetation_naturalness_label": "市街地・造成地等", "vegetation_zone": "その他", "distance_to_river_km": 0.066, "nearest_river": null, "distance_to_lake_km": 6.708, "nearest_lake": "東郷池"}}, {"type": "Feature", "id": "wdf-Q29570192", "geometry": {"type": "Point", "coordinates": [139.736969, 35.747093]}, "properties": {"onsen_id": "wdf-Q29570192", "wikidata_id": "Q29570192", "provenance": "wikidata-facility", "name": "つるの湯", "name_has_onsen": true, "facility_class": "銭湯", "spring_quality": null, "temperature_c": null, "discharge_l_min": null, "ph": null, "spring_type": null, "source_depth_m": null, "elevation_m": 18.8, "slope_deg": 0.38, "aspect_deg": 131.1, "local_relief_m": 2.8, "elevation_source": "GSI dem_png z14", "local_relief_window_m": 248, "geology_symbol": "Q31_std", "geology_group": "堆積岩", "geology_lithology": "段丘堆積物", "geology_age": "新生代 第四紀 後期更新世前期", "geology_color": "#c8ff7a", "nearest_volcano": "箱根山", "distance_to_volcano_km": 86.43, "vegetation_mesh": "53394598", "vegetation_community": "市街地", "vegetation_naturalness": "01", "vegetation_naturalness_label": "市街地・造成地等", "vegetation_zone": "その他", "distance_to_river_km": 0.559, "nearest_river": "石神井川", "distance_to_lake_km": 26.588, "nearest_lake": "手賀沼"}}, {"type": "Feature", "id": "wdf-Q38278632", "geometry": {"type": "Point", "coordinates": [136.992028, 34.984111]}, "properties": {"onsen_id": "wdf-Q38278632", "wikidata_id": "Q38278632", "provenance": "wikidata-facility", "name": "上天温泉", "name_has_onsen": true, "facility_class": "公衆浴場", "spring_quality": null, "temperature_c": null, "discharge_l_min": null, "ph": null, "spring_type": null, "source_depth_m": null, "elevation_m": 10.0, "slope_deg": 0.04, "aspect_deg": 333.4, "local_relief_m": 1.6, "elevation_source": "GSI dem_png z14", "local_relief_window_m": 251, "geology_symbol": "Q31_std", "geology_group": "堆積岩", "geology_lithology": "段丘堆積物", "geology_age": "新生代 第四紀 後期更新世前期", "geology_color": "#c8ff7a", "nearest_volcano": "御嶽山", "distance_to_volcano_km": 110.31, "vegetation_mesh": "52363789", "vegetation_community": "市街地", "vegetation_naturalness": "01", "vegetation_naturalness_label": "市街地・造成地等", "vegetation_zone": "その他", "distance_to_river_km": 0.153, "nearest_river": "元刈谷川", "distance_to_lake_km": 16.467, "nearest_lake": "愛知池"}}, {"type": "Feature", "id": "wdf-Q48744285", "geometry": {"type": "Point", "coordinates": [139.7775, 35.615444]}, "properties": {"onsen_id": "wdf-Q48744285", "wikidata_id": "Q48744285", "provenance": "wikidata-facility", "name": "東京お台場 大江戸温泉物語", "name_has_onsen": true, "facility_class": "日帰り入浴施設", "spring_quality": null, "temperature_c": null, "discharge_l_min": null, "ph": null, "spring_type": null, "source_depth_m": null, "elevation_m": 3.7, "slope_deg": 1.08, "aspect_deg": 215.3, "local_relief_m": 4.6, "elevation_source": "GSI dem_png z14", "local_relief_window_m": 249, "geology_symbol": "H2_or", "geology_group": "その他", "geology_lithology": "盛り土・埋立地・干拓地", "geology_age": "新生代 第四紀 後期完新世", "geology_color": "#f4dfca", "nearest_volcano": "箱根山", "distance_to_volcano_km": 80.67, "vegetation_mesh": "53393632", "vegetation_community": "造成地", "vegetation_naturalness": "01", "vegetation_naturalness_label": "市街地・造成地等", "vegetation_zone": "その他", "distance_to_river_km": 1.62, "nearest_river": "目黒川", "distance_to_lake_km": 33.95, "nearest_lake": "手賀沼"}}, {"type": "Feature", "id": "wdf-Q51149755", "geometry": {"type": "Point", "coordinates": [137.839639, 36.347972]}, "properties": {"onsen_id": "wdf-Q51149755", "wikidata_id": "Q51149755", "provenance": "wikidata-facility", "name": "安曇野しゃくなげの湯", "name_has_onsen": true, "facility_class": "日帰り入浴施設", "spring_quality": null, "temperature_c": null, "discharge_l_min": null, "ph": null, "spring_type": null, "source_depth_m": null, "elevation_m": 601.3, "slope_deg": 4.46, "aspect_deg": 86.5, "local_relief_m": 16.7, "elevation_source": "GSI dem_png z14", "local_relief_window_m": 246, "geology_symbol": "Q32-33_std", "geology_group": "堆積岩", "geology_lithology": "段丘堆積物", "geology_age": "新生代 第四紀 後期更新世中期〜後期更新世後期", "geology_color": "#c8ffaa", "nearest_volcano": "焼岳", "distance_to_volcano_km": 26.34, "vegetation_mesh": "54374617", "vegetation_community": "水田雑草群落", "vegetation_naturalness": "02", "vegetation_naturalness_label": "農耕地（水田・畑）／緑の多い住宅地", "vegetation_zone": "植林地・耕作地植生", "distance_to_river_km": 0.17, "nearest_river": "富士尾沢川", "distance_to_lake_km": 18.171, "nearest_lake": "美鈴湖"}}, {"type": "Feature", "id": "wdf-Q60990511", "geometry": {"type": "Point", "coordinates": [136.845556, 35.183056]}, "properties": {"onsen_id": "wdf-Q60990511", "wikidata_id": "Q60990511", "provenance": "wikidata-facility", "name": "湯吉郎", "name_has_onsen": false, "facility_class": "日帰り入浴施設", "spring_quality": null, "temperature_c": null, "discharge_l_min": null, "ph": null, "spring_type": null, "source_depth_m": null, "elevation_m": 3.3, "slope_deg": 0.15, "aspect_deg": 270.0, "local_relief_m": 0.8, "elevation_source": "GSI dem_png z14", "local_relief_window_m": 250, "geology_symbol": "H_svd", "geology_group": "堆積岩", "geology_lithology": "自然堤防堆積物", "geology_age": "新生代 第四紀 完新世", "geology_color": "#f5ffe6", "nearest_volcano": "御嶽山", "distance_to_volcano_km": 97.61, "vegetation_mesh": "52366617", "vegetation_community": "工場地帯", "vegetation_naturalness": "01", "vegetation_naturalness_label": "市街地・造成地等", "vegetation_zone": "その他", "distance_to_river_km": 0.077, "nearest_river": "新川", "distance_to_lake_km": 21.362, "nearest_lake": "愛知池"}}, {"type": "Feature", "id": "wdf-Q63712929", "geometry": {"type": "Point", "coordinates": [136.987756, 35.224402]}, "properties": {"onsen_id": "wdf-Q63712929", "wikidata_id": "Q63712929", "provenance": "wikidata-facility", "name": "竜泉寺の湯名古屋守山本店", "name_has_onsen": false, "facility_class": "スーパー銭湯", "spring_quality": null, "temperature_c": null, "discharge_l_min": null, "ph": null, "spring_type": null, "source_depth_m": null, "elevation_m": 61.2, "slope_deg": 4.25, "aspect_deg": 11.9, "local_relief_m": 65.0, "elevation_source": "GSI dem_png z14", "local_relief_window_m": 250, "geology_symbol": "N3_sns", "geology_group": "堆積岩", "geology_lithology": "非海成層 砂岩，砂岩泥岩互層ないし砂岩・泥岩", "geology_age": "新生代 新第三紀 中新世 メッシニアン期〜鮮新世", "geology_color": "#ffe6be", "nearest_volcano": "御嶽山", "distance_to_volcano_km": 86.66, "vegetation_mesh": "52366769", "vegetation_community": "クロマツ植林", "vegetation_naturalness": "06", "vegetation_naturalness_label": "植林地", "vegetation_zone": "植林地・耕作地植生", "distance_to_river_km": 0.181, "nearest_river": "庄内川", "distance_to_lake_km": 12.239, "nearest_lake": "入鹿池"}}, {"type": "Feature", "id": "wdf-Q65242677", "geometry": {"type": "Point", "coordinates": [139.07475, 35.090935]}, "properties": {"onsen_id": "wdf-Q65242677", "wikidata_id": "Q65242677", "provenance": "wikidata-facility", "name": "マリンスパあたみ", "name_has_onsen": false, "facility_class": "スイミングセンター・ウォーター・パーク・日帰り入浴施設", "spring_quality": null, "temperature_c": null, "discharge_l_min": null, "ph": null, "spring_type": null, "source_depth_m": null, "elevation_m": 4.2, "slope_deg": 4.88, "aspect_deg": 41.4, "local_relief_m": 30.3, "elevation_source": "GSI dem_png z14", "local_relief_window_m": 250, "geology_symbol": "H_sad", "geology_group": "堆積岩", "geology_lithology": "谷底平野・山間盆地・河川・海岸平野堆積物", "geology_age": "新生代 第四紀 完新世", "geology_color": "#e6ffff", "nearest_volcano": "箱根山", "distance_to_volcano_km": 16.54, "vegetation_mesh": "52395005", "vegetation_community": "市街地", "vegetation_naturalness": "01", "vegetation_naturalness_label": "市街地・造成地等", "vegetation_zone": "その他", "distance_to_river_km": 0.111, "nearest_river": "熱海和田川", "distance_to_lake_km": 11.895, "nearest_lake": "芦ノ湖"}}, {"type": "Feature", "id": "wdf-Q76451983", "geometry": {"type": "Point", "coordinates": [136.911802, 35.221584]}, "properties": {"onsen_id": "wdf-Q76451983", "wikidata_id": "Q76451983", "provenance": "wikidata-facility", "name": "庄内温泉 喜多の湯", "name_has_onsen": true, "facility_class": "スーパー銭湯", "spring_quality": null, "temperature_c": null, "discharge_l_min": null, "ph": null, "spring_type": null, "source_depth_m": null, "elevation_m": 9.7, "slope_deg": 0.27, "aspect_deg": 9.8, "local_relief_m": 2.0, "elevation_source": "GSI dem_png z14", "local_relief_window_m": 250, "geology_symbol": "H_svd", "geology_group": "堆積岩", "geology_lithology": "自然堤防堆積物", "geology_age": "新生代 第四紀 完新世", "geology_color": "#f5ffe6", "nearest_volcano": "御嶽山", "distance_to_volcano_km": 90.64, "vegetation_mesh": "52366762", "vegetation_community": "市街地", "vegetation_naturalness": "01", "vegetation_naturalness_label": "市街地・造成地等", "vegetation_zone": "その他", "distance_to_river_km": 0.123, "nearest_river": "庄内川", "distance_to_lake_km": 14.618, "nearest_lake": "入鹿池"}}, {"type": "Feature", "id": "wdf-Q76452258", "geometry": {"type": "Point", "coordinates": [136.890234, 35.153456]}, "properties": {"onsen_id": "wdf-Q76452258", "wikidata_id": "Q76452258", "provenance": "wikidata-facility", "name": "山王温泉 喜多の湯", "name_has_onsen": true, "facility_class": "スーパー銭湯", "spring_quality": null, "temperature_c": null, "discharge_l_min": null, "ph": null, "spring_type": null, "source_depth_m": null, "elevation_m": 2.4, "slope_deg": 0.0, "aspect_deg": 270.0, "local_relief_m": 1.3, "elevation_source": "GSI dem_png z14", "local_relief_window_m": 250, "geology_symbol": "H_sad", "geology_group": "堆積岩", "geology_lithology": "谷底平野・山間盆地・河川・海岸平野堆積物", "geology_age": "新生代 第四紀 完新世", "geology_color": "#e6ffff", "nearest_volcano": "御嶽山", "distance_to_volcano_km": 98.04, "vegetation_mesh": "52365781", "vegetation_community": "市街地", "vegetation_naturalness": "01", "vegetation_naturalness_label": "市街地・造成地等", "vegetation_zone": "その他", "distance_to_river_km": 0.062, "nearest_river": null, "distance_to_lake_km": 16.584, "nearest_lake": "愛知池"}}, {"type": "Feature", "id": "wdf-Q84468544", "geometry": {"type": "Point", "coordinates": [134.16625, 34.247806]}, "properties": {"onsen_id": "wdf-Q84468544", "wikidata_id": "Q84468544", "provenance": "wikidata-facility", "name": "塚原のから風呂", "name_has_onsen": false, "facility_class": "サウナ風呂", "spring_quality": null, "temperature_c": null, "discharge_l_min": null, "ph": null, "spring_type": null, "source_depth_m": null, "elevation_m": 54.9, "slope_deg": 2.25, "aspect_deg": 312.1, "local_relief_m": 23.8, "elevation_source": "GSI dem_png z14", "local_relief_window_m": 253, "geology_symbol": "Q32-33_std", "geology_group": "堆積岩", "geology_lithology": "段丘堆積物", "geology_age": "新生代 第四紀 後期更新世中期〜後期更新世後期", "geology_color": "#c8ffaa", "nearest_volcano": "三瓶山", "distance_to_volcano_km": 172.61, "vegetation_mesh": "51342193", "vegetation_community": "開放水域", "vegetation_naturalness": "99", "vegetation_naturalness_label": "開放水域", "vegetation_zone": "その他", "distance_to_river_km": 0.634, "nearest_river": "鴨部川", "distance_to_lake_km": 18.156, "nearest_lake": "長柄湖"}}, {"type": "Feature", "id": "wdf-Q85880924", "geometry": {"type": "Point", "coordinates": [138.386111, 36.71]}, "properties": {"onsen_id": "wdf-Q85880924", "wikidata_id": "Q85880924", "provenance": "wikidata-facility", "name": "晋平の里間山温泉公園「ぽんぽこの湯」", "name_has_onsen": true, "facility_class": "日帰り入浴施設", "spring_quality": null, "temperature_c": null, "discharge_l_min": null, "ph": null, "spring_type": null, "source_depth_m": null, "elevation_m": 538.2, "slope_deg": 9.75, "aspect_deg": 294.4, "local_relief_m": 48.0, "elevation_source": "GSI dem_png z14", "local_relief_window_m": 245, "geology_symbol": "Q22-H_sdd", "geology_group": "堆積岩", "geology_lithology": "地すべり堆積物", "geology_age": "新生代 第四紀 後期チバニアン期〜完新世", "geology_color": "#c8e6dc", "nearest_volcano": "草津白根山", "distance_to_volcano_km": 14.63, "vegetation_mesh": "55380350", "vegetation_community": "落葉果樹園", "vegetation_naturalness": "03", "vegetation_naturalness_label": "農耕地（樹園地）", "vegetation_zone": "植林地・耕作地植生", "distance_to_river_km": 0.146, "nearest_river": null, "distance_to_lake_km": 17.972, "nearest_lake": "野尻湖（芙蓉湖）"}}, {"type": "Feature", "id": "wdf-Q86295203", "geometry": {"type": "Point", "coordinates": [138.2975, 36.835278]}, "properties": {"onsen_id": "wdf-Q86295203", "wikidata_id": "Q86295203", "provenance": "wikidata-facility", "name": "体験交流施設 まだらおの湯", "name_has_onsen": true, "facility_class": "日帰り入浴施設", "spring_quality": null, "temperature_c": null, "discharge_l_min": null, "ph": null, "spring_type": null, "source_depth_m": null, "elevation_m": 836.5, "slope_deg": 5.81, "aspect_deg": 90.6, "local_relief_m": 41.6, "elevation_source": "GSI dem_png z14", "local_relief_window_m": 245, "geology_symbol": "Q33-H_sfd", "geology_group": "堆積岩", "geology_lithology": "扇状地・崖錐堆積物", "geology_age": "新生代 第四紀 後期更新世後期〜完新世", "geology_color": "#dcf0c8", "nearest_volcano": "妙高山", "distance_to_volcano_km": 17.46, "vegetation_mesh": "55382203", "vegetation_community": "カラマツ植林", "vegetation_naturalness": "06", "vegetation_naturalness_label": "植林地", "vegetation_zone": "植林地・耕作地植生", "distance_to_river_km": 0.686, "nearest_river": null, "distance_to_lake_km": 4.869, "nearest_lake": "野尻湖（芙蓉湖）"}}, {"type": "Feature", "id": "wdf-Q86744045", "geometry": {"type": "Point", "coordinates": [138.314444, 36.768417]}, "properties": {"onsen_id": "wdf-Q86744045", "wikidata_id": "Q86744045", "provenance": "wikidata-facility", "name": "中野市豊田温泉公園もみじ荘", "name_has_onsen": true, "facility_class": "日帰り入浴施設", "spring_quality": null, "temperature_c": null, "discharge_l_min": null, "ph": null, "spring_type": null, "source_depth_m": null, "elevation_m": 384.6, "slope_deg": 16.19, "aspect_deg": 20.9, "local_relief_m": 70.9, "elevation_source": "GSI dem_png z14", "local_relief_window_m": 245, "geology_symbol": "Q1-21_sb", "geology_group": "堆積岩", "geology_lithology": "汽水成層ないし海成・非海成混合層", "geology_age": "新生代 第四紀 更新世 ジェラシアン期〜前期チバニアン期", "geology_color": "#ffffd2", "nearest_volcano": "妙高山", "distance_to_volcano_km": 22.45, "vegetation_mesh": "55381225", "vegetation_community": "カスミザクラ－コナラ群落", "vegetation_naturalness": "07", "vegetation_naturalness_label": "二次林", "vegetation_zone": "ブナクラス域代償植生", "distance_to_river_km": 0.031, "nearest_river": null, "distance_to_lake_km": 8.938, "nearest_lake": "野尻湖（芙蓉湖）"}}, {"type": "Feature", "id": "wdf-Q90561218", "geometry": {"type": "Point", "coordinates": [136.996208, 34.988548]}, "properties": {"onsen_id": "wdf-Q90561218", "wikidata_id": "Q90561218", "provenance": "wikidata-facility", "name": "刈谷浴場", "name_has_onsen": false, "facility_class": "公衆浴場", "spring_quality": null, "temperature_c": null, "discharge_l_min": null, "ph": null, "spring_type": null, "source_depth_m": null, "elevation_m": 11.3, "slope_deg": 0.93, "aspect_deg": 302.9, "local_relief_m": 4.7, "elevation_source": "GSI dem_png z14", "local_relief_window_m": 250, "geology_symbol": "Q31_std", "geology_group": "堆積岩", "geology_lithology": "段丘堆積物", "geology_age": "新生代 第四紀 後期更新世前期", "geology_color": "#c8ff7a", "nearest_volcano": "御嶽山", "distance_to_volcano_km": 109.71, "vegetation_mesh": "52363789", "vegetation_community": "市街地", "vegetation_naturalness": "01", "vegetation_naturalness_label": "市街地・造成地等", "vegetation_zone": "その他", "distance_to_river_km": 0.722, "nearest_river": "元刈谷川", "distance_to_lake_km": 15.853, "nearest_lake": "愛知池"}}, {"type": "Feature", "id": "wdf-Q96105663", "geometry": {"type": "Point", "coordinates": [136.905695, 35.166376]}, "properties": {"onsen_id": "wdf-Q96105663", "wikidata_id": "Q96105663", "provenance": "wikidata-facility", "name": "ウェルビー栄", "name_has_onsen": false, "facility_class": "サウナ風呂・カプセルホテル", "spring_quality": null, "temperature_c": null, "discharge_l_min": null, "ph": null, "spring_type": null, "source_depth_m": null, "elevation_m": 10.8, "slope_deg": 0.0, "aspect_deg": 270.0, "local_relief_m": 0.9, "elevation_source": "GSI dem_png z14", "local_relief_window_m": 250, "geology_symbol": "Q31_std", "geology_group": "堆積岩", "geology_lithology": "段丘堆積物", "geology_age": "新生代 第四紀 後期更新世前期", "geology_color": "#c8ff7a", "nearest_volcano": "御嶽山", "distance_to_volcano_km": 96.07, "vegetation_mesh": "52365792", "vegetation_community": "市街地", "vegetation_naturalness": "01", "vegetation_naturalness_label": "市街地・造成地等", "vegetation_zone": "その他", "distance_to_river_km": 0.754, "nearest_river": "新堀川", "distance_to_lake_km": 15.59, "nearest_lake": "愛知池"}}, {"type": "Feature", "id": "wdf-Q96323719", "geometry": {"type": "Point", "coordinates": [130.01438, 33.1966]}, "properties": {"onsen_id": "wdf-Q96323719", "wikidata_id": "Q96323719", "provenance": "wikidata-facility", "name": "武雄温泉新館", "name_has_onsen": true, "facility_class": "博物館・公衆浴場", "spring_quality": null, "temperature_c": null, "discharge_l_min": null, "ph": null, "spring_type": null, "source_depth_m": null, "elevation_m": 19.1, "slope_deg": 2.53, "aspect_deg": 125.8, "local_relief_m": 64.3, "elevation_source": "GSI dem_png z14", "local_relief_window_m": 256, "geology_symbol": "Pg3_soss", "geology_group": "堆積岩", "geology_lithology": "海成層 砂岩", "geology_age": "新生代 古第三紀 漸新世 ルペリアン期", "geology_color": "#f7ed19", "nearest_volcano": "雲仙岳", "distance_to_volcano_km": 55.24, "vegetation_mesh": "49306031", "vegetation_community": "緑の多い住宅地", "vegetation_naturalness": "02", "vegetation_naturalness_label": "農耕地（水田・畑）／緑の多い住宅地", "vegetation_zone": "その他", "distance_to_river_km": 0.489, "nearest_river": "富岡川", "distance_to_lake_km": 24.316, "nearest_lake": "野岳湖"}}, {"type": "Feature", "id": "wdf-Q100151662", "geometry": {"type": "Point", "coordinates": [136.937131, 35.167684]}, "properties": {"onsen_id": "wdf-Q100151662", "wikidata_id": "Q100151662", "provenance": "wikidata-facility", "name": "アペゼ", "name_has_onsen": false, "facility_class": "サウナ風呂", "spring_quality": null, "temperature_c": null, "discharge_l_min": null, "ph": null, "spring_type": null, "source_depth_m": null, "elevation_m": 17.9, "slope_deg": 0.25, "aspect_deg": 276.3, "local_relief_m": 1.2, "elevation_source": "GSI dem_png z14", "local_relief_window_m": 250, "geology_symbol": "Q31_std", "geology_group": "堆積岩", "geology_lithology": "段丘堆積物", "geology_age": "新生代 第四紀 後期更新世前期", "geology_color": "#c8ff7a", "nearest_volcano": "御嶽山", "distance_to_volcano_km": 94.43, "vegetation_mesh": "52366704", "vegetation_community": "市街地", "vegetation_naturalness": "01", "vegetation_naturalness_label": "市街地・造成地等", "vegetation_zone": "その他", "distance_to_river_km": 1.464, "nearest_river": "山崎川", "distance_to_lake_km": 12.955, "nearest_lake": "愛知池"}}, {"type": "Feature", "id": "wdf-Q105103578", "geometry": {"type": "Point", "coordinates": [136.897918, 35.194162]}, "properties": {"onsen_id": "wdf-Q105103578", "wikidata_id": "Q105103578", "provenance": "wikidata-facility", "name": "八千代湯", "name_has_onsen": true, "facility_class": "銭湯", "spring_quality": null, "temperature_c": null, "discharge_l_min": null, "ph": null, "spring_type": null, "source_depth_m": null, "elevation_m": 4.0, "slope_deg": 0.0, "aspect_deg": 270.0, "local_relief_m": 0.4, "elevation_source": "GSI dem_png z14", "local_relief_window_m": 250, "geology_symbol": "H_sad", "geology_group": "堆積岩", "geology_lithology": "谷底平野・山間盆地・河川・海岸平野堆積物", "geology_age": "新生代 第四紀 完新世", "geology_color": "#e6ffff", "nearest_volcano": "御嶽山", "distance_to_volcano_km": 93.87, "vegetation_mesh": "52366731", "vegetation_community": "市街地", "vegetation_naturalness": "01", "vegetation_naturalness_label": "市街地・造成地等", "vegetation_zone": "その他", "distance_to_river_km": 0.304, "nearest_river": "堀川", "distance_to_lake_km": 17.426, "nearest_lake": "愛知池"}}, {"type": "Feature", "id": "wdf-Q105409315", "geometry": {"type": "Point", "coordinates": [136.910787, 35.208789]}, "properties": {"onsen_id": "wdf-Q105409315", "wikidata_id": "Q105409315", "provenance": "wikidata-facility", "name": "萩の湯", "name_has_onsen": true, "facility_class": "銭湯", "spring_quality": null, "temperature_c": null, "discharge_l_min": null, "ph": null, "spring_type": null, "source_depth_m": null, "elevation_m": 6.3, "slope_deg": 0.1, "aspect_deg": 185.2, "local_relief_m": 0.8, "elevation_source": "GSI dem_png z14", "local_relief_window_m": 250, "geology_symbol": "H_svd", "geology_group": "堆積岩", "geology_lithology": "自然堤防堆積物", "geology_age": "新生代 第四紀 完新世", "geology_color": "#f5ffe6", "nearest_volcano": "御嶽山", "distance_to_volcano_km": 91.87, "vegetation_mesh": "52366752", "vegetation_community": "オギ群集", "vegetation_naturalness": "10", "vegetation_naturalness_label": "自然草原", "vegetation_zone": "河辺・湿原・沼沢地・砂丘植生", "distance_to_river_km": 0.267, "nearest_river": null, "distance_to_lake_km": 15.899, "nearest_lake": "入鹿池"}}, {"type": "Feature", "id": "wdf-Q106009563", "geometry": {"type": "Point", "coordinates": [139.7244, 35.7447]}, "properties": {"onsen_id": "wdf-Q106009563", "wikidata_id": "Q106009563", "provenance": "wikidata-facility", "name": "稲荷湯", "name_has_onsen": true, "facility_class": "銭湯", "spring_quality": null, "temperature_c": null, "discharge_l_min": null, "ph": null, "spring_type": null, "source_depth_m": null, "elevation_m": 25.3, "slope_deg": 0.01, "aspect_deg": 225.0, "local_relief_m": 0.7, "elevation_source": "GSI dem_png z14", "local_relief_window_m": 248, "geology_symbol": "Q31_std", "geology_group": "堆積岩", "geology_lithology": "段丘堆積物", "geology_age": "新生代 第四紀 後期更新世前期", "geology_color": "#c8ff7a", "nearest_volcano": "箱根山", "distance_to_volcano_km": 85.4, "vegetation_mesh": "53394597", "vegetation_community": "市街地", "vegetation_naturalness": "01", "vegetation_naturalness_label": "市街地・造成地等", "vegetation_zone": "その他", "distance_to_river_km": 0.617, "nearest_river": "石神井川", "distance_to_lake_km": 25.712, "nearest_lake": "村山貯水池（多摩湖）"}}, {"type": "Feature", "id": "wdf-Q106287912", "geometry": {"type": "Point", "coordinates": [137.09881, 35.2232]}, "properties": {"onsen_id": "wdf-Q106287912", "wikidata_id": "Q106287912", "provenance": "wikidata-facility", "name": "日本鉱泉", "name_has_onsen": false, "facility_class": "銭湯", "spring_quality": null, "temperature_c": null, "discharge_l_min": null, "ph": null, "spring_type": null, "source_depth_m": null, "elevation_m": 107.2, "slope_deg": 1.93, "aspect_deg": 355.1, "local_relief_m": 18.4, "elevation_source": "GSI dem_png z14", "local_relief_window_m": 250, "geology_symbol": "N3_snc", "geology_group": "堆積岩", "geology_lithology": "非海成層 礫岩", "geology_age": "新生代 新第三紀 中新世 メッシニアン期〜鮮新世", "geology_color": "#e6e8aa", "nearest_volcano": "御嶽山", "distance_to_volcano_km": 82.07, "vegetation_mesh": "52376067", "vegetation_community": "市街地", "vegetation_naturalness": "01", "vegetation_naturalness_label": "市街地・造成地等", "vegetation_zone": "その他", "distance_to_river_km": 0.118, "nearest_river": "茨川", "distance_to_lake_km": 10.557, "nearest_lake": "愛知池"}}, {"type": "Feature", "id": "wdf-Q106787660", "geometry": {"type": "Point", "coordinates": [136.97928, 35.17894]}, "properties": {"onsen_id": "wdf-Q106787660", "wikidata_id": "Q106787660", "provenance": "wikidata-facility", "name": "らくスパガーデン名古屋", "name_has_onsen": false, "facility_class": "日帰り入浴施設", "spring_quality": null, "temperature_c": null, "discharge_l_min": null, "ph": null, "spring_type": null, "source_depth_m": null, "elevation_m": 69.0, "slope_deg": 5.1, "aspect_deg": 75.5, "local_relief_m": 21.3, "elevation_source": "GSI dem_png z14", "local_relief_window_m": 250, "geology_symbol": "Q1-21_sb", "geology_group": "堆積岩", "geology_lithology": "汽水成層ないし海成・非海成混合層", "geology_age": "新生代 第四紀 更新世 ジェラシアン期〜前期チバニアン期", "geology_color": "#ffffd2", "nearest_volcano": "御嶽山", "distance_to_volcano_km": 91.42, "vegetation_mesh": "52366718", "vegetation_community": "市街地", "vegetation_naturalness": "01", "vegetation_naturalness_label": "市街地・造成地等", "vegetation_zone": "その他", "distance_to_river_km": 0.212, "nearest_river": "千種台川", "distance_to_lake_km": 10.232, "nearest_lake": "愛知池"}}, {"type": "Feature", "id": "wdf-Q106800381", "geometry": {"type": "Point", "coordinates": [137.00664, 35.19285]}, "properties": {"onsen_id": "wdf-Q106800381", "wikidata_id": "Q106800381", "provenance": "wikidata-facility", "name": "香流温泉喜多の湯", "name_has_onsen": true, "facility_class": "スーパー銭湯", "spring_quality": null, "temperature_c": null, "discharge_l_min": null, "ph": null, "spring_type": null, "source_depth_m": null, "elevation_m": 37.9, "slope_deg": 0.92, "aspect_deg": 172.5, "local_relief_m": 3.5, "elevation_source": "GSI dem_png z14", "local_relief_window_m": 250, "geology_symbol": "H_sad", "geology_group": "堆積岩", "geology_lithology": "谷底平野・山間盆地・河川・海岸平野堆積物", "geology_age": "新生代 第四紀 完新世", "geology_color": "#e6ffff", "nearest_volcano": "御嶽山", "distance_to_volcano_km": 88.86, "vegetation_mesh": "52376030", "vegetation_community": "市街地", "vegetation_naturalness": "01", "vegetation_naturalness_label": "市街地・造成地等", "vegetation_zone": "その他", "distance_to_river_km": 0.277, "nearest_river": "香流川", "distance_to_lake_km": 9.588, "nearest_lake": "愛知池"}}, {"type": "Feature", "id": "wdf-Q109426457", "geometry": {"type": "Point", "coordinates": [139.86585, 35.7683]}, "properties": {"onsen_id": "wdf-Q109426457", "wikidata_id": "Q109426457", "provenance": "wikidata-facility", "name": "金町湯", "name_has_onsen": true, "facility_class": "銭湯", "spring_quality": null, "temperature_c": null, "discharge_l_min": null, "ph": null, "spring_type": null, "source_depth_m": null, "elevation_m": 1.1, "slope_deg": 0.13, "aspect_deg": 225.0, "local_relief_m": 0.5, "elevation_source": "GSI dem_png z14", "local_relief_window_m": 248, "geology_symbol": "H_sad", "geology_group": "堆積岩", "geology_lithology": "谷底平野・山間盆地・河川・海岸平野堆積物", "geology_age": "新生代 第四紀 完新世", "geology_color": "#e6ffff", "nearest_volcano": "箱根山", "distance_to_volcano_km": 96.91, "vegetation_mesh": "53395629", "vegetation_community": "市街地", "vegetation_naturalness": "01", "vegetation_naturalness_label": "市街地・造成地等", "vegetation_zone": "その他", "distance_to_river_km": 0.447, "nearest_river": null, "distance_to_lake_km": 15.77, "nearest_lake": "手賀沼"}}, {"type": "Feature", "id": "wdf-Q110033985", "geometry": {"type": "Point", "coordinates": [139.79427, 35.75593]}, "properties": {"onsen_id": "wdf-Q110033985", "wikidata_id": "Q110033985", "provenance": "wikidata-facility", "name": "タカラ湯", "name_has_onsen": true, "facility_class": "銭湯", "spring_quality": null, "temperature_c": null, "discharge_l_min": null, "ph": null, "spring_type": null, "source_depth_m": null, "elevation_m": 1.6, "slope_deg": 0.21, "aspect_deg": 92.5, "local_relief_m": 1.1, "elevation_source": "GSI dem_png z14", "local_relief_window_m": 248, "geology_symbol": "H_sad", "geology_group": "堆積岩", "geology_lithology": "谷底平野・山間盆地・河川・海岸平野堆積物", "geology_age": "新生代 第四紀 完新世", "geology_color": "#e6ffff", "nearest_volcano": "箱根山", "distance_to_volcano_km": 91.0, "vegetation_mesh": "53395603", "vegetation_community": "路傍雑草群落", "vegetation_naturalness": "04", "vegetation_naturalness_label": "二次草原（背の低い草原）", "vegetation_zone": "ヤブツバキクラス域代償植生", "distance_to_river_km": 0.376, "nearest_river": "荒川", "distance_to_lake_km": 21.681, "nearest_lake": "手賀沼"}}, {"type": "Feature", "id": "wdf-Q110258304", "geometry": {"type": "Point", "coordinates": [139.761778, 35.734611]}, "properties": {"onsen_id": "wdf-Q110258304", "wikidata_id": "Q110258304", "provenance": "wikidata-facility", "name": "千歳湯", "name_has_onsen": true, "facility_class": "銭湯", "spring_quality": null, "temperature_c": null, "discharge_l_min": null, "ph": null, "spring_type": null, "source_depth_m": null, "elevation_m": 17.2, "slope_deg": 4.57, "aspect_deg": 215.3, "local_relief_m": 16.3, "elevation_source": "GSI dem_png z14", "local_relief_window_m": 248, "geology_symbol": "Q31_std", "geology_group": "堆積岩", "geology_lithology": "段丘堆積物", "geology_age": "新生代 第四紀 後期更新世前期", "geology_color": "#c8ff7a", "nearest_volcano": "箱根山", "distance_to_volcano_km": 87.23, "vegetation_mesh": "53394680", "vegetation_community": "市街地", "vegetation_naturalness": "01", "vegetation_naturalness_label": "市街地・造成地等", "vegetation_zone": "その他", "distance_to_river_km": 2.168, "nearest_river": "隅田川", "distance_to_lake_km": 25.441, "nearest_lake": "手賀沼"}}, {"type": "Feature", "id": "wdf-Q110280281", "geometry": {"type": "Point", "coordinates": [138.067083, 34.648611]}, "properties": {"onsen_id": "wdf-Q110280281", "wikidata_id": "Q110280281", "provenance": "wikidata-facility", "name": "リバティーリゾート大東温泉", "name_has_onsen": true, "facility_class": "ホテル・キャンプ場・日帰り入浴施設", "spring_quality": null, "temperature_c": null, "discharge_l_min": null, "ph": null, "spring_type": null, "source_depth_m": null, "elevation_m": 5.2, "slope_deg": 0.24, "aspect_deg": 116.6, "local_relief_m": 7.7, "elevation_source": "GSI dem_png z14", "local_relief_window_m": 252, "geology_symbol": "H_sad", "geology_group": "堆積岩", "geology_lithology": "谷底平野・山間盆地・河川・海岸平野堆積物", "geology_age": "新生代 第四紀 完新世", "geology_color": "#e6ffff", "nearest_volcano": "伊豆東部火山群", "distance_to_volcano_km": 98.05, "vegetation_mesh": "51387075", "vegetation_community": "ヨシクラス", "vegetation_naturalness": "10", "vegetation_naturalness_label": "自然草原", "vegetation_zone": "河辺・湿原・沼沢地・砂丘植生", "distance_to_river_km": 0.099, "nearest_river": "高松川", "distance_to_lake_km": 34.68, "nearest_lake": "佐鳴湖"}}, {"type": "Feature", "id": "wdf-Q110280723", "geometry": {"type": "Point", "coordinates": [138.067083, 34.648611]}, "properties": {"onsen_id": "wdf-Q110280723", "wikidata_id": "Q110280723", "provenance": "wikidata-facility", "name": "大東健康ふれあい館", "name_has_onsen": false, "facility_class": "日帰り入浴施設", "spring_quality": null, "temperature_c": null, "discharge_l_min": null, "ph": null, "spring_type": null, "source_depth_m": null, "elevation_m": 5.2, "slope_deg": 0.24, "aspect_deg": 116.6, "local_relief_m": 7.7, "elevation_source": "GSI dem_png z14", "local_relief_window_m": 252, "geology_symbol": "H_sad", "geology_group": "堆積岩", "geology_lithology": "谷底平野・山間盆地・河川・海岸平野堆積物", "geology_age": "新生代 第四紀 完新世", "geology_color": "#e6ffff", "nearest_volcano": "伊豆東部火山群", "distance_to_volcano_km": 98.05, "vegetation_mesh": "51387075", "vegetation_community": "ヨシクラス", "vegetation_naturalness": "10", "vegetation_naturalness_label": "自然草原", "vegetation_zone": "河辺・湿原・沼沢地・砂丘植生", "distance_to_river_km": 0.099, "nearest_river": "高松川", "distance_to_lake_km": 34.68, "nearest_lake": "佐鳴湖"}}, {"type": "Feature", "id": "wdf-Q110656766", "geometry": {"type": "Point", "coordinates": [138.045833, 34.766667]}, "properties": {"onsen_id": "wdf-Q110656766", "wikidata_id": "Q110656766", "provenance": "wikidata-facility", "name": "つま恋リゾート彩の郷", "name_has_onsen": false, "facility_class": "ホテル・スポーツ会場・コンサート会場・日帰り入浴施設", "spring_quality": null, "temperature_c": null, "discharge_l_min": null, "ph": null, "spring_type": null, "source_depth_m": null, "elevation_m": 73.5, "slope_deg": 7.85, "aspect_deg": 46.1, "local_relief_m": 35.3, "elevation_source": "GSI dem_png z14", "local_relief_window_m": 251, "geology_symbol": "Q1-21_so", "geology_group": "堆積岩", "geology_lithology": "海成層", "geology_age": "新生代 第四紀 更新世 ジェラシアン期〜前期チバニアン期", "geology_color": "#e6ffd2", "nearest_volcano": "富士山", "distance_to_volcano_km": 90.68, "vegetation_mesh": "52381023", "vegetation_community": "水田雑草群落", "vegetation_naturalness": "02", "vegetation_naturalness_label": "農耕地（水田・畑）／緑の多い住宅地", "vegetation_zone": "植林地・耕作地植生", "distance_to_river_km": 0.644, "nearest_river": null, "distance_to_lake_km": 25.269, "nearest_lake": "船明ダム湖"}}, {"type": "Feature", "id": "wdf-Q111034853", "geometry": {"type": "Point", "coordinates": [136.921535, 35.17958]}, "properties": {"onsen_id": "wdf-Q111034853", "wikidata_id": "Q111034853", "provenance": "wikidata-facility", "name": "平田温泉", "name_has_onsen": true, "facility_class": "銭湯", "spring_quality": null, "temperature_c": null, "discharge_l_min": null, "ph": null, "spring_type": null, "source_depth_m": null, "elevation_m": 12.5, "slope_deg": 0.22, "aspect_deg": 152.4, "local_relief_m": 1.3, "elevation_source": "GSI dem_png z14", "local_relief_window_m": 250, "geology_symbol": "Q31_std", "geology_group": "堆積岩", "geology_lithology": "段丘堆積物", "geology_age": "新生代 第四紀 後期更新世前期", "geology_color": "#c8ff7a", "nearest_volcano": "御嶽山", "distance_to_volcano_km": 94.06, "vegetation_mesh": "52366713", "vegetation_community": "市街地", "vegetation_naturalness": "01", "vegetation_naturalness_label": "市街地・造成地等", "vegetation_zone": "その他", "distance_to_river_km": 1.933, "nearest_river": "堀川", "distance_to_lake_km": 14.786, "nearest_lake": "愛知池"}}, {"type": "Feature", "id": "wdf-Q111034957", "geometry": {"type": "Point", "coordinates": [136.95069, 35.190512]}, "properties": {"onsen_id": "wdf-Q111034957", "wikidata_id": "Q111034957", "provenance": "wikidata-facility", "name": "大幸温泉", "name_has_onsen": true, "facility_class": "銭湯", "spring_quality": null, "temperature_c": null, "discharge_l_min": null, "ph": null, "spring_type": null, "source_depth_m": null, "elevation_m": 18.7, "slope_deg": 0.39, "aspect_deg": 182.7, "local_relief_m": 4.7, "elevation_source": "GSI dem_png z14", "local_relief_window_m": 250, "geology_symbol": "H_sad", "geology_group": "堆積岩", "geology_lithology": "谷底平野・山間盆地・河川・海岸平野堆積物", "geology_age": "新生代 第四紀 完新世", "geology_color": "#e6ffff", "nearest_volcano": "御嶽山", "distance_to_volcano_km": 91.63, "vegetation_mesh": "52366726", "vegetation_community": "市街地", "vegetation_naturalness": "01", "vegetation_naturalness_label": "市街地・造成地等", "vegetation_zone": "その他", "distance_to_river_km": 0.378, "nearest_river": "矢田川", "distance_to_lake_km": 13.09, "nearest_lake": "愛知池"}}, {"type": "Feature", "id": "wdf-Q111515990", "geometry": {"type": "Point", "coordinates": [139.822389, 36.968278]}, "properties": {"onsen_id": "wdf-Q111515990", "wikidata_id": "Q111515990", "provenance": "wikidata-facility", "name": "湯っ歩の里", "name_has_onsen": false, "facility_class": "足湯・日帰り入浴施設", "spring_quality": null, "temperature_c": null, "discharge_l_min": null, "ph": null, "spring_type": null, "source_depth_m": null, "elevation_m": 541.5, "slope_deg": 6.96, "aspect_deg": 67.4, "local_relief_m": 51.9, "elevation_source": "GSI dem_png z14", "local_relief_window_m": 244, "geology_symbol": "Q22_sn", "geology_group": "堆積岩", "geology_lithology": "非海成層", "geology_age": "新生代 第四紀 後期チバニアン期", "geology_color": "#dcffbe", "nearest_volcano": "高原山", "distance_to_volcano_km": 8.6, "vegetation_mesh": "55393665", "vegetation_community": "市街地", "vegetation_naturalness": "01", "vegetation_naturalness_label": "市街地・造成地等", "vegetation_zone": "その他", "distance_to_river_km": 0.039, "nearest_river": "箒川", "distance_to_lake_km": 11.006, "nearest_lake": "五十里湖"}}, {"type": "Feature", "id": "wdf-Q111537695", "geometry": {"type": "Point", "coordinates": [139.76451, 35.72439]}, "properties": {"onsen_id": "wdf-Q111537695", "wikidata_id": "Q111537695", "provenance": "wikidata-facility", "name": "朝日湯", "name_has_onsen": true, "facility_class": "銭湯", "spring_quality": null, "temperature_c": null, "discharge_l_min": null, "ph": null, "spring_type": null, "source_depth_m": null, "elevation_m": 9.2, "slope_deg": 0.71, "aspect_deg": 213.3, "local_relief_m": 5.8, "elevation_source": "GSI dem_png z14", "local_relief_window_m": 248, "geology_symbol": "H_sad", "geology_group": "堆積岩", "geology_lithology": "谷底平野・山間盆地・河川・海岸平野堆積物", "geology_age": "新生代 第四紀 完新世", "geology_color": "#e6ffff", "nearest_volcano": "箱根山", "distance_to_volcano_km": 86.71, "vegetation_mesh": "53394661", "vegetation_community": "市街地", "vegetation_naturalness": "01", "vegetation_naturalness_label": "市街地・造成地等", "vegetation_zone": "その他", "distance_to_river_km": 2.552, "nearest_river": "神田川", "distance_to_lake_km": 25.913, "nearest_lake": "手賀沼"}}, {"type": "Feature", "id": "wdf-Q111662086", "geometry": {"type": "Point", "coordinates": [136.84006, 34.4906]}, "properties": {"onsen_id": "wdf-Q111662086", "wikidata_id": "Q111662086", "provenance": "wikidata-facility", "name": "鳥羽国際ホテル 潮路亭", "name_has_onsen": false, "facility_class": "ホテル・therma (thermal bath)", "spring_quality": null, "temperature_c": null, "discharge_l_min": null, "ph": null, "spring_type": null, "source_depth_m": null, "elevation_m": 11.8, "slope_deg": 9.43, "aspect_deg": 293.2, "local_relief_m": 30.5, "elevation_source": "GSI dem_png z14", "local_relief_window_m": 252, "geology_symbol": "K122-Pg12_mscpe_hc", "geology_group": "変成岩", "geology_lithology": "泥質片岩 高P/T型広域変成岩　緑泥石帯", "geology_age": "中生代 前期白亜紀 アルビアン期〜新生代 古第三紀 暁新世 セランディアン期", "geology_color": "#428cd6", "nearest_volcano": "御嶽山", "distance_to_volcano_km": 166.43, "vegetation_mesh": "51365687", "vegetation_community": "クロマツ植林", "vegetation_naturalness": "06", "vegetation_naturalness_label": "植林地", "vegetation_zone": "植林地・耕作地植生", "distance_to_river_km": 1.647, "nearest_river": "加茂川", "distance_to_lake_km": 38.76, "nearest_lake": "なめり湖"}}, {"type": "Feature", "id": "wdf-Q111693678", "geometry": {"type": "Point", "coordinates": [139.7827, 35.71221]}, "properties": {"onsen_id": "wdf-Q111693678", "wikidata_id": "Q111693678", "provenance": "wikidata-facility", "name": "日の出湯", "name_has_onsen": true, "facility_class": "銭湯", "spring_quality": null, "temperature_c": null, "discharge_l_min": null, "ph": null, "spring_type": null, "source_depth_m": null, "elevation_m": 2.0, "slope_deg": 0.0, "aspect_deg": 270.0, "local_relief_m": 0.0, "elevation_source": "GSI dem_png z14", "local_relief_window_m": 248, "geology_symbol": "H_sad", "geology_group": "堆積岩", "geology_lithology": "谷底平野・山間盆地・河川・海岸平野堆積物", "geology_age": "新生代 第四紀 完新世", "geology_color": "#e6ffff", "nearest_volcano": "箱根山", "distance_to_volcano_km": 87.16, "vegetation_mesh": "53394652", "vegetation_community": "市街地", "vegetation_naturalness": "01", "vegetation_naturalness_label": "市街地・造成地等", "vegetation_zone": "その他", "distance_to_river_km": 1.379, "nearest_river": "隅田川", "distance_to_lake_km": 25.516, "nearest_lake": "手賀沼"}}, {"type": "Feature", "id": "wdf-Q112872202", "geometry": {"type": "Point", "coordinates": [139.8508, 35.73275]}, "properties": {"onsen_id": "wdf-Q112872202", "wikidata_id": "Q112872202", "provenance": "wikidata-facility", "name": "喜久の湯", "name_has_onsen": true, "facility_class": "銭湯", "spring_quality": null, "temperature_c": null, "discharge_l_min": null, "ph": null, "spring_type": null, "source_depth_m": null, "elevation_m": -0.7, "slope_deg": 0.31, "aspect_deg": 220.2, "local_relief_m": 0.8, "elevation_source": "GSI dem_png z14", "local_relief_window_m": 248, "geology_symbol": "H_sad", "geology_group": "堆積岩", "geology_lithology": "谷底平野・山間盆地・河川・海岸平野堆積物", "geology_age": "新生代 第四紀 完新世", "geology_color": "#e6ffff", "nearest_volcano": "箱根山", "distance_to_volcano_km": 93.45, "vegetation_mesh": "53394678", "vegetation_community": "緑の多い住宅地", "vegetation_naturalness": "02", "vegetation_naturalness_label": "農耕地（水田・畑）／緑の多い住宅地", "vegetation_zone": "その他", "distance_to_river_km": 0.304, "nearest_river": "中川", "distance_to_lake_km": 19.57, "nearest_lake": "手賀沼"}}, {"type": "Feature", "id": "wdf-Q113364919", "geometry": {"type": "Point", "coordinates": [139.761778, 35.734611]}, "properties": {"onsen_id": "wdf-Q113364919", "wikidata_id": "Q113364919", "provenance": "wikidata-facility", "name": "草津湯", "name_has_onsen": true, "facility_class": "銭湯", "spring_quality": null, "temperature_c": null, "discharge_l_min": null, "ph": null, "spring_type": null, "source_depth_m": null, "elevation_m": 17.2, "slope_deg": 4.57, "aspect_deg": 215.3, "local_relief_m": 16.3, "elevation_source": "GSI dem_png z14", "local_relief_window_m": 248, "geology_symbol": "Q31_std", "geology_group": "堆積岩", "geology_lithology": "段丘堆積物", "geology_age": "新生代 第四紀 後期更新世前期", "geology_color": "#c8ff7a", "nearest_volcano": "箱根山", "distance_to_volcano_km": 87.23, "vegetation_mesh": "53394680", "vegetation_community": "市街地", "vegetation_naturalness": "01", "vegetation_naturalness_label": "市街地・造成地等", "vegetation_zone": "その他", "distance_to_river_km": 2.168, "nearest_river": "隅田川", "distance_to_lake_km": 25.441, "nearest_lake": "手賀沼"}}, {"type": "Feature", "id": "wdf-Q113637353", "geometry": {"type": "Point", "coordinates": [139.80815, 35.76474]}, "properties": {"onsen_id": "wdf-Q113637353", "wikidata_id": "Q113637353", "provenance": "wikidata-facility", "name": "常盤湯", "name_has_onsen": true, "facility_class": "銭湯", "spring_quality": null, "temperature_c": null, "discharge_l_min": null, "ph": null, "spring_type": null, "source_depth_m": null, "elevation_m": 0.0, "slope_deg": 0.0, "aspect_deg": 270.0, "local_relief_m": 0.1, "elevation_source": "GSI dem_png z14", "local_relief_window_m": 248, "geology_symbol": "H_svd", "geology_group": "堆積岩", "geology_lithology": "自然堤防堆積物", "geology_age": "新生代 第四紀 完新世", "geology_color": "#f5ffe6", "nearest_volcano": "箱根山", "distance_to_volcano_km": 92.59, "vegetation_mesh": "53395614", "vegetation_community": "市街地", "vegetation_naturalness": "01", "vegetation_naturalness_label": "市街地・造成地等", "vegetation_zone": "その他", "distance_to_river_km": 0.581, "nearest_river": "荒川", "distance_to_lake_km": 20.094, "nearest_lake": "手賀沼"}}, {"type": "Feature", "id": "wdf-Q113699555", "geometry": {"type": "Point", "coordinates": [139.79231, 35.76548]}, "properties": {"onsen_id": "wdf-Q113699555", "wikidata_id": "Q113699555", "provenance": "wikidata-facility", "name": "明美湯", "name_has_onsen": true, "facility_class": "銭湯", "spring_quality": null, "temperature_c": null, "discharge_l_min": null, "ph": null, "spring_type": null, "source_depth_m": null, "elevation_m": 1.1, "slope_deg": 0.0, "aspect_deg": 270.0, "local_relief_m": 0.5, "elevation_source": "GSI dem_png z14", "local_relief_window_m": 248, "geology_symbol": "H_svd", "geology_group": "堆積岩", "geology_lithology": "自然堤防堆積物", "geology_age": "新生代 第四紀 完新世", "geology_color": "#f5ffe6", "nearest_volcano": "箱根山", "distance_to_volcano_km": 91.55, "vegetation_mesh": "53395613", "vegetation_community": "市街地", "vegetation_naturalness": "01", "vegetation_naturalness_label": "市街地・造成地等", "vegetation_zone": "その他", "distance_to_river_km": 0.7, "nearest_river": "荒川", "distance_to_lake_km": 21.25, "nearest_lake": "手賀沼"}}, {"type": "Feature", "id": "wdf-Q114022514", "geometry": {"type": "Point", "coordinates": [139.78282, 35.76131]}, "properties": {"onsen_id": "wdf-Q114022514", "wikidata_id": "Q114022514", "provenance": "wikidata-facility", "name": "大六天湯", "name_has_onsen": true, "facility_class": "銭湯", "spring_quality": null, "temperature_c": null, "discharge_l_min": null, "ph": null, "spring_type": null, "source_depth_m": null, "elevation_m": 1.9, "slope_deg": 0.03, "aspect_deg": 71.6, "local_relief_m": 0.6, "elevation_source": "GSI dem_png z14", "local_relief_window_m": 248, "geology_symbol": "H_svd", "geology_group": "堆積岩", "geology_lithology": "自然堤防堆積物", "geology_age": "新生代 第四紀 完新世", "geology_color": "#f5ffe6", "nearest_volcano": "箱根山", "distance_to_volcano_km": 90.59, "vegetation_mesh": "53395612", "vegetation_community": "市街地", "vegetation_naturalness": "01", "vegetation_naturalness_label": "市街地・造成地等", "vegetation_zone": "その他", "distance_to_river_km": 0.418, "nearest_river": "荒川", "distance_to_lake_km": 22.223, "nearest_lake": "手賀沼"}}, {"type": "Feature", "id": "wdf-Q114456825", "geometry": {"type": "Point", "coordinates": [135.377972, 34.818167]}, "properties": {"onsen_id": "wdf-Q114456825", "wikidata_id": "Q114456825", "provenance": "wikidata-facility", "name": "名湯 宝乃湯", "name_has_onsen": true, "facility_class": "銭湯", "spring_quality": null, "temperature_c": null, "discharge_l_min": null, "ph": null, "spring_type": null, "source_depth_m": null, "elevation_m": 56.9, "slope_deg": 1.92, "aspect_deg": 140.4, "local_relief_m": 9.2, "elevation_source": "GSI dem_png z14", "local_relief_window_m": 251, "geology_symbol": "Q32-33_std", "geology_group": "堆積岩", "geology_lithology": "段丘堆積物", "geology_age": "新生代 第四紀 後期更新世中期〜後期更新世後期", "geology_color": "#c8ffaa", "nearest_volcano": "白山", "distance_to_volcano_km": 194.94, "vegetation_mesh": "52351380", "vegetation_community": "市街地", "vegetation_naturalness": "01", "vegetation_naturalness_label": "市街地・造成地等", "vegetation_zone": "その他", "distance_to_river_km": 0.139, "nearest_river": "天神川", "distance_to_lake_km": 10.099, "nearest_lake": "知明湖"}}, {"type": "Feature", "id": "wdf-Q114901636", "geometry": {"type": "Point", "coordinates": [130.524651, 31.613075]}, "properties": {"onsen_id": "wdf-Q114901636", "wikidata_id": "Q114901636", "provenance": "wikidata-facility", "name": "お乃湯", "name_has_onsen": true, "facility_class": "銭湯", "spring_quality": null, "temperature_c": null, "discharge_l_min": null, "ph": null, "spring_type": null, "source_depth_m": null, "elevation_m": 14.3, "slope_deg": 4.64, "aspect_deg": 117.7, "local_relief_m": 60.5, "elevation_source": "GSI dem_png z14", "local_relief_window_m": 260, "geology_symbol": "H_sad", "geology_group": "堆積岩", "geology_lithology": "谷底平野・山間盆地・河川・海岸平野堆積物", "geology_age": "新生代 第四紀 完新世", "geology_color": "#e6ffff", "nearest_volcano": "桜島", "distance_to_volcano_km": 12.73, "vegetation_mesh": "47303431", "vegetation_community": "シイ・カシ萌芽林", "vegetation_naturalness": "08", "vegetation_naturalness_label": "二次林（自然林に近いもの）", "vegetation_zone": "ヤブツバキクラス域代償植生", "distance_to_river_km": 0.163, "nearest_river": "幸加木川", "distance_to_lake_km": 20.265, "nearest_lake": "薩摩湖"}}, {"type": "Feature", "id": "wdf-Q115163749", "geometry": {"type": "Point", "coordinates": [139.74059, 35.70057]}, "properties": {"onsen_id": "wdf-Q115163749", "wikidata_id": "Q115163749", "provenance": "wikidata-facility", "name": "熱海湯", "name_has_onsen": true, "facility_class": "銭湯", "spring_quality": null, "temperature_c": null, "discharge_l_min": null, "ph": null, "spring_type": null, "source_depth_m": null, "elevation_m": 14.1, "slope_deg": 2.21, "aspect_deg": 99.6, "local_relief_m": 12.6, "elevation_source": "GSI dem_png z14", "local_relief_window_m": 248, "geology_symbol": "Q3_sb", "geology_group": "堆積岩", "geology_lithology": "汽水成層ないし海成・非海成混合層", "geology_age": "新生代 第四紀 後期更新世", "geology_color": "#dcffd2", "nearest_volcano": "箱根山", "distance_to_volcano_km": 83.37, "vegetation_mesh": "53394549", "vegetation_community": "市街地", "vegetation_naturalness": "01", "vegetation_naturalness_label": "市街地・造成地等", "vegetation_zone": "その他", "distance_to_river_km": 0.459, "nearest_river": "神田川", "distance_to_lake_km": 27.998, "nearest_lake": "村山貯水池（多摩湖）"}}, {"type": "Feature", "id": "wdf-Q115192307", "geometry": {"type": "Point", "coordinates": [139.76149, 35.74677]}, "properties": {"onsen_id": "wdf-Q115192307", "wikidata_id": "Q115192307", "provenance": "wikidata-facility", "name": "梅の湯", "name_has_onsen": true, "facility_class": "銭湯", "spring_quality": null, "temperature_c": null, "discharge_l_min": null, "ph": null, "spring_type": null, "source_depth_m": null, "elevation_m": 4.6, "slope_deg": 0.19, "aspect_deg": 249.8, "local_relief_m": 0.7, "elevation_source": "GSI dem_png z14", "local_relief_window_m": 248, "geology_symbol": "H_sad", "geology_group": "堆積岩", "geology_lithology": "谷底平野・山間盆地・河川・海岸平野堆積物", "geology_age": "新生代 第四紀 完新世", "geology_color": "#e6ffff", "nearest_volcano": "箱根山", "distance_to_volcano_km": 88.08, "vegetation_mesh": "53394690", "vegetation_community": "市街地", "vegetation_naturalness": "01", "vegetation_naturalness_label": "市街地・造成地等", "vegetation_zone": "その他", "distance_to_river_km": 0.832, "nearest_river": "隅田川", "distance_to_lake_km": 24.712, "nearest_lake": "手賀沼"}}, {"type": "Feature", "id": "wdf-Q116453666", "geometry": {"type": "Point", "coordinates": [136.889634, 35.146465]}, "properties": {"onsen_id": "wdf-Q116453666", "wikidata_id": "Q116453666", "provenance": "wikidata-facility", "name": "八幡温泉", "name_has_onsen": true, "facility_class": "銭湯", "spring_quality": null, "temperature_c": null, "discharge_l_min": null, "ph": null, "spring_type": null, "source_depth_m": null, "elevation_m": 1.3, "slope_deg": 0.29, "aspect_deg": 270.0, "local_relief_m": 0.9, "elevation_source": "GSI dem_png z14", "local_relief_window_m": 250, "geology_symbol": "H_sad", "geology_group": "堆積岩", "geology_lithology": "谷底平野・山間盆地・河川・海岸平野堆積物", "geology_age": "新生代 第四紀 完新世", "geology_color": "#e6ffff", "nearest_volcano": "御嶽山", "distance_to_volcano_km": 98.72, "vegetation_mesh": "52365771", "vegetation_community": "市街地", "vegetation_naturalness": "01", "vegetation_naturalness_label": "市街地・造成地等", "vegetation_zone": "その他", "distance_to_river_km": 0.437, "nearest_river": "堀川", "distance_to_lake_km": 16.498, "nearest_lake": "愛知池"}}, {"type": "Feature", "id": "wdf-Q116998626", "geometry": {"type": "Point", "coordinates": [136.921941, 35.133115]}, "properties": {"onsen_id": "wdf-Q116998626", "wikidata_id": "Q116998626", "provenance": "wikidata-facility", "name": "栄湯 (名古屋市)", "name_has_onsen": false, "facility_class": "銭湯", "spring_quality": null, "temperature_c": null, "discharge_l_min": null, "ph": null, "spring_type": null, "source_depth_m": null, "elevation_m": 2.9, "slope_deg": 0.81, "aspect_deg": 267.4, "local_relief_m": 3.5, "elevation_source": "GSI dem_png z14", "local_relief_window_m": 250, "geology_symbol": "H_sad", "geology_group": "堆積岩", "geology_lithology": "谷底平野・山間盆地・河川・海岸平野堆積物", "geology_age": "新生代 第四紀 完新世", "geology_color": "#e6ffff", "nearest_volcano": "御嶽山", "distance_to_volcano_km": 98.44, "vegetation_mesh": "52365753", "vegetation_community": "工場地帯", "vegetation_naturalness": "01", "vegetation_naturalness_label": "市街地・造成地等", "vegetation_zone": "その他", "distance_to_river_km": 0.484, "nearest_river": "新堀川", "distance_to_lake_km": 13.402, "nearest_lake": "愛知池"}}, {"type": "Feature", "id": "wdf-Q117827076", "geometry": {"type": "Point", "coordinates": [140.45219, 37.83264]}, "properties": {"onsen_id": "wdf-Q117827076", "wikidata_id": "Q117827076", "provenance": "wikidata-facility", "name": "鯖湖湯", "name_has_onsen": true, "facility_class": "共同浴場", "spring_quality": null, "temperature_c": null, "discharge_l_min": null, "ph": null, "spring_type": null, "source_depth_m": null, "elevation_m": 104.3, "slope_deg": 2.18, "aspect_deg": 33.3, "local_relief_m": 10.0, "elevation_source": "GSI dem_png z14", "local_relief_window_m": 241, "geology_symbol": "Q32-33_std", "geology_group": "堆積岩", "geology_lithology": "段丘堆積物", "geology_age": "新生代 第四紀 後期更新世中期〜後期更新世後期", "geology_color": "#c8ffaa", "nearest_volcano": "吾妻山", "distance_to_volcano_km": 21.27, "vegetation_mesh": "56405396", "vegetation_community": "市街地", "vegetation_naturalness": "01", "vegetation_naturalness_label": "市街地・造成地等", "vegetation_zone": "その他", "distance_to_river_km": 0.178, "nearest_river": "摺上川", "distance_to_lake_km": 14.669, "nearest_lake": "七ヶ宿湖"}}, {"type": "Feature", "id": "wdf-Q118189172", "geometry": {"type": "Point", "coordinates": [139.82111, 35.72451]}, "properties": {"onsen_id": "wdf-Q118189172", "wikidata_id": "Q118189172", "provenance": "wikidata-facility", "name": "寺島浴場", "name_has_onsen": false, "facility_class": "銭湯", "spring_quality": null, "temperature_c": null, "discharge_l_min": null, "ph": null, "spring_type": null, "source_depth_m": null, "elevation_m": -0.1, "slope_deg": 0.0, "aspect_deg": 270.0, "local_relief_m": 0.0, "elevation_source": "GSI dem_png z14", "local_relief_window_m": 248, "geology_symbol": "H_svd", "geology_group": "堆積岩", "geology_lithology": "自然堤防堆積物", "geology_age": "新生代 第四紀 完新世", "geology_color": "#f5ffe6", "nearest_volcano": "箱根山", "distance_to_volcano_km": 90.75, "vegetation_mesh": "53394665", "vegetation_community": "市街地", "vegetation_naturalness": "01", "vegetation_naturalness_label": "市街地・造成地等", "vegetation_zone": "その他", "distance_to_river_km": 1.053, "nearest_river": "隅田川", "distance_to_lake_km": 22.063, "nearest_lake": "手賀沼"}}, {"type": "Feature", "id": "wdf-Q118471235", "geometry": {"type": "Point", "coordinates": [139.87704, 35.67525]}, "properties": {"onsen_id": "wdf-Q118471235", "wikidata_id": "Q118471235", "provenance": "wikidata-facility", "name": "宝来湯", "name_has_onsen": true, "facility_class": "銭湯", "spring_quality": null, "temperature_c": null, "discharge_l_min": null, "ph": null, "spring_type": null, "source_depth_m": null, "elevation_m": 0.1, "slope_deg": 0.3, "aspect_deg": 163.8, "local_relief_m": 0.2, "elevation_source": "GSI dem_png z14", "local_relief_window_m": 248, "geology_symbol": "H_svd", "geology_group": "堆積岩", "geology_lithology": "自然堤防堆積物", "geology_age": "新生代 第四紀 完新世", "geology_color": "#f5ffe6", "nearest_volcano": "箱根山", "distance_to_volcano_km": 91.82, "vegetation_mesh": "53394710", "vegetation_community": "造成地", "vegetation_naturalness": "01", "vegetation_naturalness_label": "市街地・造成地等", "vegetation_zone": "その他", "distance_to_river_km": 0.027, "nearest_river": null, "distance_to_lake_km": 23.454, "nearest_lake": "手賀沼"}}, {"type": "Feature", "id": "wdf-Q119028465", "geometry": {"type": "Point", "coordinates": [139.90356, 35.68808]}, "properties": {"onsen_id": "wdf-Q119028465", "wikidata_id": "Q119028465", "provenance": "wikidata-facility", "name": "第二寿湯", "name_has_onsen": true, "facility_class": "銭湯", "spring_quality": null, "temperature_c": null, "discharge_l_min": null, "ph": null, "spring_type": null, "source_depth_m": null, "elevation_m": 0.4, "slope_deg": 0.14, "aspect_deg": 230.2, "local_relief_m": 0.5, "elevation_source": "GSI dem_png z14", "local_relief_window_m": 248, "geology_symbol": "H_sad", "geology_group": "堆積岩", "geology_lithology": "谷底平野・山間盆地・河川・海岸平野堆積物", "geology_age": "新生代 第四紀 完新世", "geology_color": "#e6ffff", "nearest_volcano": "箱根山", "distance_to_volcano_km": 94.6, "vegetation_mesh": "53394722", "vegetation_community": "市街地", "vegetation_naturalness": "01", "vegetation_naturalness_label": "市街地・造成地等", "vegetation_zone": "その他", "distance_to_river_km": 0.345, "nearest_river": null, "distance_to_lake_km": 21.073, "nearest_lake": "手賀沼"}}, {"type": "Feature", "id": "wdf-Q119029402", "geometry": {"type": "Point", "coordinates": [139.91214, 35.69948]}, "properties": {"onsen_id": "wdf-Q119029402", "wikidata_id": "Q119029402", "provenance": "wikidata-facility", "name": "竹の湯", "name_has_onsen": true, "facility_class": "銭湯", "spring_quality": null, "temperature_c": null, "discharge_l_min": null, "ph": null, "spring_type": null, "source_depth_m": null, "elevation_m": 1.5, "slope_deg": 0.26, "aspect_deg": 239.7, "local_relief_m": 0.6, "elevation_source": "GSI dem_png z14", "local_relief_window_m": 248, "geology_symbol": "H_sad", "geology_group": "堆積岩", "geology_lithology": "谷底平野・山間盆地・河川・海岸平野堆積物", "geology_age": "新生代 第四紀 完新世", "geology_color": "#e6ffff", "nearest_volcano": "箱根山", "distance_to_volcano_km": 95.94, "vegetation_mesh": "53394732", "vegetation_community": "市街地", "vegetation_naturalness": "01", "vegetation_naturalness_label": "市街地・造成地等", "vegetation_zone": "その他", "distance_to_river_km": 0.16, "nearest_river": null, "distance_to_lake_km": 19.595, "nearest_lake": "手賀沼"}}, {"type": "Feature", "id": "wdf-Q119351398", "geometry": {"type": "Point", "coordinates": [139.82933, 35.75982]}, "properties": {"onsen_id": "wdf-Q119351398", "wikidata_id": "Q119351398", "provenance": "wikidata-facility", "name": "玉の湯", "name_has_onsen": true, "facility_class": "銭湯", "spring_quality": null, "temperature_c": null, "discharge_l_min": null, "ph": null, "spring_type": null, "source_depth_m": null, "elevation_m": 0.0, "slope_deg": 0.0, "aspect_deg": 270.0, "local_relief_m": 0.0, "elevation_source": "GSI dem_png z14", "local_relief_window_m": 248, "geology_symbol": "H_sad", "geology_group": "堆積岩", "geology_lithology": "谷底平野・山間盆地・河川・海岸平野堆積物", "geology_age": "新生代 第四紀 完新世", "geology_color": "#e6ffff", "nearest_volcano": "箱根山", "distance_to_volcano_km": 93.74, "vegetation_mesh": "53395616", "vegetation_community": "市街地", "vegetation_naturalness": "01", "vegetation_naturalness_label": "市街地・造成地等", "vegetation_zone": "その他", "distance_to_river_km": 0.145, "nearest_river": null, "distance_to_lake_km": 18.878, "nearest_lake": "手賀沼"}}, {"type": "Feature", "id": "wdf-Q120194102", "geometry": {"type": "Point", "coordinates": [136.987064, 35.103413]}, "properties": {"onsen_id": "wdf-Q120194102", "wikidata_id": "Q120194102", "provenance": "wikidata-facility", "name": "桃山の湯", "name_has_onsen": true, "facility_class": "スーパー銭湯", "spring_quality": null, "temperature_c": null, "discharge_l_min": null, "ph": null, "spring_type": null, "source_depth_m": null, "elevation_m": 63.1, "slope_deg": 8.02, "aspect_deg": 71.5, "local_relief_m": 21.2, "elevation_source": "GSI dem_png z14", "local_relief_window_m": 250, "geology_symbol": "N3_sns", "geology_group": "堆積岩", "geology_lithology": "非海成層 砂岩，砂岩泥岩互層ないし砂岩・泥岩", "geology_age": "新生代 新第三紀 中新世 メッシニアン期〜鮮新世", "geology_color": "#ffe6be", "nearest_volcano": "御嶽山", "distance_to_volcano_km": 98.49, "vegetation_mesh": "52365728", "vegetation_community": "市街地", "vegetation_naturalness": "01", "vegetation_naturalness_label": "市街地・造成地等", "vegetation_zone": "その他", "distance_to_river_km": 0.706, "nearest_river": "戸笠池", "distance_to_lake_km": 7.746, "nearest_lake": "愛知池"}}, {"type": "Feature", "id": "wdf-Q121287278", "geometry": {"type": "Point", "coordinates": [136.36146, 36.28886]}, "properties": {"onsen_id": "wdf-Q121287278", "wikidata_id": "Q121287278", "provenance": "wikidata-facility", "name": "山代温泉 古総湯", "name_has_onsen": true, "facility_class": "公衆浴場", "spring_quality": null, "temperature_c": null, "discharge_l_min": null, "ph": null, "spring_type": null, "source_depth_m": null, "elevation_m": 28.4, "slope_deg": 1.93, "aspect_deg": 275.2, "local_relief_m": 38.1, "elevation_source": "GSI dem_png z14", "local_relief_window_m": 246, "geology_symbol": "Q32-33_std", "geology_group": "堆積岩", "geology_lithology": "段丘堆積物", "geology_age": "新生代 第四紀 後期更新世中期〜後期更新世後期", "geology_color": "#c8ffaa", "nearest_volcano": "白山", "distance_to_volcano_km": 39.64, "vegetation_mesh": "54363248", "vegetation_community": "水田雑草群落", "vegetation_naturalness": "02", "vegetation_naturalness_label": "農耕地（水田・畑）／緑の多い住宅地", "vegetation_zone": "植林地・耕作地植生", "distance_to_river_km": 0.765, "nearest_river": null, "distance_to_lake_km": 6.121, "nearest_lake": "柴山潟"}}, {"type": "Feature", "id": "wdf-Q121663143", "geometry": {"type": "Point", "coordinates": [136.998423, 35.259391]}, "properties": {"onsen_id": "wdf-Q121663143", "wikidata_id": "Q121663143", "provenance": "wikidata-facility", "name": "篠木温泉満天望", "name_has_onsen": true, "facility_class": "スーパー銭湯", "spring_quality": null, "temperature_c": null, "discharge_l_min": null, "ph": null, "spring_type": null, "source_depth_m": null, "elevation_m": 33.0, "slope_deg": 0.84, "aspect_deg": 148.4, "local_relief_m": 4.4, "elevation_source": "GSI dem_png z14", "local_relief_window_m": 250, "geology_symbol": "Q32-33_std", "geology_group": "堆積岩", "geology_lithology": "段丘堆積物", "geology_age": "新生代 第四紀 後期更新世中期〜後期更新世後期", "geology_color": "#c8ffaa", "nearest_volcano": "御嶽山", "distance_to_volcano_km": 82.83, "vegetation_mesh": "52367719", "vegetation_community": "市街地", "vegetation_naturalness": "01", "vegetation_naturalness_label": "市街地・造成地等", "vegetation_zone": "その他", "distance_to_river_km": 0.07, "nearest_river": "新地蔵川", "distance_to_lake_km": 8.339, "nearest_lake": "入鹿池"}}, {"type": "Feature", "id": "wdf-Q121826695", "geometry": {"type": "Point", "coordinates": [139.68194, 35.71378]}, "properties": {"onsen_id": "wdf-Q121826695", "wikidata_id": "Q121826695", "provenance": "wikidata-facility", "name": "三の輪湯", "name_has_onsen": true, "facility_class": "銭湯", "spring_quality": null, "temperature_c": null, "discharge_l_min": null, "ph": null, "spring_type": null, "source_depth_m": null, "elevation_m": 20.8, "slope_deg": 2.35, "aspect_deg": 7.4, "local_relief_m": 9.9, "elevation_source": "GSI dem_png z14", "local_relief_window_m": 248, "geology_symbol": "H_sad", "geology_group": "堆積岩", "geology_lithology": "谷底平野・山間盆地・河川・海岸平野堆積物", "geology_age": "新生代 第四紀 完新世", "geology_color": "#e6ffff", "nearest_volcano": "箱根山", "distance_to_volcano_km": 80.25, "vegetation_mesh": "53394554", "vegetation_community": "市街地", "vegetation_naturalness": "01", "vegetation_naturalness_label": "市街地・造成地等", "vegetation_zone": "その他", "distance_to_river_km": 0.032, "nearest_river": "妙正寺川", "distance_to_lake_km": 22.505, "nearest_lake": "村山貯水池（多摩湖）"}}, {"type": "Feature", "id": "wdf-Q122641929", "geometry": {"type": "Point", "coordinates": [135.82311, 34.68089]}, "properties": {"onsen_id": "wdf-Q122641929", "wikidata_id": "Q122641929", "provenance": "wikidata-facility", "name": "敷島温泉", "name_has_onsen": true, "facility_class": "銭湯", "spring_quality": null, "temperature_c": null, "discharge_l_min": null, "ph": null, "spring_type": null, "source_depth_m": null, "elevation_m": 70.6, "slope_deg": 1.06, "aspect_deg": 240.6, "local_relief_m": 4.8, "elevation_source": "GSI dem_png z14", "local_relief_window_m": 251, "geology_symbol": "H_sad", "geology_group": "堆積岩", "geology_lithology": "谷底平野・山間盆地・河川・海岸平野堆積物", "geology_age": "新生代 第四紀 完新世", "geology_color": "#e6ffff", "nearest_volcano": "白山", "distance_to_volcano_km": 185.05, "vegetation_mesh": "52350615", "vegetation_community": "市街地", "vegetation_naturalness": "01", "vegetation_naturalness_label": "市街地・造成地等", "vegetation_zone": "その他", "distance_to_river_km": 0.149, "nearest_river": "菩提川", "distance_to_lake_km": 16.762, "nearest_lake": "まほろば湖"}}, {"type": "Feature", "id": "wdf-Q122703227", "geometry": {"type": "Point", "coordinates": [135.82926, 34.67476]}, "properties": {"onsen_id": "wdf-Q122703227", "wikidata_id": "Q122703227", "provenance": "wikidata-facility", "name": "花園温泉", "name_has_onsen": true, "facility_class": "銭湯", "spring_quality": null, "temperature_c": null, "discharge_l_min": null, "ph": null, "spring_type": null, "source_depth_m": null, "elevation_m": 84.4, "slope_deg": 2.28, "aspect_deg": 278.5, "local_relief_m": 8.4, "elevation_source": "GSI dem_png z14", "local_relief_window_m": 251, "geology_symbol": "Q32-33_std", "geology_group": "堆積岩", "geology_lithology": "段丘堆積物", "geology_age": "新生代 第四紀 後期更新世中期〜後期更新世後期", "geology_color": "#c8ffaa", "nearest_volcano": "白山", "distance_to_volcano_km": 185.4, "vegetation_mesh": "52350606", "vegetation_community": "市街地", "vegetation_naturalness": "01", "vegetation_naturalness_label": "市街地・造成地等", "vegetation_zone": "その他", "distance_to_river_km": 0.609, "nearest_river": "菩提川", "distance_to_lake_km": 15.891, "nearest_lake": "まほろば湖"}}, {"type": "Feature", "id": "wdf-Q122790282", "geometry": {"type": "Point", "coordinates": [136.855251, 35.082533]}, "properties": {"onsen_id": "wdf-Q122790282", "wikidata_id": "Q122790282", "provenance": "wikidata-facility", "name": "永徳温泉", "name_has_onsen": true, "facility_class": "銭湯", "spring_quality": null, "temperature_c": null, "discharge_l_min": null, "ph": null, "spring_type": null, "source_depth_m": null, "elevation_m": 4.1, "slope_deg": 0.55, "aspect_deg": 325.8, "local_relief_m": 3.5, "elevation_source": "GSI dem_png z14", "local_relief_window_m": 250, "geology_symbol": "H2_or", "geology_group": "その他", "geology_lithology": "盛り土・埋立地・干拓地", "geology_age": "新生代 第四紀 後期完新世", "geology_color": "#f4dfca", "nearest_volcano": "御嶽山", "distance_to_volcano_km": 106.4, "vegetation_mesh": "52364698", "vegetation_community": "工場地帯", "vegetation_naturalness": "01", "vegetation_naturalness_label": "市街地・造成地等", "vegetation_zone": "その他", "distance_to_river_km": 0.821, "nearest_river": null, "distance_to_lake_km": 19.942, "nearest_lake": "愛知池"}}, {"type": "Feature", "id": "wdf-Q126127553", "geometry": {"type": "Point", "coordinates": [136.8757, 35.160597]}, "properties": {"onsen_id": "wdf-Q126127553", "wikidata_id": "Q126127553", "provenance": "wikidata-facility", "name": "松の湯", "name_has_onsen": true, "facility_class": "銭湯", "spring_quality": null, "temperature_c": null, "discharge_l_min": null, "ph": null, "spring_type": null, "source_depth_m": null, "elevation_m": 1.8, "slope_deg": 0.0, "aspect_deg": 270.0, "local_relief_m": 0.0, "elevation_source": "GSI dem_png z14", "local_relief_window_m": 250, "geology_symbol": "H_svd", "geology_group": "堆積岩", "geology_lithology": "自然堤防堆積物", "geology_age": "新生代 第四紀 完新世", "geology_color": "#f5ffe6", "nearest_volcano": "御嶽山", "distance_to_volcano_km": 98.1, "vegetation_mesh": "52365790", "vegetation_community": "市街地", "vegetation_naturalness": "01", "vegetation_naturalness_label": "市街地・造成地等", "vegetation_zone": "その他", "distance_to_river_km": 0.742, "nearest_river": "中川運河", "distance_to_lake_km": 18.045, "nearest_lake": "愛知池"}}, {"type": "Feature", "id": "wdf-Q126686573", "geometry": {"type": "Point", "coordinates": [130.97096, 31.3359]}, "properties": {"onsen_id": "wdf-Q126686573", "wikidata_id": "Q126686573", "provenance": "wikidata-facility", "name": "花牟礼温泉", "name_has_onsen": true, "facility_class": "銭湯", "spring_quality": null, "temperature_c": null, "discharge_l_min": null, "ph": null, "spring_type": null, "source_depth_m": null, "elevation_m": 18.8, "slope_deg": 0.34, "aspect_deg": 289.4, "local_relief_m": 31.3, "elevation_source": "GSI dem_png z14", "local_relief_window_m": 261, "geology_symbol": "Q33_vas_ap", "geology_group": "火成岩", "geology_lithology": "デイサイト・流紋岩 大規模火砕流", "geology_age": "新生代 第四紀 後期更新世後期", "geology_color": "#ffbfe1", "nearest_volcano": "若尊", "distance_to_volcano_km": 39.9, "vegetation_mesh": "47300707", "vegetation_community": "畑地雑草群落", "vegetation_naturalness": "02", "vegetation_naturalness_label": "農耕地（水田・畑）／緑の多い住宅地", "vegetation_zone": "植林地・耕作地植生", "distance_to_river_km": 0.614, "nearest_river": null, "distance_to_lake_km": 21.878, "nearest_lake": "大隅湖"}}, {"type": "Feature", "id": "wdf-Q130278640", "geometry": {"type": "Point", "coordinates": [139.5794, 35.6325]}, "properties": {"onsen_id": "wdf-Q130278640", "wikidata_id": "Q130278640", "provenance": "wikidata-facility", "name": "狛江湯", "name_has_onsen": true, "facility_class": "公衆浴場・銭湯", "spring_quality": null, "temperature_c": null, "discharge_l_min": null, "ph": null, "spring_type": null, "source_depth_m": null, "elevation_m": 22.1, "slope_deg": 0.45, "aspect_deg": 155.6, "local_relief_m": 2.4, "elevation_source": "GSI dem_png z14", "local_relief_window_m": 249, "geology_symbol": "H_sad", "geology_group": "堆積岩", "geology_lithology": "谷底平野・山間盆地・河川・海岸平野堆積物", "geology_age": "新生代 第四紀 完新世", "geology_color": "#e6ffff", "nearest_volcano": "箱根山", "distance_to_volcano_km": 67.33, "vegetation_mesh": "53393456", "vegetation_community": "市街地", "vegetation_naturalness": "01", "vegetation_naturalness_label": "市街地・造成地等", "vegetation_zone": "その他", "distance_to_river_km": 0.198, "nearest_river": null, "distance_to_lake_km": 19.054, "nearest_lake": "村山貯水池（多摩湖）"}}, {"type": "Feature", "id": "wdf-Q130377763", "geometry": {"type": "Point", "coordinates": [139.663472, 36.057917]}, "properties": {"onsen_id": "wdf-Q130377763", "wikidata_id": "Q130377763", "provenance": "wikidata-facility", "name": "森のせせらぎ なごみ", "name_has_onsen": false, "facility_class": "日帰り入浴施設", "spring_quality": null, "temperature_c": null, "discharge_l_min": null, "ph": null, "spring_type": null, "source_depth_m": null, "elevation_m": 11.4, "slope_deg": 0.22, "aspect_deg": 180.0, "local_relief_m": 1.0, "elevation_source": "GSI dem_png z14", "local_relief_window_m": 247, "geology_symbol": "H_sad", "geology_group": "堆積岩", "geology_lithology": "谷底平野・山間盆地・河川・海岸平野堆積物", "geology_age": "新生代 第四紀 完新世", "geology_color": "#e6ffff", "nearest_volcano": "赤城山", "distance_to_volcano_km": 69.96, "vegetation_mesh": "54390563", "vegetation_community": "畑地雑草群落", "vegetation_naturalness": "02", "vegetation_naturalness_label": "農耕地（水田・畑）／緑の多い住宅地", "vegetation_zone": "植林地・耕作地植生", "distance_to_river_km": 0.126, "nearest_river": "騎西領用水路", "distance_to_lake_km": 19.933, "nearest_lake": "八丁湖"}}, {"type": "Feature", "id": "wdf-Q130572821", "geometry": {"type": "Point", "coordinates": [139.85895, 35.801599]}, "properties": {"onsen_id": "wdf-Q130572821", "wikidata_id": "Q130572821", "provenance": "wikidata-facility", "name": "大和湯", "name_has_onsen": true, "facility_class": "銭湯", "spring_quality": null, "temperature_c": null, "discharge_l_min": null, "ph": null, "spring_type": null, "source_depth_m": null, "elevation_m": 5.4, "slope_deg": 2.36, "aspect_deg": 85.7, "local_relief_m": 3.2, "elevation_source": "GSI dem_png z14", "local_relief_window_m": 248, "geology_symbol": "H_svd", "geology_group": "堆積岩", "geology_lithology": "自然堤防堆積物", "geology_age": "新生代 第四紀 完新世", "geology_color": "#f5ffe6", "nearest_volcano": "箱根山", "distance_to_volcano_km": 98.74, "vegetation_mesh": "53395668", "vegetation_community": "工場地帯", "vegetation_naturalness": "01", "vegetation_naturalness_label": "市街地・造成地等", "vegetation_zone": "その他", "distance_to_river_km": 0.416, "nearest_river": "中川", "distance_to_lake_km": 14.028, "nearest_lake": "手賀沼"}}, {"type": "Feature", "id": "wdf-Q130646959", "geometry": {"type": "Point", "coordinates": [139.531345, 36.248721]}, "properties": {"onsen_id": "wdf-Q130646959", "wikidata_id": "Q130646959", "provenance": "wikidata-facility", "name": "松の湯", "name_has_onsen": true, "facility_class": "銭湯", "spring_quality": null, "temperature_c": null, "discharge_l_min": null, "ph": null, "spring_type": null, "source_depth_m": null, "elevation_m": 21.5, "slope_deg": 0.33, "aspect_deg": 78.7, "local_relief_m": 0.7, "elevation_source": "GSI dem_png z14", "local_relief_window_m": 247, "geology_symbol": "Q31_std", "geology_group": "堆積岩", "geology_lithology": "段丘堆積物", "geology_age": "新生代 第四紀 後期更新世前期", "geology_color": "#c8ff7a", "nearest_volcano": "赤城山", "distance_to_volcano_km": 45.99, "vegetation_mesh": "54392492", "vegetation_community": "市街地", "vegetation_naturalness": "01", "vegetation_naturalness_label": "市街地・造成地等", "vegetation_zone": "その他", "distance_to_river_km": 0.502, "nearest_river": "鶴生田川", "distance_to_lake_km": 22.505, "nearest_lake": "八丁湖"}}, {"type": "Feature", "id": "wdf-Q131006774", "geometry": {"type": "Point", "coordinates": [139.579889, 35.467333]}, "properties": {"onsen_id": "wdf-Q131006774", "wikidata_id": "Q131006774", "provenance": "wikidata-facility", "name": "満天の湯", "name_has_onsen": true, "facility_class": "日帰り入浴施設", "spring_quality": null, "temperature_c": null, "discharge_l_min": null, "ph": null, "spring_type": null, "source_depth_m": null, "elevation_m": 9.9, "slope_deg": 0.0, "aspect_deg": 270.0, "local_relief_m": 22.6, "elevation_source": "GSI dem_png z14", "local_relief_window_m": 249, "geology_symbol": "H_sad", "geology_group": "堆積岩", "geology_lithology": "谷底平野・山間盆地・河川・海岸平野堆積物", "geology_age": "新生代 第四紀 完新世", "geology_color": "#e6ffff", "nearest_volcano": "箱根山", "distance_to_volcano_km": 56.99, "vegetation_mesh": "53391466", "vegetation_community": "市街地", "vegetation_naturalness": "01", "vegetation_naturalness_label": "市街地・造成地等", "vegetation_zone": "その他", "distance_to_river_km": 0.047, "nearest_river": "帷子川", "distance_to_lake_km": 29.855, "nearest_lake": "津久井湖"}}, {"type": "Feature", "id": "wdf-Q132444909", "geometry": {"type": "Point", "coordinates": [133.230321, 35.571372]}, "properties": {"onsen_id": "wdf-Q132444909", "wikidata_id": "Q132444909", "provenance": "wikidata-facility", "name": "メテオプラザ", "name_has_onsen": false, "facility_class": "博物館・入浴施設", "spring_quality": null, "temperature_c": null, "discharge_l_min": null, "ph": null, "spring_type": null, "source_depth_m": null, "elevation_m": 3.7, "slope_deg": 5.16, "aspect_deg": 33.5, "local_relief_m": 31.9, "elevation_source": "GSI dem_png z14", "local_relief_window_m": 249, "geology_symbol": null, "geology_group": null, "geology_lithology": null, "geology_age": null, "geology_color": null, "nearest_volcano": "三瓶山", "distance_to_volcano_km": 73.03, "vegetation_mesh": "53332188", "vegetation_community": null, "vegetation_naturalness": null, "vegetation_naturalness_label": null, "vegetation_zone": null, "distance_to_river_km": 0.516, "nearest_river": "焼川", "distance_to_lake_km": 2.251, "nearest_lake": "境水道"}}, {"type": "Feature", "id": "wdf-Q134577930", "geometry": {"type": "Point", "coordinates": [135.860396, 35.004047]}, "properties": {"onsen_id": "wdf-Q134577930", "wikidata_id": "Q134577930", "provenance": "wikidata-facility", "name": "小町湯", "name_has_onsen": true, "facility_class": "銭湯", "spring_quality": null, "temperature_c": null, "discharge_l_min": null, "ph": null, "spring_type": null, "source_depth_m": null, "elevation_m": 112.9, "slope_deg": 3.21, "aspect_deg": 13.2, "local_relief_m": 43.7, "elevation_source": "GSI dem_png z14", "local_relief_window_m": 250, "geology_symbol": "Q32-33_std", "geology_group": "堆積岩", "geology_lithology": "段丘堆積物", "geology_age": "新生代 第四紀 後期更新世中期〜後期更新世後期", "geology_color": "#c8ffaa", "nearest_volcano": "白山", "distance_to_volcano_km": 152.18, "vegetation_mesh": "52354608", "vegetation_community": "市街地", "vegetation_naturalness": "01", "vegetation_naturalness_label": "市街地・造成地等", "vegetation_zone": "その他", "distance_to_river_km": 0.135, "nearest_river": "吾妻川", "distance_to_lake_km": 1.076, "nearest_lake": "琵琶湖"}}, {"type": "Feature", "id": "wdf-Q139637106", "geometry": {"type": "Point", "coordinates": [138.01593, 34.876724]}, "properties": {"onsen_id": "wdf-Q139637106", "wikidata_id": "Q139637106", "provenance": "wikidata-facility", "name": "ならここの里", "name_has_onsen": false, "facility_class": "キャンプ場・日帰り入浴施設", "spring_quality": null, "temperature_c": null, "discharge_l_min": null, "ph": null, "spring_type": null, "source_depth_m": null, "elevation_m": 183.0, "slope_deg": 14.09, "aspect_deg": 113.0, "local_relief_m": 75.9, "elevation_source": "GSI dem_png z14", "local_relief_window_m": 251, "geology_symbol": "Pg14-3_som_Pg2", "geology_group": "付加体", "geology_lithology": "海成層 泥岩 始新世-前期漸新世付加体", "geology_age": "新生代 古第三紀 始新世 イプレシアン期〜漸新世 ルペリアン期", "geology_color": "#9cd3d1", "nearest_volcano": "富士山", "distance_to_volcano_km": 84.23, "vegetation_mesh": "52382051", "vegetation_community": "スギ・ヒノキ・サワラ植林", "vegetation_naturalness": "06", "vegetation_naturalness_label": "植林地", "vegetation_zone": "植林地・耕作地植生", "distance_to_river_km": 0.026, "nearest_river": "原野谷川", "distance_to_lake_km": 18.039, "nearest_lake": "船明ダム湖"}}, {"type": "Feature", "id": "wdf-Q141256350", "geometry": {"type": "Point", "coordinates": [139.789, 35.771667]}, "properties": {"onsen_id": "wdf-Q141256350", "wikidata_id": "Q141256350", "provenance": "wikidata-facility", "name": "堀田湯", "name_has_onsen": true, "facility_class": "銭湯", "spring_quality": null, "temperature_c": null, "discharge_l_min": null, "ph": null, "spring_type": null, "source_depth_m": null, "elevation_m": 1.0, "slope_deg": 0.0, "aspect_deg": 270.0, "local_relief_m": 0.2, "elevation_source": "GSI dem_png z14", "local_relief_window_m": 248, "geology_symbol": "H_svd", "geology_group": "堆積岩", "geology_lithology": "自然堤防堆積物", "geology_age": "新生代 第四紀 完新世", "geology_color": "#f5ffe6", "nearest_volcano": "箱根山", "distance_to_volcano_km": 91.76, "vegetation_mesh": "53395623", "vegetation_community": "市街地", "vegetation_naturalness": "01", "vegetation_naturalness_label": "市街地・造成地等", "vegetation_zone": "その他", "distance_to_river_km": 1.432, "nearest_river": "荒川", "distance_to_lake_km": 21.156, "nearest_lake": "手賀沼"}}], "metadata": {"source": "Wikidata", "dataset": "日本の入浴施設(instance of / subclass of 入浴施設 Q17521458・国 = 日本・座標あり。**温泉 Q177380 に当たるものは除く**——そちらは別の層にある)", "source_url": "https://query.wikidata.org/", "license": "CC0 1.0", "license_url": "https://creativecommons.org/publicdomain/zero/1.0/", "download_date": "2026-09-10", "sparql": "SELECT ?x ?xLabel ?cls ?clsLabel ?coord WHERE {\n  ?x wdt:P31/wdt:P279* wd:Q17521458 .\n  ?x wdt:P17 wd:Q17 .\n  ?x wdt:P625 ?coord .\n  ?x wdt:P31 ?cls .\n  FILTER NOT EXISTS { ?x wdt:P31/wdt:P279* wd:Q177380 . }\n  SERVICE wikibase:label { bd:serviceParam wikibase:language \"ja,en\". }\n}", "processing_method": "同じ項目の複数行を畳み(分類は集めて残す)、日本の範囲に入るものだけを採った。ラベルが Q 番号のままの項目は名前を作らず null にした。既存 2 層と重なるものも消していない(出所が違うので両方残す)", "caution": "**入浴施設は温泉とは限らない。** 銭湯・公衆浴場も同じクラスに入る。この層は『Wikidata が入浴施設として登録している場所』であって、温泉であることの証明ではない。統計(温泉と地理環境)には使わない —— 対照群と出所が揃わなくなるため", "why": "P12 にも Wikidata の温泉クラスにも入らない入浴施設がある。例: ほったらかし温泉(Q11277778)は instance of が 日帰り入浴施設で、上位クラスを辿っても温泉に当たらない", "counts": {"raw_rows": 136, "distinct_items": 108, "outside_japan": 0, "extracted": 108, "unnamed": 0, "name_has_onsen": 78, "overlap_with_ksj": 14, "overlap_with_wikidata": 14, "overlap_km": 0.3}, "classes": {"銭湯": 39, "日帰り入浴施設": 24, "スーパー銭湯": 9, "公衆浴場": 9, "共同浴場": 4, "ホテル・スポーツ会場・コンサート会場・日帰り入浴施設": 2, "健康ランド": 2, "道の駅・日帰り入浴施設": 2, "サウナ風呂": 2, "博物館・共同浴場": 1, "コミュニティセンター・日帰り入浴施設": 1, "ホテル・日帰り入浴施設": 1, "足湯": 1, "宿泊・日帰り入浴施設": 1, "芸術作品・銭湯": 1, "スイミングセンター・ウォーター・パーク・日帰り入浴施設": 1, "サウナ風呂・カプセルホテル": 1, "博物館・公衆浴場": 1, "ホテル・キャンプ場・日帰り入浴施設": 1, "足湯・日帰り入浴施設": 1, "ホテル・therma (thermal bath)": 1, "公衆浴場・銭湯": 1, "博物館・入浴施設": 1, "キャンプ場・日帰り入浴施設": 1}, "enrichment": {"elevation": {"source": "国土地理院 標高タイル(dem_png)", "source_url": "https://maps.gsi.go.jp/development/demtile.html", "zoom": 14, "download_date": "2026-09-07"}, "geology": {"source": "産業技術総合研究所 地質調査総合センター", "dataset": "20万分の1日本シームレス地質図V2 Web API 1.3(凡例取得サービス)", "source_url": "https://gbank.gsj.jp/seamless/v2/api/1.3/", "download_date": "2026-09-07"}, "volcano_distance": {"method": "球面(半径6371.0088km)の大円距離", "cross_check": "WGS84 測地線(Vincenty)との相対差", "max_relative_difference": 0.0023903114006685344}, "vegetation": {"source": "環境省生物多様性センター", "dataset": "第5回自然環境保全基礎調査 植生調査 3次メッシュデータ(1992-1996)", "source_url": "https://www.biodic.go.jp/kiso/vg/vg_kiso.html", "license": "公共データ利用規約(第1.0版) PDL1.0", "license_url": "https://www.biodic.go.jp/copyright/terms_of_service.html", "download_date": "2026-09-09", "method": "点が入る 3 次メッシュ(約 1 km)の代表群落を引いた。メッシュが無い点は欠測", "coverage": "104/108"}, "water": {"river": {"source": "国土交通省 国土数値情報", "dataset": "河川データ(W05)", "source_url": "https://nlftp.mlit.go.jp/ksj/gml/datalist/KsjTmplt-W05.html", "license": "国土数値情報 利用約款(**非商用限定**)", "license_url": "https://nlftp.mlit.go.jp/ksj/other/agreement.html", "download_date": "2026-09-08"}, "lake": {"source": "国土交通省 国土数値情報", "dataset": "湖沼データ(W09) 2005年版", "source_url": "https://nlftp.mlit.go.jp/ksj/gml/datalist/KsjTmplt-W09-v2_2.html", "license": "国土数値情報 利用約款(商用可)", "license_url": "https://nlftp.mlit.go.jp/ksj/other/agreement.html", "download_date": "2026-09-08"}, "method": "0.05 度の格子に線分を入れ、点のまわり 12 環(およそ 0.6 度)までを見て最小距離を取る。この範囲に見つからない点は欠測にする(埋めない)", "coverage": {"river": "108/108", "lake": "108/108"}}}}}
