point_id,label,prefecture,elevation_m,slope_deg,local_relief_m,distance_to_volcano_km,distance_to_river_km,distance_to_lake_km,vegetation_naturalness,geology_group
p12-01-10016,1,北海道,4.7,0.0,0.3,10.7,0.299,2.272,1.0,堆積岩
p12-02-10003,1,青森県,886.1,5.23,39.8,2.43,0.017,6.496,9.0,火成岩
p12-02-10009,1,青森県,7.2,3.86,51.9,26.17,0.582,16.117,,堆積岩
p12-02-10015,1,青森県,1.9,2.06,6.7,25.69,0.129,15.994,,堆積岩
p12-02-10021,1,青森県,886.1,5.23,39.8,2.43,0.017,6.496,9.0,火成岩
p12-02-10022,1,青森県,2.1,1.04,6.7,25.73,0.167,16.01,,堆積岩
p12-02-10037,1,青森県,6.8,1.04,9.9,25.46,0.026,16.153,1.0,堆積岩
p12-02-10042,1,青森県,2.4,1.86,8.7,25.6,0.038,15.952,,堆積岩
p12-02-10047,1,青森県,6.7,1.19,27.0,25.49,0.01,16.089,1.0,堆積岩
p12-02-10055,1,青森県,152.0,1.84,54.4,11.83,0.468,11.508,6.0,堆積岩
p12-02-10089,1,青森県,376.9,5.62,29.6,4.18,0.301,9.103,6.0,火成岩
p12-02-10131,1,青森県,112.9,1.24,6.6,17.87,0.172,1.347,2.0,火成岩
p12-02-10140,1,青森県,378.6,10.16,77.9,15.84,0.007,1.627,6.0,火成岩
p12-02-10142,1,青森県,91.7,1.79,11.1,19.25,0.132,3.253,2.0,堆積岩
p12-02-10145,1,青森県,97.7,2.24,8.0,18.68,0.073,2.173,2.0,火成岩
p12-02-10149,1,青森県,55.0,0.55,2.4,22.71,0.544,7.372,2.0,堆積岩
p12-02-10171,1,青森県,469.6,0.35,34.1,9.44,0.154,10.795,9.0,火成岩
p12-02-10201,1,青森県,18.4,1.56,24.0,40.28,0.067,4.766,6.0,堆積岩
p12-02-10205,1,青森県,27.2,1.85,31.0,41.49,1.125,0.152,,堆積岩
p12-02-10213,1,青森県,63.6,3.51,28.7,12.22,0.099,6.81,8.0,火成岩
p12-02-10218,1,青森県,82.1,8.4,50.8,4.99,0.526,5.507,6.0,火成岩
p12-02-10219,1,青森県,70.5,7.98,44.7,13.5,0.038,7.413,8.0,火成岩
p12-02-10227,1,青森県,30.4,4.25,31.7,12.29,0.143,10.479,6.0,堆積岩
p12-02-10232,1,青森県,24.5,1.18,20.8,9.29,0.363,10.938,2.0,堆積岩
p12-02-10233,1,青森県,104.2,3.3,21.8,13.93,0.061,7.278,8.0,火成岩
p12-02-10236,1,青森県,101.9,5.54,59.4,14.05,0.03,7.185,8.0,火成岩
p12-02-10237,1,青森県,70.5,7.98,44.7,13.5,0.038,7.413,8.0,火成岩
p12-02-10247,1,青森県,2.7,0.0,0.4,25.59,0.796,3.58,2.0,堆積岩
p12-02-10252,1,青森県,7.6,0.0,0.2,17.89,1.049,4.47,2.0,堆積岩
p12-02-10254,1,青森県,42.4,1.14,3.3,23.78,0.044,9.124,2.0,堆積岩
p12-02-10256,1,青森県,37.3,5.0,4.8,22.59,0.189,10.529,1.0,堆積岩
p12-02-10262,1,青森県,266.3,6.54,73.1,20.65,0.015,13.567,6.0,火成岩
p12-02-10265,1,青森県,35.2,1.35,3.8,23.06,0.043,9.853,2.0,堆積岩
p12-02-10267,1,青森県,141.1,1.33,5.9,23.78,0.077,10.029,2.0,堆積岩
p12-02-10271,1,青森県,20.7,0.52,4.5,30.95,0.177,15.725,2.0,堆積岩
p12-02-10282,1,青森県,15.1,1.1,8.1,41.98,0.576,15.988,6.0,堆積岩
p12-02-10291,1,青森県,15.0,4.44,26.1,43.26,0.072,22.474,8.0,堆積岩
p12-02-10298,1,青森県,404.1,6.55,35.2,4.68,0.776,9.482,2.0,火成岩
p12-02-10303,1,青森県,5.0,1.1,5.5,15.12,0.051,12.611,,堆積岩
p12-02-10325,1,青森県,227.2,1.25,23.4,18.21,0.078,3.084,6.0,堆積岩
p12-02-10326,1,青森県,160.9,6.92,44.6,12.18,0.099,1.537,6.0,火成岩
p12-02-10327,1,青森県,121.4,0.78,4.8,8.75,0.282,5.285,7.0,堆積岩
p12-02-10338,1,青森県,72.0,0.72,6.0,26.73,0.052,10.831,2.0,堆積岩
p12-02-10346,1,青森県,17.2,1.52,9.7,12.58,1.039,0.06,3.0,火成岩
p12-02-10363,1,青森県,84.3,3.53,42.4,28.79,0.181,9.537,6.0,火成岩
p12-02-10401,1,青森県,40.2,0.34,31.5,43.93,0.244,1.19,6.0,堆積岩
p12-02-10422,1,青森県,29.3,2.84,16.1,31.28,0.16,25.113,2.0,堆積岩
p12-02-10430,1,青森県,40.4,30.26,117.8,22.93,0.055,17.244,9.0,火成岩
p12-02-10443,1,青森県,107.6,1.21,16.7,36.02,1.253,21.014,2.0,堆積岩
p12-02-10447,1,青森県,92.4,8.0,34.7,26.14,0.223,23.178,2.0,堆積岩
p12-02-10457,1,青森県,19.7,0.28,21.7,39.26,0.674,25.348,7.0,堆積岩
p12-02-10463,1,青森県,177.6,18.69,45.8,36.78,0.88,33.947,3.0,堆積岩
p12-02-10478,1,青森県,224.9,6.02,78.8,17.99,0.017,15.201,6.0,火成岩
p12-02-10479,1,青森県,248.9,6.37,72.4,17.54,0.031,14.743,6.0,火成岩
p12-03-10016,1,岩手県,197.6,8.3,87.3,19.85,0.065,0.194,6.0,堆積岩
p12-03-10017,1,岩手県,189.3,2.74,68.5,20.1,0.043,0.427,7.0,火成岩
p12-03-10018,1,岩手県,195.3,8.91,89.4,19.75,0.19,0.14,6.0,堆積岩
p12-03-10019,1,岩手県,202.9,14.48,43.3,20.21,0.119,0.071,,堆積岩
p12-03-10020,1,岩手県,184.4,3.27,38.8,19.92,0.043,0.219,7.0,堆積岩
p12-03-10021,1,岩手県,188.5,6.46,75.8,19.45,0.401,0.094,2.0,火成岩
p12-03-10022,1,岩手県,266.1,2.4,14.0,9.6,0.072,8.276,2.0,火成岩
p12-03-10044,1,岩手県,76.4,7.89,68.5,72.7,0.155,42.586,7.0,付加体
p12-03-10067,1,岩手県,324.6,4.19,49.2,83.11,0.105,36.16,2.0,火成岩
p12-03-10068,1,岩手県,310.6,8.64,58.6,88.02,0.48,42.481,8.0,火成岩
p12-03-10072,1,岩手県,9.6,16.58,30.3,82.24,2.924,49.195,6.0,火成岩
p12-03-10074,1,岩手県,146.7,6.63,28.9,41.49,0.164,8.773,6.0,堆積岩
p12-03-10124,1,岩手県,121.4,3.16,21.7,40.56,0.383,7.313,2.0,堆積岩
p12-03-10132,1,岩手県,236.2,5.82,56.4,65.24,0.106,17.762,7.0,付加体
p12-03-10152,1,岩手県,366.5,13.79,32.0,75.5,0.307,23.135,2.0,火成岩
p12-03-10166,1,岩手県,1117.9,1.73,32.6,2.56,0.423,1.393,9.0,火成岩
p12-03-10167,1,岩手県,108.0,4.89,34.6,24.05,0.11,23.425,7.0,堆積岩
p12-03-10168,1,岩手県,80.7,1.2,12.2,22.16,0.072,22.159,2.0,火成岩
p12-03-10169,1,岩手県,80.2,0.92,8.0,22.32,0.049,22.297,2.0,火成岩
p12-03-10170,1,岩手県,200.6,2.41,21.9,12.08,0.11,12.7,7.0,堆積岩
p12-03-10184,1,岩手県,30.6,7.95,31.7,80.83,5.498,51.205,2.0,火成岩
p12-03-10185,1,岩手県,349.9,10.75,79.0,73.7,1.084,36.684,6.0,火成岩
p12-03-10220,1,岩手県,74.2,2.48,11.0,37.35,0.132,27.731,2.0,堆積岩
p12-03-10221,1,岩手県,403.4,7.99,28.2,32.81,0.107,29.785,2.0,火成岩
p12-03-10234,1,岩手県,578.0,2.69,22.1,4.2,0.949,5.75,6.0,火成岩
p12-03-10235,1,岩手県,840.7,9.27,57.4,6.74,0.066,5.014,9.0,火成岩
p12-03-10236,1,岩手県,543.6,3.83,14.8,5.91,0.322,5.475,6.0,火成岩
p12-03-10237,1,岩手県,313.9,9.11,51.4,23.68,0.051,28.715,2.0,火成岩
p12-03-10238,1,岩手県,366.6,3.48,33.7,7.02,0.508,8.618,6.0,火成岩
p12-03-10252,1,岩手県,582.2,2.45,12.6,4.59,0.673,6.176,6.0,火成岩
p12-03-10253,1,岩手県,261.6,1.15,10.4,15.33,0.817,13.107,2.0,火成岩
p12-03-10254,1,岩手県,325.0,2.32,14.8,7.71,0.878,9.025,6.0,火成岩
p12-03-10255,1,岩手県,570.7,2.39,14.0,4.36,0.783,5.897,6.0,火成岩
p12-03-10265,1,岩手県,48.8,5.41,6.9,38.39,0.38,20.853,2.0,堆積岩
p12-03-10266,1,岩手県,244.3,1.32,44.9,21.84,0.177,3.51,6.0,火成岩
p12-03-10304,1,岩手県,777.4,15.49,87.0,6.41,0.118,4.712,9.0,火成岩
p12-03-10305,1,岩手県,251.7,3.05,34.0,17.86,0.211,3.864,2.0,堆積岩
p12-03-10306,1,岩手県,229.2,9.42,56.4,17.52,0.018,4.852,6.0,火成岩
p12-03-10307,1,岩手県,228.1,5.29,59.0,17.49,0.027,4.899,6.0,火成岩
p12-03-10308,1,岩手県,212.2,3.94,22.4,17.8,0.125,3.232,2.0,堆積岩
p12-03-10309,1,岩手県,224.4,4.53,29.9,17.53,0.2,3.965,2.0,堆積岩
p12-03-10310,1,岩手県,216.6,3.62,20.0,17.74,0.066,3.52,2.0,堆積岩
p12-03-10312,1,岩手県,447.2,6.42,28.2,10.56,0.702,9.302,6.0,火成岩
p12-03-10313,1,岩手県,451.9,4.61,25.6,7.76,0.145,6.585,6.0,火成岩
p12-03-10314,1,岩手県,650.4,5.81,37.1,7.1,0.364,5.459,7.0,火成岩
p12-03-10327,1,岩手県,295.8,1.14,54.2,8.89,0.042,8.675,2.0,堆積岩
p12-03-10328,1,岩手県,371.2,6.66,66.9,8.47,0.056,7.248,7.0,火成岩
p12-03-10341,1,岩手県,324.1,7.4,36.4,20.89,0.069,22.183,2.0,火成岩
p12-03-10351,1,岩手県,202.9,5.03,25.0,31.86,0.435,12.054,6.0,堆積岩
p12-03-10352,1,岩手県,198.4,3.35,20.5,32.02,0.337,12.168,6.0,堆積岩
p12-03-10360,1,岩手県,228.9,1.87,18.3,27.05,0.217,8.54,6.0,堆積岩
p12-03-10361,1,岩手県,200.6,2.22,12.2,27.37,0.181,9.058,2.0,堆積岩
p12-03-10362,1,岩手県,211.1,21.31,68.4,29.29,0.105,10.485,7.0,火成岩
p12-03-10374,1,岩手県,251.4,2.5,37.3,42.74,0.069,2.858,6.0,
p12-03-10375,1,岩手県,292.8,22.12,58.0,36.25,0.033,2.416,7.0,火成岩
p12-03-10376,1,岩手県,289.9,1.45,30.6,35.47,0.239,6.295,7.0,堆積岩
p12-03-10377,1,岩手県,279.0,9.16,42.7,40.86,0.079,8.202,2.0,火成岩
p12-03-10378,1,岩手県,426.6,1.91,9.2,24.43,0.315,11.765,5.0,堆積岩
p12-03-10379,1,岩手県,244.6,3.25,20.1,39.34,0.109,0.088,1.0,堆積岩
p12-03-10380,1,岩手県,251.7,5.63,22.8,44.04,0.073,4.141,2.0,堆積岩
p12-03-10381,1,岩手県,242.2,4.94,12.4,37.55,0.191,0.102,6.0,堆積岩
p12-03-10382,1,岩手県,295.5,2.73,13.4,37.81,0.487,0.342,,堆積岩
p12-03-10383,1,岩手県,254.5,2.78,21.4,41.75,0.145,1.75,7.0,堆積岩
p12-03-10384,1,岩手県,355.8,3.1,26.7,43.94,0.563,7.449,2.0,堆積岩
p12-03-10386,1,岩手県,289.2,4.64,28.5,35.89,0.048,5.845,7.0,堆積岩
p12-03-10389,1,岩手県,250.8,0.68,32.7,42.61,0.088,2.722,6.0,堆積岩
p12-03-10390,1,岩手県,289.7,2.51,16.8,39.95,0.103,10.147,6.0,堆積岩
p12-03-10394,1,岩手県,214.2,7.62,34.0,31.35,0.038,11.892,2.0,堆積岩
p12-03-10395,1,岩手県,175.9,1.37,12.1,31.35,1.054,12.497,4.0,堆積岩
p12-03-10396,1,岩手県,178.5,15.59,48.6,35.33,0.029,13.332,2.0,堆積岩
p12-03-10397,1,岩手県,70.4,0.54,4.4,35.43,0.306,17.553,2.0,堆積岩
p12-03-10413,1,岩手県,642.6,1.91,53.0,58.07,0.166,14.05,7.0,火成岩
p12-03-10460,1,岩手県,397.4,7.51,47.0,51.44,0.255,11.634,2.0,付加体
p12-03-10461,1,岩手県,397.4,7.51,47.0,51.44,0.255,11.634,2.0,付加体
p12-03-10466,1,岩手県,175.2,5.68,16.6,60.75,0.022,31.336,2.0,火成岩
p12-03-10467,1,岩手県,153.8,11.41,22.1,64.67,0.062,30.371,2.0,火成岩
p12-03-10470,1,岩手県,10.4,3.29,14.6,68.62,0.661,38.029,2.0,堆積岩
p12-03-10480,1,岩手県,638.1,4.59,36.0,30.07,0.223,26.031,2.0,火成岩
p12-04-10003,1,宮城県,173.3,4.64,50.7,2.18,0.28,1.5,2.0,堆積岩
p12-05-10015,1,秋田県,10.7,2.71,5.5,57.09,0.064,16.047,1.0,堆積岩
p12-05-10030,1,秋田県,201.5,3.67,38.5,49.31,0.602,17.737,1.0,堆積岩
p12-05-10058,1,秋田県,40.9,0.72,2.8,44.03,0.133,28.172,1.0,堆積岩
p12-05-10059,1,秋田県,123.1,3.08,53.0,41.31,0.18,26.744,6.0,火成岩
p12-05-10060,1,秋田県,20.2,0.57,36.3,48.54,0.023,41.839,2.0,堆積岩
p12-05-10061,1,秋田県,14.7,1.27,14.2,57.02,0.106,16.14,1.0,堆積岩
p12-05-10062,1,秋田県,75.0,10.69,25.8,46.22,0.033,25.432,6.0,堆積岩
p12-05-10101,1,秋田県,4.5,0.35,1.5,52.86,1.289,8.588,6.0,堆積岩
p12-05-10119,1,秋田県,40.9,1.55,23.6,50.19,0.546,13.757,6.0,堆積岩
p12-05-10126,1,秋田県,67.4,10.14,41.2,36.66,0.12,31.728,3.0,堆積岩
p12-05-10140,1,秋田県,104.7,6.41,45.7,44.77,0.169,17.524,2.0,堆積岩
p12-05-10141,1,秋田県,63.0,0.36,1.5,43.32,0.645,18.555,2.0,堆積岩
p12-05-10150,1,秋田県,82.2,2.25,30.1,42.25,1.114,20.288,1.0,堆積岩
p12-05-10166,1,秋田県,255.0,8.98,98.0,21.82,0.047,7.14,2.0,火成岩
p12-05-10167,1,秋田県,257.6,8.05,66.8,21.69,0.06,7.073,2.0,火成岩
p12-05-10173,1,秋田県,140.4,5.48,29.1,33.43,0.019,17.68,2.0,堆積岩
p12-05-10175,1,秋田県,109.2,0.95,63.2,32.49,0.004,15.797,7.0,堆積岩
p12-05-10181,1,秋田県,136.5,2.83,30.2,35.87,0.07,20.225,3.0,堆積岩
p12-05-10182,1,秋田県,64.6,0.23,1.6,41.97,0.711,25.138,1.0,堆積岩
p12-05-10208,1,秋田県,68.1,7.23,41.1,36.66,0.132,31.74,3.0,堆積岩
p12-05-10209,1,秋田県,71.5,11.77,42.2,36.94,0.101,31.784,2.0,堆積岩
p12-05-10218,1,秋田県,66.6,5.18,27.9,43.36,0.705,30.121,2.0,堆積岩
p12-05-10245,1,秋田県,128.4,1.53,18.9,38.49,0.033,13.96,2.0,堆積岩
p12-05-10246,1,秋田県,165.1,5.02,55.8,33.95,0.088,11.108,2.0,堆積岩
p12-05-10247,1,秋田県,352.8,13.79,123.2,28.01,0.02,11.936,7.0,火成岩
p12-05-10254,1,秋田県,42.1,0.19,1.7,45.06,0.167,26.147,2.0,堆積岩
p12-05-10269,1,秋田県,70.4,1.17,5.8,35.96,0.603,24.397,1.0,堆積岩
p12-05-10270,1,秋田県,73.2,1.65,6.8,29.3,0.136,17.143,1.0,堆積岩
p12-05-10276,1,秋田県,85.6,4.23,21.1,85.52,0.263,16.672,2.0,堆積岩
p12-05-10278,1,秋田県,14.8,3.84,11.2,71.4,1.139,10.84,,堆積岩
p12-05-10291,1,秋田県,405.2,4.63,45.9,21.4,0.068,11.621,7.0,火成岩
p12-05-10292,1,秋田県,323.3,14.73,49.5,11.89,0.043,3.151,7.0,堆積岩
p12-05-10293,1,秋田県,376.5,20.38,61.4,9.18,0.031,5.557,9.0,火成岩
p12-05-10294,1,秋田県,709.3,9.54,80.0,15.56,0.047,5.062,9.0,火成岩
p12-05-10295,1,秋田県,571.5,3.18,30.0,15.74,0.304,2.561,2.0,火成岩
p12-05-10296,1,秋田県,97.9,2.74,40.1,33.75,0.213,16.517,1.0,堆積岩
p12-05-10297,1,秋田県,315.8,31.35,129.3,32.06,0.017,18.972,7.0,火成岩
p12-05-10297#2,1,秋田県,149.6,0.58,2.7,30.9,0.594,15.066,2.0,堆積岩
p12-05-10298,1,秋田県,989.4,10.53,61.6,3.8,0.056,13.544,9.0,火成岩
p12-05-10299,1,秋田県,365.4,19.35,52.1,10.98,0.068,14.999,6.0,堆積岩
p12-05-10300,1,秋田県,221.4,10.73,112.5,18.36,0.045,18.376,6.0,火成岩
p12-05-10301,1,秋田県,169.3,2.55,41.9,19.44,0.212,13.588,2.0,堆積岩
p12-05-10325,1,秋田県,9.8,0.21,1.9,31.46,0.346,31.335,6.0,
p12-05-10326,1,秋田県,17.5,2.34,7.7,33.88,1.285,33.589,1.0,堆積岩
p12-05-10340,1,秋田県,353.1,8.97,58.4,10.63,0.146,12.556,8.0,火成岩
p12-05-10341,1,秋田県,482.7,3.72,32.4,10.09,0.17,11.746,2.0,火成岩
p12-05-10344,1,秋田県,111.6,0.62,5.5,30.35,0.068,32.117,2.0,堆積岩
p12-05-10357,1,秋田県,10.6,2.26,16.4,49.3,1.001,37.21,10.0,堆積岩
p12-05-10368,1,秋田県,19.0,0.35,36.6,25.81,1.137,25.564,1.0,堆積岩
p12-05-10370,1,秋田県,168.2,8.34,54.1,32.63,0.597,33.884,7.0,堆積岩
p12-05-10375,1,秋田県,9.4,0.34,0.9,64.81,0.141,3.378,6.0,堆積岩
p12-05-10394,1,秋田県,19.7,0.36,1.0,44.2,0.234,30.217,2.0,堆積岩
p12-05-10397,1,秋田県,14.2,1.73,4.4,49.61,0.255,34.628,7.0,堆積岩
p12-05-10400,1,秋田県,102.3,5.93,67.0,42.35,0.792,27.599,4.0,火成岩
p12-05-10405,1,秋田県,39.7,4.63,37.9,34.51,0.063,21.132,7.0,堆積岩
p12-05-10410,1,秋田県,140.8,1.08,24.4,36.4,0.029,21.2,6.0,堆積岩
p12-05-10411,1,秋田県,162.8,3.09,59.7,34.17,0.052,18.994,6.0,火成岩
p12-05-10418,1,秋田県,49.0,3.9,21.8,44.95,0.071,38.314,7.0,堆積岩
p12-05-10421,1,秋田県,33.2,3.12,11.1,39.16,0.261,26.905,2.0,堆積岩
p12-05-10425,1,秋田県,153.4,3.25,17.8,30.98,0.17,21.453,2.0,堆積岩
p12-05-10426,1,秋田県,59.8,0.23,2.5,34.28,0.593,22.702,2.0,堆積岩
p12-05-10437,1,秋田県,88.0,3.62,29.3,33.49,0.173,17.817,9.0,火成岩
p12-05-10444,1,秋田県,26.6,0.59,3.4,43.33,0.26,17.271,2.0,堆積岩
p12-05-10448,1,秋田県,65.9,1.11,17.3,30.85,0.21,16.1,2.0,火成岩
p12-05-10452,1,秋田県,283.9,6.93,23.0,19.42,0.042,10.137,2.0,堆積岩
p12-05-10468,1,秋田県,10.0,0.0,8.0,19.44,0.22,17.659,6.0,堆積岩
p12-05-10484,1,秋田県,185.8,2.75,12.0,12.89,0.078,11.241,2.0,火成岩
p12-05-10485,1,秋田県,5.1,0.87,11.0,18.6,0.624,16.562,4.0,火成岩
p12-05-10492,1,秋田県,744.1,7.6,98.1,2.81,0.015,9.156,9.0,火成岩
p12-05-10493,1,秋田県,762.6,14.76,79.5,4.72,0.019,10.598,6.0,火成岩
p12-05-10502,1,秋田県,91.8,0.57,2.6,22.78,0.06,8.059,2.0,堆積岩
p12-05-10507,1,秋田県,593.9,21.36,79.2,3.47,0.036,6.966,6.0,火成岩
p12-05-10508,1,秋田県,85.0,0.0,2.2,22.46,0.275,9.948,2.0,堆積岩
p12-05-10526,1,秋田県,404.7,0.08,2.7,4.16,0.073,0.19,,堆積岩
p12-05-10527,1,秋田県,407.3,1.75,13.7,5.76,0.262,0.086,2.0,堆積岩
p12-05-10532,1,秋田県,97.3,13.77,74.5,38.42,0.033,24.669,6.0,堆積岩
p12-05-10535,1,秋田県,96.5,3.68,37.7,38.63,0.109,5.048,2.0,堆積岩
p12-05-10546,1,秋田県,24.1,1.99,18.0,58.3,0.357,9.328,2.0,堆積岩
p12-05-10547,1,秋田県,20.3,1.1,6.9,58.59,0.456,9.088,2.0,堆積岩
p12-05-10551,1,秋田県,31.3,1.51,18.4,67.99,0.733,5.599,2.0,堆積岩
p12-05-10558,1,秋田県,24.5,3.93,30.0,40.16,1.305,17.314,,堆積岩
p12-05-10562,1,秋田県,4.2,2.15,23.8,40.25,1.632,17.599,4.0,堆積岩
p12-05-10585,1,秋田県,20.9,0.57,19.1,56.79,0.84,3.433,2.0,堆積岩
p12-05-10588,1,秋田県,50.8,1.19,9.1,54.71,0.333,5.867,2.0,堆積岩
p12-05-10593,1,秋田県,3.3,1.23,4.3,68.72,1.096,9.458,10.0,堆積岩
p12-05-10596,1,秋田県,180.6,1.58,28.4,39.57,0.226,18.786,6.0,火成岩
p12-05-10600,1,秋田県,151.4,3.28,26.6,42.24,0.16,17.574,6.0,堆積岩
p12-05-10606,1,秋田県,60.5,0.8,14.6,49.15,0.228,20.532,2.0,堆積岩
p12-05-10616,1,秋田県,92.2,10.86,25.3,32.68,0.887,26.923,2.0,堆積岩
p12-06-10008,1,山形県,238.9,9.99,58.0,24.97,0.015,7.736,7.0,火成岩
p12-06-10001,1,山形県,865.7,12.12,33.9,4.65,0.036,0.242,6.0,火成岩
p12-08-10056,1,茨城県,52.4,3.57,22.3,81.92,0.246,16.175,6.0,堆積岩
p12-08-10070,1,茨城県,26.5,1.89,17.0,114.95,0.659,9.993,6.0,堆積岩
p12-08-10076,1,茨城県,25.2,0.57,2.2,75.0,0.554,18.151,2.0,堆積岩
p12-08-10096,1,茨城県,251.1,4.15,34.3,63.51,0.314,6.798,2.0,火成岩
p12-08-10112,1,茨城県,49.4,3.14,14.2,78.09,0.357,22.78,1.0,堆積岩
p12-08-10181,1,茨城県,135.1,4.82,62.9,62.87,0.016,3.203,6.0,堆積岩
p12-08-10182,1,茨城県,67.5,5.52,42.5,58.4,0.18,15.4,6.0,堆積岩
p12-08-10183,1,茨城県,96.4,1.23,19.0,58.35,0.078,12.607,6.0,堆積岩
p12-08-10258,1,茨城県,3.2,0.75,3.6,96.41,1.013,3.461,2.0,堆積岩
p12-08-10266,1,茨城県,63.2,3.26,20.0,73.24,0.149,6.496,6.0,付加体
p12-08-10277,1,茨城県,160.6,38.17,70.1,50.28,0.743,15.152,7.0,堆積岩
p12-08-10278,1,茨城県,107.8,5.98,79.2,53.02,0.131,12.363,6.0,堆積岩
p12-08-10279,1,茨城県,182.6,2.23,27.4,50.35,0.652,15.052,7.0,堆積岩
p12-08-10292,1,茨城県,25.0,0.0,0.1,73.08,1.949,16.892,2.0,堆積岩
p12-09-10010,1,栃木県,838.6,19.94,66.5,4.5,0.011,7.147,7.0,火成岩
p12-10-10006,1,群馬県,195.9,3.28,17.2,16.06,0.644,16.52,2.0,火成岩
p12-10-10007,1,群馬県,240.9,1.54,14.6,14.13,0.112,18.49,2.0,堆積岩
p12-10-10009,1,群馬県,842.7,27.73,108.3,6.05,0.048,14.569,7.0,火成岩
p12-10-10024,1,群馬県,338.0,4.1,20.5,13.4,0.091,15.56,6.0,堆積岩
p12-10-10045,1,群馬県,485.4,7.57,62.8,9.33,0.138,9.461,6.0,火成岩
p12-10-10046,1,群馬県,600.1,16.25,72.9,8.67,0.059,9.469,6.0,火成岩
p12-10-10047,1,群馬県,454.9,6.79,44.9,8.92,0.054,9.238,2.0,火成岩
p12-10-10048,1,群馬県,847.4,6.85,85.8,15.08,0.102,7.677,7.0,火成岩
p12-10-10060,1,群馬県,213.4,2.18,12.6,14.29,0.347,4.604,3.0,火成岩
p12-10-10075,1,群馬県,136.6,3.77,54.5,24.22,0.017,10.337,7.0,堆積岩
p12-10-10076,1,群馬県,191.9,5.22,53.5,29.7,0.127,4.943,7.0,堆積岩
p12-10-10090,1,群馬県,75.2,0.07,3.7,25.79,0.253,12.004,2.0,堆積岩
p12-10-10130,1,群馬県,486.0,12.0,80.5,7.75,0.056,13.602,6.0,火成岩
p12-10-10131,1,群馬県,258.2,3.5,53.9,10.09,0.115,9.496,2.0,付加体
p12-10-10180,1,群馬県,106.5,5.33,39.9,24.52,1.087,14.032,2.0,火成岩
p12-10-10201,1,群馬県,530.0,0.01,62.6,13.05,0.374,5.232,3.0,堆積岩
p12-10-10202,1,群馬県,653.6,5.57,47.3,13.64,0.049,4.794,2.0,火成岩
p12-10-10206,1,群馬県,625.9,4.4,40.5,12.46,0.206,1.679,2.0,堆積岩
p12-10-10208,1,群馬県,512.6,4.13,55.0,8.15,0.053,0.831,6.0,堆積岩
p12-10-10242,1,群馬県,708.5,8.85,63.4,6.6,0.08,4.625,7.0,火成岩
p12-10-10250,1,群馬県,157.8,0.6,2.8,15.32,0.055,10.856,2.0,堆積岩
p12-10-10256,1,群馬県,185.0,1.68,8.7,14.07,0.422,12.045,1.0,堆積岩
p12-10-10258,1,群馬県,278.1,4.01,18.1,9.85,0.069,8.589,3.0,堆積岩
p12-10-10259,1,群馬県,282.0,1.35,23.8,9.99,0.193,8.72,3.0,堆積岩
p12-10-10263,1,群馬県,217.7,3.84,17.2,15.31,0.407,13.306,2.0,堆積岩
p12-10-10265,1,群馬県,210.3,0.75,12.7,14.68,0.044,15.375,10.0,堆積岩
p12-10-10270,1,群馬県,201.4,4.01,56.9,17.13,0.235,11.31,2.0,火成岩
p12-10-10274,1,群馬県,206.0,2.08,40.7,17.09,0.233,11.339,2.0,火成岩
p12-10-10276,1,群馬県,177.5,0.95,6.2,14.59,0.346,12.591,1.0,堆積岩
p12-10-10278,1,群馬県,210.3,0.75,12.7,14.68,0.044,15.375,10.0,堆積岩
p12-10-10282,1,群馬県,81.5,0.5,2.9,31.47,0.88,5.921,2.0,堆積岩
p12-10-10290,1,群馬県,143.5,24.92,34.9,38.27,0.087,4.227,7.0,堆積岩
p12-10-10307,1,群馬県,190.9,0.91,45.4,26.35,0.077,12.062,2.0,堆積岩
p12-10-10314,1,群馬県,210.1,0.54,17.1,19.58,0.128,9.47,1.0,堆積岩
p12-10-10315,1,群馬県,205.4,4.71,19.8,19.54,0.133,9.564,3.0,堆積岩
p12-10-10316,1,群馬県,445.6,12.82,62.1,21.55,0.058,0.428,6.0,火成岩
p12-10-10317,1,群馬県,480.0,7.2,37.1,18.1,0.169,0.944,6.0,堆積岩
p12-10-10318,1,群馬県,1039.6,9.52,88.7,13.02,0.029,6.521,7.0,火成岩
p12-10-10329,1,群馬県,140.5,0.47,13.3,19.66,2.217,13.686,2.0,堆積岩
p12-10-10338,1,群馬県,487.8,9.72,59.1,17.14,0.134,0.091,,火成岩
p12-10-10355,1,群馬県,334.9,4.73,23.1,11.33,0.09,5.407,3.0,火成岩
p12-10-10362,1,群馬県,136.1,1.56,8.3,16.92,0.267,9.396,3.0,堆積岩
p12-10-10364,1,群馬県,760.5,17.87,112.6,36.34,0.063,18.005,6.0,付加体
p12-10-10365,1,群馬県,482.3,2.92,33.7,42.8,0.084,17.222,2.0,堆積岩
p12-10-10367,1,群馬県,511.0,3.26,76.8,41.1,0.048,18.435,6.0,堆積岩
p12-10-10369,1,群馬県,511.0,3.26,76.8,41.1,0.048,18.435,6.0,堆積岩
p12-10-10376,1,群馬県,928.3,6.54,69.9,37.47,0.136,7.335,6.0,付加体
p12-10-10384,1,群馬県,460.1,10.21,62.6,22.73,0.054,10.459,6.0,火成岩
p12-10-10396,1,群馬県,182.6,3.35,30.1,27.26,0.089,9.471,2.0,堆積岩
p12-10-10403,1,群馬県,644.2,8.47,58.4,22.5,0.049,6.156,6.0,堆積岩
p12-10-10404,1,群馬県,842.8,7.12,91.7,10.28,0.036,5.162,7.0,火成岩
p12-10-10405,1,群馬県,548.9,16.03,48.0,18.01,0.014,3.973,7.0,堆積岩
p12-10-10410,1,群馬県,763.0,10.56,89.4,10.68,0.121,9.706,7.0,火成岩
p12-10-10419,1,群馬県,523.2,6.53,91.0,15.38,0.096,10.886,7.0,火成岩
p12-10-10422,1,群馬県,1698.8,7.47,67.9,1.75,0.052,10.523,10.0,火成岩
p12-10-10426,1,群馬県,1237.4,4.35,27.4,10.39,0.078,2.865,2.0,火成岩
p12-10-10429,1,群馬県,1188.9,6.25,36.2,6.33,0.216,9.541,7.0,火成岩
p12-10-10430,1,群馬県,562.7,1.76,27.6,18.62,0.143,11.398,2.0,火成岩
p12-10-10431,1,群馬県,583.6,3.93,41.1,19.35,0.021,9.96,7.0,火成岩
p12-10-10439,1,群馬県,474.1,2.73,42.6,14.61,0.123,7.808,6.0,火成岩
p12-10-10440,1,群馬県,544.9,12.84,88.1,15.92,0.009,7.862,6.0,堆積岩
p12-10-10442,1,群馬県,291.7,7.34,42.6,9.95,0.177,8.821,,火成岩
p12-10-10443,1,群馬県,311.9,10.93,78.3,11.44,0.219,9.73,2.0,火成岩
p12-10-10452,1,群馬県,971.0,26.91,53.8,12.19,0.074,10.453,7.0,火成岩
p12-10-10453,1,群馬県,872.1,14.5,52.3,12.48,0.135,13.509,6.0,堆積岩
p12-10-10454,1,群馬県,875.7,34.87,73.3,12.75,0.246,14.55,6.0,堆積岩
p12-10-10455,1,群馬県,804.8,6.51,44.4,13.31,0.127,13.056,2.0,堆積岩
p12-10-10456,1,群馬県,836.2,7.52,74.2,16.61,0.121,10.25,7.0,火成岩
p12-10-10457,1,群馬県,836.2,7.52,74.2,16.61,0.121,10.25,7.0,火成岩
p12-10-10458,1,群馬県,798.9,47.36,112.5,13.87,0.007,12.635,9.0,火成岩
p12-10-10476,1,群馬県,641.2,40.05,99.2,18.45,0.288,8.123,7.0,堆積岩
p12-10-10482,1,群馬県,342.5,2.91,36.9,14.45,0.09,9.511,,
p12-10-10488,1,群馬県,486.1,7.47,48.8,31.31,0.145,6.966,7.0,火成岩
p12-10-10489,1,群馬県,431.5,5.37,24.6,27.25,0.046,7.795,2.0,堆積岩
p12-10-10490,1,群馬県,459.5,17.55,58.0,21.75,0.049,10.435,2.0,火成岩
p12-10-10493,1,群馬県,613.6,8.12,54.9,28.45,0.188,0.191,2.0,堆積岩
p12-10-10494,1,群馬県,367.5,5.46,14.8,21.77,0.256,10.126,2.0,堆積岩
p12-10-10495,1,群馬県,367.5,5.46,14.8,21.77,0.256,10.126,2.0,堆積岩
p12-10-10507,1,群馬県,610.5,2.15,53.2,28.17,0.185,0.102,2.0,堆積岩
p12-11-10049,1,埼玉県,27.3,0.0,0.3,42.13,0.061,17.773,2.0,堆積岩
p12-11-10146,1,埼玉県,179.9,2.73,21.2,51.62,0.165,9.486,2.0,堆積岩
p12-11-10147,1,埼玉県,383.7,11.91,112.2,57.64,0.056,2.683,7.0,付加体
p12-11-10207,1,埼玉県,12.2,0.22,0.5,59.8,0.254,14.265,2.0,堆積岩
p12-11-10208,1,埼玉県,13.3,0.35,0.9,63.51,0.154,22.078,2.0,堆積岩
p12-11-10261,1,埼玉県,5.1,0.0,0.1,83.37,0.093,16.401,2.0,堆積岩
p12-11-10341,1,埼玉県,13.6,4.98,5.5,76.49,0.346,16.858,4.0,堆積岩
p12-11-10526,1,埼玉県,179.3,30.91,74.2,72.21,0.205,0.048,6.0,付加体
p12-11-10582,1,埼玉県,13.5,0.22,1.6,65.67,0.15,5.965,2.0,堆積岩
p12-11-10615,1,埼玉県,109.6,10.2,30.7,62.06,0.035,9.97,7.0,堆積岩
p12-11-10616,1,埼玉県,159.5,9.77,67.0,62.84,0.218,9.193,6.0,変成岩
p12-11-10632,1,埼玉県,308.6,2.83,69.9,53.6,0.11,8.918,7.0,堆積岩
p12-11-10652,1,埼玉県,426.5,10.68,143.5,41.55,0.512,0.291,,堆積岩
p12-11-10672,1,埼玉県,154.3,3.0,53.9,47.9,0.136,0.677,7.0,変成岩
p12-11-10673,1,埼玉県,95.5,1.85,23.1,49.84,0.118,2.92,1.0,火成岩
p12-12-10050,1,千葉県,5.0,0.34,1.5,160.1,0.271,26.865,,堆積岩
p12-12-10066,1,千葉県,11.6,9.13,11.1,102.07,1.152,14.176,1.0,堆積岩
p12-12-10069,1,千葉県,0.5,0.18,1.0,97.61,0.266,19.932,4.0,堆積岩
p12-12-10106,1,千葉県,0.5,0.25,1.4,82.24,0.998,23.465,,その他
p12-12-10119,1,千葉県,16.0,0.37,0.9,94.73,0.543,8.251,1.0,堆積岩
p12-12-10121,1,千葉県,15.0,0.53,1.2,87.14,1.07,6.382,1.0,堆積岩
p12-12-10122,1,千葉県,15.2,0.0,1.1,92.61,0.946,7.101,1.0,堆積岩
p12-12-10131,1,千葉県,10.3,0.29,0.4,79.52,0.083,8.436,5.0,堆積岩
p12-12-10176,1,千葉県,3.7,1.32,6.1,155.91,0.142,23.772,2.0,堆積岩
p12-12-10193,1,千葉県,0.8,2.23,5.7,95.98,0.065,20.551,,堆積岩
p12-12-10196,1,千葉県,105.3,5.74,61.4,92.95,0.748,17.311,2.0,堆積岩
p12-12-10274,1,千葉県,1.5,0.29,2.6,90.57,0.494,27.096,1.0,その他
p12-12-10277,1,千葉県,1.3,0.32,1.1,94.13,0.95,23.586,,その他
p12-12-10292,1,千葉県,20.5,0.0,1.8,112.43,0.688,2.737,2.0,堆積岩
p12-12-10355,1,千葉県,39.1,5.62,12.4,136.81,0.577,14.272,2.0,堆積岩
p12-12-10359,1,千葉県,35.9,0.53,14.6,139.6,1.073,13.998,2.0,堆積岩
p12-12-10433,1,千葉県,2.6,0.15,1.0,118.94,2.291,7.026,2.0,堆積岩
p12-12-10474,1,千葉県,2.9,3.79,45.6,60.88,0.28,17.25,8.0,堆積岩
p12-14-10007,1,神奈川県,893.8,8.9,63.6,1.55,1.048,1.349,2.0,火成岩
p12-15-10082,1,新潟県,9.4,1.07,15.3,53.25,0.094,0.737,1.0,堆積岩
p12-15-10083,1,新潟県,9.9,3.7,33.2,53.01,0.668,6.842,2.0,堆積岩
p12-15-10107,1,新潟県,1.6,0.0,0.3,60.46,0.035,8.862,2.0,堆積岩
p12-15-10136,1,新潟県,9.3,0.49,33.1,71.53,0.366,24.588,6.0,火成岩
p12-15-10137,1,新潟県,10.5,4.77,13.9,71.96,0.223,23.838,2.0,堆積岩
p12-15-10138,1,新潟県,38.7,5.67,22.4,73.64,0.027,22.67,6.0,堆積岩
p12-15-10139,1,新潟県,4.7,2.23,26.9,75.1,0.193,28.187,9.0,火成岩
p12-15-10140,1,新潟県,25.8,1.18,13.2,74.85,0.661,18.979,6.0,堆積岩
p12-15-10176,1,新潟県,225.3,19.16,84.2,57.54,0.058,18.582,8.0,堆積岩
p12-15-10177,1,新潟県,32.5,0.54,1.2,62.17,0.054,23.776,2.0,堆積岩
p12-15-10178,1,新潟県,33.8,7.29,36.0,62.11,0.55,23.117,2.0,堆積岩
p12-15-10179,1,新潟県,37.3,16.33,33.5,59.29,0.189,22.601,2.0,堆積岩
p12-15-10180,1,新潟県,23.0,0.93,7.1,57.07,0.284,22.389,2.0,堆積岩
p12-15-10181,1,新潟県,71.9,13.43,72.7,73.81,0.044,23.119,2.0,堆積岩
p12-15-10182,1,新潟県,115.7,2.31,19.3,70.68,0.329,25.548,1.0,堆積岩
p12-15-10183,1,新潟県,21.4,0.04,0.9,67.93,0.27,31.129,2.0,堆積岩
p12-15-10184,1,新潟県,99.3,14.99,92.0,70.85,0.047,22.031,6.0,堆積岩
p12-15-10185,1,新潟県,32.3,9.4,59.4,58.49,0.368,22.842,2.0,堆積岩
p12-15-10223,1,新潟県,57.4,16.0,30.5,66.8,0.079,20.234,6.0,堆積岩
p12-15-10237,1,新潟県,20.0,0.0,1.7,68.94,0.058,32.052,6.0,堆積岩
p12-15-10240,1,新潟県,435.5,26.46,44.6,55.16,0.468,15.711,8.0,堆積岩
p12-15-10242,1,新潟県,141.9,3.12,38.0,62.12,0.442,18.478,7.0,堆積岩
p12-15-10261,1,新潟県,21.6,4.47,28.9,73.72,0.438,32.53,10.0,堆積岩
p12-15-10262,1,新潟県,6.9,2.84,45.2,73.79,0.463,35.63,,堆積岩
p12-15-10263,1,新潟県,18.7,2.36,73.5,72.8,0.003,36.541,7.0,堆積岩
p12-15-10280,1,新潟県,25.9,4.9,33.6,73.64,0.432,32.504,10.0,堆積岩
p12-15-10281,1,新潟県,1.2,2.41,8.6,74.14,1.316,36.734,,
p12-15-10282,1,新潟県,21.6,4.47,28.9,73.72,0.438,32.53,10.0,堆積岩
p12-15-10322,1,新潟県,20.9,5.85,36.8,67.97,0.607,32.704,6.0,堆積岩
p12-15-10333,1,新潟県,164.1,8.18,52.5,50.77,0.525,20.724,7.0,堆積岩
p12-15-10352,1,新潟県,7.5,6.97,40.4,74.27,0.27,30.067,,堆積岩
p12-15-10363,1,新潟県,86.3,1.37,10.4,40.27,0.082,5.64,2.0,堆積岩
p12-15-10364,1,新潟県,109.1,1.37,84.7,40.59,0.042,5.461,7.0,堆積岩
p12-15-10385,1,新潟県,51.4,6.13,54.4,56.19,0.941,21.072,2.0,堆積岩
p12-15-10415,1,新潟県,5.1,0.38,3.9,67.37,0.938,9.249,,堆積岩
p12-15-10416,1,新潟県,90.6,1.72,22.2,58.36,0.074,14.756,2.0,堆積岩
p12-15-10417,1,新潟県,8.4,5.25,47.3,81.7,0.079,24.227,,堆積岩
p12-15-10418,1,新潟県,17.0,5.54,27.3,62.66,0.218,4.875,,堆積岩
p12-15-10419,1,新潟県,69.0,3.3,65.1,69.1,0.039,16.401,7.0,堆積岩
p12-15-10451,1,新潟県,91.3,4.74,56.9,60.55,0.01,16.228,2.0,堆積岩
p12-15-10539,1,新潟県,15.4,0.36,2.9,53.53,0.237,7.717,2.0,堆積岩
p12-15-10540,1,新潟県,15.4,0.36,2.9,53.53,0.237,7.717,2.0,堆積岩
p12-15-10541,1,新潟県,512.1,48.19,165.9,44.2,0.048,12.123,9.0,付加体
p12-15-10542,1,新潟県,10.8,1.25,10.4,69.35,1.632,21.668,10.0,堆積岩
p12-15-10543,1,新潟県,44.2,0.98,25.7,54.58,0.077,9.059,2.0,堆積岩
p12-15-10544,1,新潟県,11.7,0.3,1.1,59.61,0.501,12.831,2.0,堆積岩
p12-15-10545,1,新潟県,25.2,21.08,26.7,65.63,0.017,18.485,2.0,堆積岩
p12-15-10546,1,新潟県,36.8,3.07,9.0,55.28,0.08,8.147,2.0,堆積岩
p12-15-10628,1,新潟県,100.5,10.68,62.1,56.51,0.658,24.051,1.0,堆積岩
p12-15-10629,1,新潟県,108.8,3.84,10.6,54.67,0.085,24.695,7.0,堆積岩
p12-15-10646,1,新潟県,80.4,1.6,41.1,43.81,0.058,11.937,2.0,堆積岩
p12-15-10670,1,新潟県,333.1,8.89,64.0,46.83,0.042,26.067,7.0,堆積岩
p12-15-10671,1,新潟県,436.9,3.33,21.0,48.69,0.606,26.239,8.0,堆積岩
p12-15-10672,1,新潟県,144.8,2.3,5.8,50.87,0.299,28.653,2.0,堆積岩
p12-15-10673,1,新潟県,105.7,1.23,8.8,52.61,0.243,26.291,2.0,堆積岩
p12-15-10705,1,新潟県,173.4,1.49,7.8,53.84,0.377,25.398,2.0,堆積岩
p12-15-10736,1,新潟県,160.5,0.93,4.8,49.59,0.134,25.256,,堆積岩
p12-15-10737,1,新潟県,215.2,4.1,37.5,45.45,0.209,22.056,7.0,堆積岩
p12-15-10738,1,新潟県,364.3,8.7,96.2,41.62,0.051,23.723,8.0,堆積岩
p12-15-10739,1,新潟県,315.9,14.65,84.5,43.09,0.087,22.931,2.0,堆積岩
p12-15-10751,1,新潟県,404.5,4.11,87.8,53.25,0.473,19.313,7.0,堆積岩
p12-15-10768,1,新潟県,369.9,30.16,106.6,47.24,0.087,18.946,6.0,火成岩
p12-15-10769,1,新潟県,353.7,6.45,82.9,47.27,0.022,19.014,8.0,火成岩
p12-15-10770,1,新潟県,372.1,6.44,80.9,48.27,0.191,20.247,2.0,火成岩
p12-15-10771,1,新潟県,367.1,24.15,104.4,47.24,0.081,18.941,6.0,火成岩
p12-15-10804,1,新潟県,18.8,2.29,52.4,76.12,0.558,17.244,6.0,堆積岩
p12-15-10841,1,新潟県,32.2,1.62,6.7,65.87,0.168,10.31,6.0,堆積岩
p12-15-10860,1,新潟県,16.2,5.34,48.2,56.98,0.252,20.815,,堆積岩
p12-15-10870,1,新潟県,8.8,0.49,38.9,57.46,0.091,21.26,,堆積岩
p12-15-10898,1,新潟県,22.0,0.74,31.2,69.84,0.052,30.462,7.0,火成岩
p12-15-10907,1,新潟県,202.3,11.57,54.4,13.49,0.109,18.861,2.0,堆積岩
p12-15-10908,1,新潟県,134.9,7.88,75.7,17.31,0.075,23.468,7.0,火成岩
p12-15-10909,1,新潟県,291.6,2.98,49.2,15.81,0.524,21.575,2.0,堆積岩
p12-15-10910,1,新潟県,450.9,6.89,54.7,7.37,0.055,13.48,2.0,火成岩
p12-15-10911,1,新潟県,28.2,1.34,5.0,19.29,0.077,24.826,2.0,堆積岩
p12-15-10912,1,新潟県,277.3,5.05,112.2,15.72,0.126,17.156,7.0,付加体
p12-15-10913,1,新潟県,376.5,4.32,41.1,8.36,0.068,14.498,2.0,火成岩
p12-15-10914,1,新潟県,878.8,11.28,100.2,7.21,0.076,11.202,8.0,堆積岩
p12-15-10915,1,新潟県,1512.4,47.17,153.9,24.33,0.158,21.704,9.0,堆積岩
p12-15-10916,1,新潟県,248.1,7.68,38.3,12.41,0.082,16.62,2.0,堆積岩
p12-15-10917,1,新潟県,262.9,16.79,88.6,14.49,0.083,20.366,2.0,火成岩
p12-15-11020,1,新潟県,675.3,6.19,25.0,7.05,0.709,3.696,2.0,火成岩
p12-15-11021,1,新潟県,1103.1,7.83,145.1,3.14,0.105,7.795,9.0,火成岩
p12-15-11022,1,新潟県,907.1,6.16,100.0,4.49,0.321,8.919,9.0,火成岩
p12-15-11023,1,新潟県,786.7,3.89,38.5,5.54,0.189,9.213,8.0,火成岩
p12-15-11024,1,新潟県,603.2,3.3,32.8,12.32,0.62,7.514,8.0,火成岩
p12-15-11025,1,新潟県,263.1,4.28,21.0,14.06,0.144,18.208,7.0,堆積岩
p12-15-11027,1,新潟県,483.7,17.96,102.5,20.71,0.225,10.602,2.0,堆積岩
p12-15-11028,1,新潟県,425.6,8.83,76.4,21.1,0.278,11.846,2.0,堆積岩
p12-15-11029,1,新潟県,720.3,4.73,31.1,6.32,0.312,4.397,2.0,火成岩
p12-15-11086,1,新潟県,30.0,0.0,1.4,42.62,0.397,10.916,2.0,堆積岩
p12-15-11087,1,新潟県,45.3,7.13,47.9,41.74,0.091,11.368,2.0,堆積岩
p12-15-11088,1,新潟県,30.5,4.08,21.5,40.44,0.091,12.084,6.0,堆積岩
p12-15-11099,1,新潟県,199.6,8.18,65.0,20.21,0.059,24.581,2.0,堆積岩
p12-15-11146,1,新潟県,434.4,13.75,85.4,37.54,0.077,15.386,2.0,堆積岩
p12-15-11173,1,新潟県,71.3,8.99,68.1,43.85,0.039,15.901,2.0,堆積岩
p12-15-11179,1,新潟県,255.2,7.66,79.3,48.09,0.475,16.172,7.0,堆積岩
p12-15-11188,1,新潟県,412.6,8.34,94.7,32.61,0.197,14.703,7.0,堆積岩
p12-15-11192,1,新潟県,15.0,0.53,14.3,45.29,1.75,14.83,,堆積岩
p12-15-11193,1,新潟県,74.9,8.25,59.2,51.9,0.659,6.692,6.0,堆積岩
p12-15-11203,1,新潟県,18.8,7.55,20.4,43.73,2.3,16.298,1.0,堆積岩
p12-15-11204,1,新潟県,8.3,3.42,21.5,43.77,2.353,16.314,1.0,堆積岩
p12-15-11216,1,新潟県,4.8,0.2,8.6,45.51,0.076,13.4,2.0,堆積岩
p12-15-11224,1,新潟県,325.4,6.42,18.8,10.89,0.043,12.292,6.0,火成岩
p12-15-11232,1,新潟県,227.3,10.46,25.6,22.59,0.042,14.789,2.0,堆積岩
p12-15-11245,1,新潟県,490.9,2.04,68.7,27.82,0.749,15.986,7.0,堆積岩
p12-15-11247,1,新潟県,116.8,5.87,65.6,32.97,0.43,22.817,7.0,堆積岩
p12-15-11250,1,新潟県,159.2,2.35,61.8,19.21,0.124,24.164,7.0,堆積岩
p12-15-11280,1,新潟県,19.8,0.26,2.8,47.24,0.91,6.085,1.0,堆積岩
p12-15-11281,1,新潟県,66.8,3.55,27.1,46.49,0.329,5.928,2.0,堆積岩
p12-15-11282,1,新潟県,29.6,0.7,48.1,44.8,0.076,7.933,6.0,堆積岩
p12-15-11283,1,新潟県,25.1,0.23,22.7,40.97,0.156,11.833,2.0,
p12-15-11284,1,新潟県,55.4,4.66,41.8,47.74,0.283,5.571,2.0,堆積岩
p12-15-11285,1,新潟県,66.8,5.29,44.5,46.9,0.124,5.717,2.0,火成岩
p12-15-11286,1,新潟県,37.7,1.79,8.4,48.48,0.074,4.885,6.0,堆積岩
p12-15-11306,1,新潟県,8.2,3.51,42.0,125.43,0.072,16.267,7.0,堆積岩
p12-15-11307,1,新潟県,36.2,3.0,20.4,124.51,0.159,6.492,2.0,堆積岩
p12-15-11308,1,新潟県,32.2,5.01,43.0,101.62,0.449,29.56,2.0,堆積岩
p12-15-11309,1,新潟県,2.3,2.14,7.7,123.0,0.375,12.348,1.0,堆積岩
p12-15-11310,1,新潟県,14.7,5.7,22.5,120.72,0.367,0.113,2.0,堆積岩
p12-15-11311,1,新潟県,28.1,3.19,45.9,107.56,0.148,22.77,7.0,堆積岩
p12-15-11312,1,新潟県,33.8,5.86,42.6,101.64,0.438,29.536,2.0,堆積岩
p12-15-11313,1,新潟県,2.6,6.11,42.9,111.1,0.228,18.229,7.0,堆積岩
p12-15-11314,1,新潟県,2.8,0.76,4.6,119.36,0.96,1.453,2.0,堆積岩
p12-15-11422,1,新潟県,239.9,47.56,131.9,34.49,0.022,7.198,7.0,火成岩
p12-15-11423,1,新潟県,140.2,0.26,51.3,44.76,0.086,9.459,2.0,堆積岩
p12-15-11424,1,新潟県,143.1,13.28,59.2,42.14,0.268,14.805,2.0,堆積岩
p12-15-11425,1,新潟県,205.0,6.28,29.8,45.15,0.069,5.353,7.0,堆積岩
p12-15-11426,1,新潟県,129.3,3.17,27.7,40.58,0.371,11.036,2.0,火成岩
p12-15-11427,1,新潟県,759.1,6.28,57.1,22.42,0.128,0.079,9.0,火成岩
p12-15-11428,1,新潟県,112.6,0.87,4.0,40.27,0.434,13.297,2.0,堆積岩
p12-15-11429,1,新潟県,215.7,7.71,27.6,47.67,0.082,6.474,2.0,堆積岩
p12-15-11430,1,新潟県,215.7,7.71,27.6,47.67,0.082,6.474,2.0,堆積岩
p12-15-11477,1,新潟県,162.7,0.34,1.3,38.28,0.03,18.615,1.0,堆積岩
p12-15-11478,1,新潟県,316.8,2.13,26.2,40.75,0.37,20.796,8.0,堆積岩
p12-15-11479,1,新潟県,204.7,1.6,5.5,33.86,0.044,15.165,2.0,堆積岩
p12-15-11480,1,新潟県,334.3,4.91,58.0,42.04,0.461,20.604,7.0,火成岩
p12-15-11481,1,新潟県,336.2,8.87,46.7,43.07,0.316,20.129,1.0,堆積岩
p12-15-11482,1,新潟県,376.3,11.63,41.8,43.32,0.014,21.465,2.0,堆積岩
p12-15-11483,1,新潟県,347.4,6.17,47.7,41.04,0.096,18.339,3.0,火成岩
p12-15-11484,1,新潟県,124.4,1.41,32.8,39.99,0.529,20.295,6.0,堆積岩
p12-15-11485,1,新潟県,325.0,9.46,89.8,44.29,0.028,21.599,7.0,火成岩
p12-15-11486,1,新潟県,246.6,0.77,6.6,30.74,0.062,12.902,,堆積岩
p12-15-11487,1,新潟県,253.2,11.85,54.2,40.04,0.047,23.541,6.0,堆積岩
p12-15-11488,1,新潟県,163.2,0.35,1.7,38.34,0.107,18.736,1.0,堆積岩
p12-15-11624,1,新潟県,63.3,4.98,61.3,69.7,0.169,23.311,6.0,堆積岩
p12-15-11626,1,新潟県,133.6,6.15,39.0,64.58,0.156,19.493,2.0,堆積岩
p12-15-11628,1,新潟県,339.6,31.07,67.1,53.41,0.044,11.462,8.0,
p12-15-11634,1,新潟県,12.8,2.4,11.9,71.1,1.792,24.127,,堆積岩
p12-15-11635,1,新潟県,58.4,5.59,55.6,69.68,0.093,23.313,6.0,堆積岩
p12-15-11642,1,新潟県,133.6,6.15,39.0,64.58,0.156,19.493,2.0,堆積岩
p12-15-11643,1,新潟県,339.6,31.07,67.1,53.41,0.044,11.462,8.0,
p12-15-11648,1,新潟県,5.7,0.3,1.3,63.62,0.095,14.96,2.0,堆積岩
p12-15-11662,1,新潟県,29.7,4.84,15.0,70.89,0.034,27.129,2.0,堆積岩
p12-15-11663,1,新潟県,26.9,3.9,23.5,71.02,0.136,28.298,9.0,堆積岩
p12-15-11664,1,新潟県,14.0,1.48,10.3,70.21,0.071,29.373,2.0,堆積岩
p12-15-11665,1,新潟県,17.9,4.1,39.0,70.71,0.053,29.123,7.0,火成岩
p12-15-11677,1,新潟県,62.3,22.3,63.6,52.15,0.046,8.843,2.0,火成岩
p12-15-11678,1,新潟県,45.7,19.8,53.8,52.54,0.327,8.697,2.0,堆積岩
p12-15-11684,1,新潟県,128.1,6.47,43.8,20.49,0.036,18.767,6.0,堆積岩
p12-15-11685,1,新潟県,47.0,1.51,24.5,35.81,0.075,12.974,7.0,堆積岩
p12-15-11686,1,新潟県,103.1,7.31,38.8,30.72,0.111,15.155,7.0,堆積岩
p12-15-11687,1,新潟県,178.1,8.78,41.4,30.65,0.51,16.03,7.0,火成岩
p12-15-11688,1,新潟県,420.5,9.15,89.9,12.14,0.604,10.12,8.0,火成岩
p12-15-11689,1,新潟県,118.8,13.34,113.3,30.3,0.209,15.447,6.0,火成岩
p12-15-11690,1,新潟県,118.8,13.34,113.3,30.3,0.209,15.447,6.0,火成岩
p12-15-11781,1,新潟県,354.9,3.71,24.3,41.03,0.267,19.169,1.0,堆積岩
p12-15-11782,1,新潟県,332.5,4.31,25.0,41.42,0.309,19.57,,堆積岩
p12-15-11783,1,新潟県,368.8,26.43,110.1,41.36,0.12,20.06,6.0,堆積岩
p12-15-11784,1,新潟県,361.8,5.89,33.2,41.11,0.104,19.617,1.0,堆積岩
p12-15-11785,1,新潟県,356.2,3.37,27.4,41.03,0.225,19.241,1.0,堆積岩
p12-15-11786,1,新潟県,613.1,3.34,35.9,36.15,0.157,21.639,,堆積岩
p12-15-11787,1,新潟県,690.3,16.05,116.6,33.29,0.07,19.145,6.0,火成岩
p12-15-11788,1,新潟県,498.3,4.7,91.3,39.62,0.097,19.468,8.0,火成岩
p12-15-11789,1,新潟県,606.4,4.78,67.7,38.62,0.18,16.321,8.0,火成岩
p12-15-11790,1,新潟県,424.5,2.2,68.2,39.96,0.045,16.874,2.0,堆積岩
p12-15-11791,1,新潟県,409.8,6.66,21.4,38.9,0.047,15.755,2.0,堆積岩
p12-15-11792,1,新潟県,814.2,4.14,64.3,31.45,0.046,15.981,6.0,堆積岩
p12-15-11793,1,新潟県,1035.3,17.05,107.2,25.63,0.029,12.743,9.0,火成岩
p12-15-11794,1,新潟県,315.9,5.19,55.6,41.97,0.141,19.917,1.0,堆積岩
p12-15-11795,1,新潟県,354.8,6.0,101.3,41.79,0.264,20.035,8.0,堆積岩
p12-15-11796,1,新潟県,473.9,3.43,30.0,39.07,0.044,16.077,2.0,堆積岩
p12-15-11797,1,新潟県,397.3,22.01,79.5,39.6,0.125,16.454,2.0,堆積岩
p12-15-11798,1,新潟県,388.3,3.26,60.5,39.68,0.077,16.536,2.0,堆積岩
p12-15-11799,1,新潟県,469.0,4.88,73.0,39.04,0.051,19.195,2.0,堆積岩
p12-15-11800,1,新潟県,939.9,2.5,39.1,28.75,0.238,10.342,1.0,火成岩
p12-15-11844,1,新潟県,452.6,1.54,7.6,38.57,0.559,14.209,2.0,堆積岩
p12-15-11845,1,新潟県,208.2,5.04,72.3,46.63,0.014,21.32,10.0,堆積岩
p12-15-11846,1,新潟県,207.9,8.19,61.4,46.8,0.113,21.634,10.0,堆積岩
p12-15-11847,1,新潟県,217.5,2.15,67.0,43.24,0.233,17.505,2.0,堆積岩
p12-15-11848,1,新潟県,225.0,7.02,31.9,40.85,0.099,15.208,7.0,堆積岩
p12-15-11849,1,新潟県,544.4,24.81,183.2,34.07,0.145,14.411,8.0,火成岩
p12-15-11850,1,新潟県,577.3,4.2,78.6,32.09,0.317,12.867,8.0,火成岩
p12-15-11851,1,新潟県,235.1,2.32,30.4,41.1,0.09,15.893,7.0,堆積岩
p12-15-11852,1,新潟県,235.1,2.32,30.4,41.1,0.09,15.893,7.0,堆積岩
p12-15-11853,1,新潟県,217.5,2.15,67.0,43.24,0.233,17.505,2.0,堆積岩
p12-15-11875,1,新潟県,40.7,0.53,2.0,68.83,0.237,18.242,2.0,堆積岩
p12-15-11876,1,新潟県,58.4,13.87,45.5,66.69,0.097,19.402,6.0,
p12-15-11877,1,新潟県,43.0,0.73,33.3,69.2,0.016,18.54,6.0,堆積岩
p12-15-11878,1,新潟県,45.8,2.64,49.3,70.1,0.037,17.049,6.0,堆積岩
p12-15-11879,1,新潟県,34.8,0.56,2.4,70.44,0.346,17.703,2.0,堆積岩
p12-15-11909,1,新潟県,6.8,4.47,71.6,80.27,19.507,40.68,6.0,火成岩
p12-17-10053,1,石川県,167.0,7.77,75.6,37.05,0.043,4.601,2.0,堆積岩
p12-17-10054,1,石川県,30.9,3.75,62.0,51.2,0.001,4.9,2.0,堆積岩
p12-17-10055,1,石川県,110.6,6.41,44.4,39.38,0.055,5.772,7.0,堆積岩
p12-17-10056,1,石川県,6.1,0.89,1.8,48.52,0.047,9.391,1.0,堆積岩
p12-17-10057,1,石川県,76.3,5.36,47.4,40.37,0.092,4.785,2.0,堆積岩
p12-17-10110,1,石川県,8.8,1.7,15.1,82.8,1.292,19.363,1.0,堆積岩
p12-17-10111,1,石川県,14.6,15.67,29.0,75.08,0.072,25.464,2.0,堆積岩
p12-17-10112,1,石川県,18.5,29.37,47.1,75.69,1.401,22.691,,堆積岩
p12-17-10113,1,石川県,4.4,1.25,7.7,83.11,1.473,19.481,1.0,堆積岩
p12-17-10114,1,石川県,6.7,0.6,2.6,81.95,0.241,15.411,2.0,堆積岩
p12-17-10115,1,石川県,1.1,2.47,23.5,90.11,0.156,24.264,7.0,堆積岩
p12-17-10116,1,石川県,7.7,3.71,40.2,80.63,0.178,26.076,7.0,堆積岩
p12-17-10179,1,石川県,8.9,0.55,31.2,35.12,0.087,2.68,2.0,堆積岩
p12-17-10180,1,石川県,8.6,3.49,16.3,36.69,0.716,0.465,2.0,堆積岩
p12-17-10181,1,石川県,29.5,2.32,20.8,36.46,0.801,3.951,2.0,堆積岩
p12-17-10182,1,石川県,13.5,1.34,52.9,34.32,0.012,6.411,7.0,火成岩
p12-17-10183,1,石川県,54.5,4.69,60.3,32.31,0.084,4.713,6.0,堆積岩
p12-17-10222,1,石川県,8.6,0.89,3.7,109.86,0.095,51.698,2.0,堆積岩
p12-17-10223,1,石川県,36.4,7.74,57.0,108.72,0.41,53.293,7.0,堆積岩
p12-17-10225,1,石川県,92.8,43.3,62.5,108.67,0.554,38.493,,堆積岩
p12-17-10268,1,石川県,0.6,0.95,3.6,88.0,0.359,64.035,2.0,堆積岩
p12-17-10269,1,石川県,60.4,4.13,53.0,90.19,1.576,79.572,5.0,堆積岩
p12-17-10270,1,石川県,5.7,0.42,1.3,85.56,0.683,72.314,2.0,堆積岩
p12-17-10298,1,石川県,18.6,0.28,1.5,40.12,0.85,5.251,2.0,堆積岩
p12-17-10299,1,石川県,63.9,4.54,47.5,37.19,0.092,10.187,2.0,堆積岩
p12-17-10316,1,石川県,1.9,0.15,1.6,41.31,0.414,0.239,,堆積岩
p12-17-10317,1,石川県,4.8,0.48,25.7,42.14,0.5,0.125,7.0,その他
p12-17-10318,1,石川県,9.5,1.11,18.6,46.56,0.042,4.714,2.0,堆積岩
p12-17-10354,1,石川県,9.4,0.74,2.4,81.38,1.2,3.925,7.0,堆積岩
p12-17-10422,1,石川県,7.7,0.29,2.3,47.54,0.425,14.152,,堆積岩
p12-17-10423,1,石川県,4.0,1.16,6.3,45.4,0.12,13.581,6.0,堆積岩
p12-17-10424,1,石川県,683.6,41.15,133.8,11.6,0.032,9.301,9.0,火成岩
p12-17-10425,1,石川県,11.0,1.81,10.1,43.93,0.215,10.54,,堆積岩
p12-17-10426,1,石川県,293.6,8.4,80.8,22.93,0.069,9.318,6.0,火成岩
p12-17-10427,1,石川県,164.3,7.23,35.9,29.21,0.017,9.02,9.0,堆積岩
p12-17-10428,1,石川県,456.2,1.43,44.5,15.37,0.436,9.821,8.0,火成岩
p12-17-10429,1,石川県,245.3,7.85,40.4,21.82,0.066,7.058,2.0,火成岩
p12-17-10430,1,石川県,293.7,7.75,116.0,20.61,0.068,7.748,7.0,火成岩
p12-17-10431,1,石川県,240.8,1.49,56.6,22.81,0.072,7.314,2.0,火成岩
p12-17-10432,1,石川県,180.0,0.03,24.9,28.13,0.184,9.522,2.0,堆積岩
p12-17-10433,1,石川県,564.0,4.64,133.7,13.27,0.24,12.003,7.0,堆積岩
p12-17-10434,1,石川県,562.4,10.36,61.2,13.26,0.338,12.102,5.0,変成岩
p12-17-10435,1,石川県,311.4,2.42,47.9,18.45,0.134,6.248,9.0,堆積岩
p12-17-10436,1,石川県,527.7,9.16,55.7,12.3,0.155,12.717,8.0,堆積岩
p12-17-10437,1,石川県,829.5,15.94,107.7,7.8,0.156,9.806,10.0,堆積岩
p12-17-10438,1,石川県,520.5,11.14,40.1,12.27,0.088,12.676,8.0,堆積岩
p12-17-10439,1,石川県,490.9,3.16,20.9,13.14,0.057,11.456,6.0,堆積岩
p12-17-10440,1,石川県,472.2,9.64,80.4,13.51,0.166,9.775,,堆積岩
p12-17-10441,1,石川県,784.4,17.25,136.9,10.66,0.239,11.111,8.0,火成岩
p12-17-10552,1,石川県,32.7,1.89,9.1,38.04,1.823,10.629,2.0,堆積岩
p12-17-10553,1,石川県,37.1,3.94,19.5,37.9,0.653,9.186,6.0,堆積岩
p12-17-10576,1,石川県,29.6,0.56,2.3,40.6,0.917,10.876,2.0,堆積岩
p12-17-10605,1,石川県,9.4,0.98,15.3,99.72,0.519,25.111,,堆積岩
p12-17-10606,1,石川県,5.1,0.56,1.9,86.98,0.101,9.536,2.0,堆積岩
p12-17-10627,1,石川県,31.6,4.04,20.8,75.92,0.33,6.871,7.0,堆積岩
p12-17-10653,1,石川県,2.6,3.9,11.9,85.53,0.296,38.442,2.0,堆積岩
p12-17-10677,1,石川県,42.0,12.72,42.3,85.06,0.159,53.992,7.0,火成岩
p12-17-10678,1,石川県,17.3,3.15,22.9,89.03,0.425,44.418,2.0,堆積岩
p12-17-10679,1,石川県,74.3,9.49,59.8,97.36,0.37,54.008,6.0,火成岩
p12-19-10017,1,山梨県,525.8,5.11,55.3,21.72,0.064,4.149,10.0,堆積岩
p12-19-10033,1,山梨県,568.6,9.24,59.0,29.21,0.099,14.195,3.0,堆積岩
p12-19-10038,1,山梨県,453.3,7.62,24.8,41.78,0.079,12.295,1.0,堆積岩
p12-19-10039,1,山梨県,561.4,7.26,62.7,38.67,0.728,9.505,6.0,火成岩
p12-19-10040,1,山梨県,679.6,15.79,91.8,47.63,0.07,14.259,6.0,火成岩
p12-19-10041,1,山梨県,796.2,14.37,97.1,43.53,0.163,6.365,3.0,堆積岩
p12-19-10051,1,山梨県,414.6,0.98,5.8,39.17,0.199,11.435,10.0,堆積岩
p12-19-10055,1,山梨県,428.5,5.84,31.0,44.0,0.131,10.861,2.0,堆積岩
p12-19-10058,1,山梨県,266.1,0.43,2.4,35.46,0.341,8.301,2.0,堆積岩
p12-19-10059,1,山梨県,519.7,5.11,58.0,43.25,0.123,5.205,6.0,堆積岩
p12-19-10060,1,山梨県,326.0,0.95,12.1,41.0,0.236,7.229,2.0,堆積岩
p12-19-10066,1,山梨県,247.5,0.34,1.8,32.36,0.132,6.183,2.0,堆積岩
p12-19-10083,1,山梨県,844.7,4.69,20.2,25.75,0.056,10.629,6.0,火成岩
p12-19-10084,1,山梨県,707.5,4.81,17.0,30.19,0.693,6.597,2.0,堆積岩
p12-19-10085,1,山梨県,994.3,3.31,29.5,23.13,0.69,12.438,6.0,火成岩
p12-19-10086,1,山梨県,1185.7,7.72,23.3,22.7,0.69,7.565,2.0,火成岩
p12-19-10094,1,山梨県,1017.1,6.4,85.4,31.2,0.075,2.474,3.0,火成岩
p12-19-10101,1,山梨県,509.6,1.83,7.4,34.13,0.178,13.593,2.0,堆積岩
p12-19-10102,1,山梨県,763.6,5.58,50.4,23.89,0.059,8.203,4.0,堆積岩
p12-19-10103,1,山梨県,678.8,2.85,15.3,31.68,0.406,17.642,3.0,堆積岩
p12-19-10121,1,山梨県,284.4,0.6,2.9,34.7,0.146,9.636,3.0,堆積岩
p12-19-10122,1,山梨県,441.4,4.45,31.0,29.62,0.051,12.246,1.0,堆積岩
p12-19-10123,1,山梨県,274.9,1.21,6.2,31.8,0.422,10.548,3.0,堆積岩
p12-19-10124,1,山梨県,274.2,1.52,7.1,32.57,0.271,10.22,1.0,堆積岩
p12-19-10139,1,山梨県,267.2,5.3,68.5,39.7,0.088,3.352,7.0,付加体
p12-19-10147,1,山梨県,823.8,7.17,65.2,41.98,0.034,16.499,7.0,堆積岩
p12-19-10151,1,山梨県,498.3,7.52,63.7,34.87,0.249,16.468,3.0,付加体
p12-19-10152,1,山梨県,985.8,22.31,97.0,33.89,0.035,15.496,7.0,火成岩
p12-19-10156,1,山梨県,255.2,0.18,2.4,32.68,0.606,9.243,2.0,堆積岩
p12-19-10159,1,山梨県,339.2,15.71,55.3,27.33,0.082,4.594,2.0,堆積岩
p12-19-10163,1,山梨県,226.0,3.17,55.3,27.89,0.036,7.375,1.0,堆積岩
p12-19-10164,1,山梨県,369.7,10.72,57.5,28.8,0.391,4.192,3.0,火成岩
p12-19-10171,1,山梨県,313.8,17.74,115.5,29.12,0.02,9.28,7.0,付加体
p12-19-10172,1,山梨県,236.8,4.79,128.1,23.77,0.015,9.011,6.0,堆積岩
p12-19-10180,1,山梨県,120.9,1.53,11.5,25.62,0.074,4.089,7.0,堆積岩
p12-19-10190,1,山梨県,299.5,3.99,66.3,31.66,0.071,8.23,2.0,堆積岩
p12-19-10195,1,山梨県,651.2,7.17,52.7,31.25,0.046,9.277,7.0,堆積岩
p12-19-10200,1,山梨県,643.5,5.52,53.0,21.27,0.023,6.091,6.0,堆積岩
p12-19-10232,1,山梨県,728.6,0.92,40.7,48.14,0.247,3.576,6.0,付加体
p12-19-10235,1,山梨県,606.2,7.32,92.2,50.78,0.056,4.032,9.0,付加体
p12-20-10002,1,長野県,904.5,4.05,36.6,21.14,0.63,1.561,2.0,火成岩
p12-20-10014,1,長野県,351.8,1.33,5.3,29.51,0.165,13.42,2.0,堆積岩
p12-20-10018,1,長野県,336.2,3.4,5.8,24.46,0.065,8.022,2.0,堆積岩
p12-20-10019,1,長野県,556.5,6.34,95.1,23.16,0.181,9.593,2.0,火成岩
p12-20-10020,1,長野県,339.7,0.22,57.5,22.6,0.105,14.409,7.0,堆積岩
p12-20-10021,1,長野県,595.7,9.44,104.7,24.72,0.134,4.949,7.0,堆積岩
p12-20-10025,1,長野県,805.0,6.91,95.8,27.7,0.052,10.297,8.0,堆積岩
p12-20-10026,1,長野県,851.7,12.74,51.7,37.73,0.36,2.918,2.0,堆積岩
p12-20-10027,1,長野県,713.7,11.43,99.5,28.35,0.207,7.761,6.0,堆積岩
p12-20-10029,1,長野県,510.7,25.55,132.0,33.23,0.202,5.036,7.0,堆積岩
p12-20-10060,1,長野県,654.3,14.39,90.1,33.35,0.074,1.968,7.0,火成岩
p12-20-10061,1,長野県,657.6,2.87,46.8,35.48,0.525,2.056,1.0,火成岩
p12-20-10062,1,長野県,1118.8,25.51,116.7,22.94,0.006,11.258,6.0,火成岩
p12-20-10064,1,長野県,1084.2,28.74,116.2,10.05,0.045,2.551,6.0,付加体
p12-20-10068,1,長野県,1405.3,21.6,142.1,6.83,0.076,4.17,7.0,付加体
p12-20-10092,1,長野県,832.3,25.55,113.1,18.77,0.099,8.091,7.0,堆積岩
p12-20-10098,1,長野県,580.1,4.84,54.5,32.76,0.014,8.951,7.0,堆積岩
p12-20-10099,1,長野県,530.4,1.04,11.4,24.4,0.195,4.906,2.0,堆積岩
p12-20-10101,1,長野県,999.7,9.61,165.2,15.27,0.03,5.544,7.0,火成岩
p12-20-10116,1,長野県,363.7,10.67,71.7,59.08,0.001,20.017,2.0,火成岩
p12-20-10121,1,長野県,401.3,2.08,13.6,72.46,0.064,13.475,7.0,堆積岩
p12-20-10143,1,長野県,686.0,22.2,129.6,18.77,0.017,8.95,2.0,堆積岩
p12-20-10147,1,長野県,397.8,1.69,10.1,17.69,0.114,16.022,1.0,堆積岩
p12-20-10152,1,長野県,673.8,8.6,63.2,14.43,0.679,7.248,7.0,堆積岩
p12-20-10173,1,長野県,761.2,3.65,20.1,36.92,0.131,0.04,2.0,堆積岩
p12-20-10185,1,長野県,846.8,4.85,46.9,41.72,0.087,0.777,9.0,堆積岩
p12-20-10186,1,長野県,867.8,3.38,23.2,40.36,0.083,0.777,6.0,堆積岩
p12-20-10199,1,長野県,834.9,7.83,43.6,17.48,0.701,4.879,6.0,堆積岩
p12-20-10206,1,長野県,417.7,6.48,29.1,25.39,0.132,4.457,2.0,堆積岩
p12-20-10219,1,長野県,317.3,7.68,33.2,27.57,0.132,3.339,2.0,堆積岩
p12-20-10221,1,長野県,1419.9,0.37,14.5,7.62,0.209,0.053,,火成岩
p12-20-10222,1,長野県,1119.8,2.93,19.0,11.05,0.122,4.647,6.0,火成岩
p12-20-10241,1,長野県,679.2,2.68,16.2,19.15,0.512,0.794,2.0,堆積岩
p12-20-10242,1,長野県,926.7,4.35,54.7,12.17,0.198,5.547,6.0,堆積岩
p12-20-10243,1,長野県,723.4,13.84,50.1,19.39,0.202,2.156,7.0,堆積岩
p12-20-10263,1,長野県,378.3,0.74,3.7,34.65,0.057,7.01,1.0,堆積岩
p12-20-10277,1,長野県,607.3,3.3,16.6,26.31,0.072,18.273,2.0,堆積岩
p12-20-10278,1,長野県,781.3,2.39,67.0,23.35,0.517,15.043,3.0,付加体
p12-20-10279,1,長野県,763.9,8.83,52.6,23.36,0.095,17.638,4.0,堆積岩
p12-20-10285,1,長野県,1270.6,2.0,48.2,11.26,0.604,1.145,6.0,火成岩
p12-20-10320,1,長野県,697.9,10.37,83.4,36.75,0.03,13.39,7.0,堆積岩
p12-20-10321,1,長野県,661.2,8.75,87.8,34.56,0.19,12.794,7.0,堆積岩
p12-20-10330,1,長野県,1196.6,4.55,17.4,14.5,0.37,6.677,7.0,火成岩
p12-20-10337,1,長野県,852.4,13.26,55.7,36.41,0.713,6.757,6.0,堆積岩
p12-20-10345,1,長野県,614.7,5.7,30.9,51.04,0.151,3.852,2.0,堆積岩
p12-20-10349,1,長野県,733.3,4.21,17.2,42.37,0.295,2.391,7.0,堆積岩
p12-20-10350,1,長野県,707.6,3.98,44.9,47.53,0.12,8.872,7.0,堆積岩
p12-20-10352,1,長野県,661.9,6.24,65.5,50.07,0.094,14.026,7.0,堆積岩
p12-20-10353,1,長野県,665.3,9.12,77.9,50.11,0.128,14.061,3.0,堆積岩
p12-20-10356,1,長野県,537.7,12.67,148.1,67.36,0.071,9.415,7.0,火成岩
p12-20-10357,1,長野県,588.9,11.94,66.9,53.26,0.147,19.679,2.0,火成岩
p12-20-10366,1,長野県,1027.1,9.88,81.4,58.78,0.048,14.268,6.0,火成岩
p12-20-10367,1,長野県,918.2,2.53,53.2,64.64,0.039,10.497,2.0,火成岩
p12-20-10373,1,長野県,552.5,2.85,48.0,60.4,0.628,16.582,7.0,堆積岩
p12-20-10374,1,長野県,471.3,2.94,63.4,59.98,0.33,17.564,7.0,堆積岩
p12-20-10375,1,長野県,510.6,1.39,44.0,60.23,0.606,17.294,7.0,堆積岩
p12-20-10377,1,長野県,837.6,9.85,74.7,71.64,0.141,2.847,7.0,堆積岩
p12-20-10379,1,長野県,607.8,4.36,140.2,76.58,0.027,4.275,6.0,変成岩
p12-20-10394,1,長野県,921.8,6.53,60.5,40.19,0.344,15.257,,堆積岩
p12-20-10397,1,長野県,656.8,41.39,105.7,39.0,0.19,10.979,7.0,火成岩
p12-20-10416,1,長野県,607.3,2.36,15.1,28.94,0.047,12.465,2.0,堆積岩
p12-20-10425,1,長野県,852.9,8.67,47.5,22.32,0.235,16.398,5.0,堆積岩
p12-20-10429,1,長野県,884.2,19.73,159.1,8.15,0.169,6.841,8.0,堆積岩
p12-20-10430,1,長野県,993.9,10.76,112.7,7.44,0.124,6.458,9.0,堆積岩
p12-20-10431,1,長野県,478.1,39.51,233.1,14.81,0.281,14.511,8.0,火成岩
p12-20-10432,1,長野県,260.1,13.68,80.8,15.67,0.081,17.494,8.0,火成岩
p12-20-10433,1,長野県,474.9,3.24,39.2,17.66,0.109,14.877,8.0,火成岩
p12-20-10434,1,長野県,876.5,6.62,52.0,20.93,1.15,17.621,5.0,火成岩
p12-20-10435,1,長野県,846.3,6.86,36.1,23.95,0.194,14.8,8.0,堆積岩
p12-20-10438,1,長野県,480.6,12.03,62.5,32.03,0.331,10.211,2.0,堆積岩
p12-20-10441,1,長野県,879.1,10.76,98.1,9.63,0.106,14.658,8.0,火成岩
p12-20-10443,1,長野県,628.9,6.11,75.8,14.3,0.345,17.928,1.0,堆積岩
p12-20-10444,1,長野県,628.9,6.11,75.8,14.3,0.345,17.928,1.0,堆積岩
p12-20-10450,1,長野県,685.6,7.74,87.5,25.6,0.008,4.423,4.0,火成岩
p12-20-10451,1,長野県,566.3,7.29,42.6,29.9,0.191,2.527,2.0,堆積岩
p12-20-10468,1,長野県,844.5,4.05,13.9,17.59,0.082,0.06,5.0,堆積岩
p12-20-10474,1,長野県,804.7,19.26,95.6,21.06,0.005,11.224,4.0,火成岩
p12-21-10007,1,岐阜県,20.1,0.48,1.9,79.3,0.206,15.233,1.0,堆積岩
p12-21-10074,1,岐阜県,915.9,2.05,83.4,4.44,0.062,15.184,8.0,火成岩
p12-21-10078,1,岐阜県,1232.3,4.92,71.6,7.79,0.181,12.593,8.0,付加体
p12-21-10086,1,岐阜県,824.3,10.56,56.7,23.01,0.056,3.945,2.0,堆積岩
p12-21-10100,1,岐阜県,1001.8,14.59,114.4,9.6,0.141,0.643,8.0,付加体
p12-21-10105,1,岐阜県,637.1,5.81,78.3,35.98,0.094,11.857,6.0,堆積岩
p12-21-10111,1,岐阜県,820.2,11.36,91.4,6.25,0.163,16.52,2.0,火成岩
p12-21-10141,1,岐阜県,181.3,11.02,38.2,52.04,0.126,17.022,7.0,付加体
p12-21-10142,1,岐阜県,343.9,1.65,48.0,46.74,0.086,12.93,7.0,付加体
p12-21-10146,1,岐阜県,84.1,6.47,38.7,68.93,0.342,12.831,2.0,付加体
p12-21-10181,1,岐阜県,454.8,4.04,53.7,43.53,0.087,9.619,2.0,堆積岩
p12-21-10182,1,岐阜県,528.5,2.28,70.6,24.97,0.287,12.187,2.0,堆積岩
p12-21-10183,1,岐阜県,424.3,12.06,79.7,40.62,0.385,5.675,7.0,火成岩
p12-21-10184,1,岐阜県,332.3,3.43,36.3,42.19,0.565,5.649,7.0,火成岩
p12-21-10185,1,岐阜県,290.8,5.45,52.2,45.79,0.204,7.064,7.0,火成岩
p12-21-10186,1,岐阜県,336.3,1.94,14.5,37.07,0.322,2.436,2.0,堆積岩
p12-21-10268,1,岐阜県,2.6,0.31,1.0,100.03,0.515,18.26,2.0,堆積岩
p12-21-10269,1,岐阜県,2.7,0.13,0.9,100.13,0.585,18.293,2.0,堆積岩
p12-21-10292,1,岐阜県,486.8,3.51,28.3,60.16,0.021,5.71,6.0,堆積岩
p12-21-10293,1,岐阜県,466.8,8.65,82.4,70.32,0.134,3.344,7.0,火成岩
p12-21-10340,1,岐阜県,433.3,11.16,47.9,69.25,0.397,13.643,7.0,堆積岩
p12-21-10379,1,岐阜県,126.9,4.98,37.1,66.66,0.071,8.255,7.0,付加体
p12-21-10380,1,岐阜県,61.2,7.2,16.0,67.52,0.08,7.607,2.0,付加体
p12-21-10403,1,岐阜県,740.3,11.56,50.3,31.74,0.482,19.977,6.0,堆積岩
p12-21-10410,1,岐阜県,447.9,6.26,25.3,33.95,0.123,8.808,2.0,変成岩
p12-21-10420,1,岐阜県,245.4,5.16,25.5,57.47,0.241,13.03,6.0,付加体
p12-21-10435,1,岐阜県,903.6,5.53,63.4,26.99,0.967,12.135,6.0,火成岩
p12-21-10442,1,岐阜県,435.2,1.19,10.5,33.23,0.446,8.931,2.0,堆積岩
p12-21-10445,1,岐阜県,557.7,15.8,48.1,24.42,0.044,12.256,7.0,火成岩
p12-21-10448,1,岐阜県,970.0,10.29,55.7,21.33,0.188,9.79,6.0,火成岩
p12-21-10451,1,岐阜県,202.2,3.62,25.7,50.8,0.075,18.479,7.0,付加体
p12-21-10453,1,岐阜県,749.8,9.47,48.4,36.19,0.088,15.971,6.0,付加体
p12-21-10454,1,岐阜県,956.3,2.64,28.4,23.53,0.154,7.401,7.0,火成岩
p12-21-10457,1,岐阜県,128.9,8.81,59.8,56.18,0.073,22.503,6.0,
p12-21-10459,1,岐阜県,288.0,1.63,50.1,39.44,0.142,12.781,2.0,堆積岩
p12-21-10473,1,岐阜県,636.7,4.71,122.2,24.58,0.089,11.311,7.0,火成岩
p12-21-10492,1,岐阜県,377.6,13.9,54.5,23.44,0.083,5.036,7.0,堆積岩
p12-21-10493,1,岐阜県,640.8,14.45,70.0,14.45,0.069,9.727,,堆積岩
p12-21-10495,1,岐阜県,239.6,1.09,44.1,39.16,0.177,10.348,6.0,付加体
p12-21-10496,1,岐阜県,516.7,16.45,65.6,24.54,0.03,14.676,7.0,堆積岩
p12-21-10498,1,岐阜県,362.2,2.36,28.8,23.63,0.118,4.945,1.0,堆積岩
p12-21-10504,1,岐阜県,365.1,1.43,7.3,23.66,0.086,4.815,7.0,堆積岩
p12-21-10512,1,岐阜県,372.2,14.79,60.0,23.53,0.118,4.92,7.0,堆積岩
p12-21-10514,1,岐阜県,503.6,10.32,89.2,27.44,0.163,2.571,1.0,堆積岩
p12-21-10519,1,岐阜県,235.3,2.52,16.0,39.02,0.056,10.305,6.0,付加体
p12-21-10524,1,岐阜県,125.5,23.56,131.2,105.96,0.257,11.064,1.0,付加体
p12-21-10525,1,岐阜県,0.2,0.14,1.1,108.86,0.48,17.48,2.0,堆積岩
p12-21-10547,1,岐阜県,8.8,0.15,1.7,97.2,0.161,9.307,2.0,堆積岩
p12-21-10567,1,岐阜県,5.8,0.18,0.9,91.76,0.739,16.439,9.0,堆積岩
p12-21-10573,1,岐阜県,144.2,11.13,110.7,80.57,0.066,7.356,6.0,付加体
p12-21-10577,1,岐阜県,159.2,6.79,71.8,69.98,0.114,1.847,6.0,付加体
p12-21-10583,1,岐阜県,419.2,4.37,110.8,74.15,0.006,5.579,7.0,火成岩
p12-21-10592,1,岐阜県,75.6,4.36,29.6,70.28,0.117,6.242,2.0,堆積岩
p12-21-10600,1,岐阜県,85.4,1.8,35.5,71.4,0.105,9.157,7.0,堆積岩
p12-21-10612,1,岐阜県,72.0,6.49,56.4,84.04,0.053,6.455,6.0,付加体
p12-21-10613,1,岐阜県,58.3,3.99,42.4,83.98,0.019,6.521,6.0,付加体
p12-21-10659,1,岐阜県,616.4,9.83,53.0,11.97,0.222,3.963,2.0,火成岩
p12-22-10030,1,静岡県,508.1,9.76,102.3,45.8,0.023,3.867,6.0,付加体
p12-22-10031,1,静岡県,878.4,4.52,111.4,48.59,0.162,1.97,7.0,付加体
p12-22-10032,1,静岡県,315.4,8.27,47.9,53.49,0.029,10.566,6.0,付加体
p12-22-10033,1,静岡県,729.9,3.24,66.6,36.19,0.097,9.13,7.0,付加体
p12-22-10089,1,静岡県,43.6,4.6,73.6,51.38,0.411,33.432,8.0,堆積岩
p12-22-10138,1,静岡県,145.0,4.87,67.2,37.73,0.08,18.852,6.0,堆積岩
p12-22-10156,1,静岡県,1.8,0.61,3.6,38.17,0.119,24.552,1.0,堆積岩
p12-22-10222,1,静岡県,17.6,2.51,26.1,116.39,0.438,2.746,1.0,堆積岩
p12-22-10258,1,静岡県,4.8,0.06,5.2,124.69,0.115,0.09,,その他
p12-22-10262,1,静岡県,8.9,1.93,12.7,121.28,0.58,0.129,6.0,堆積岩
p12-22-10301,1,静岡県,3.1,0.35,1.4,115.79,0.086,1.457,1.0,堆積岩
p12-22-10302,1,静岡県,3.1,0.35,1.4,115.79,0.086,1.457,1.0,堆積岩
p12-22-10338,1,静岡県,117.4,6.11,42.8,104.79,0.162,5.448,6.0,堆積岩
p12-22-10363,1,静岡県,108.9,9.99,106.3,91.96,0.021,0.079,,変成岩
p12-22-10430,1,静岡県,8.0,1.94,58.5,29.49,0.034,15.754,1.0,堆積岩
p12-22-10508,1,静岡県,70.8,4.01,39.8,15.34,0.911,10.797,1.0,火成岩
p12-22-10613,1,静岡県,521.0,1.56,31.5,12.1,0.484,9.656,6.0,火成岩
p12-22-10622,1,静岡県,555.9,3.5,22.3,12.73,0.016,3.107,6.0,火成岩
p12-22-10625,1,静岡県,182.5,3.17,14.7,16.82,0.623,10.169,2.0,火成岩
p12-22-10631,1,静岡県,147.6,10.36,64.7,21.13,0.029,2.715,6.0,堆積岩
p12-22-10736,1,静岡県,49.7,0.27,1.7,76.37,0.172,34.741,1.0,堆積岩
p12-22-10746,1,静岡県,153.0,8.66,58.7,75.25,0.297,30.712,6.0,付加体
p12-22-10748,1,静岡県,147.8,1.01,61.5,73.19,0.258,23.514,6.0,堆積岩
p12-22-10778,1,静岡県,6.6,0.42,2.8,23.98,0.024,19.732,1.0,堆積岩
p12-22-10780,1,静岡県,82.4,2.57,15.3,19.41,0.116,15.1,1.0,火成岩
p12-22-10817,1,静岡県,2.9,0.0,0.7,109.93,0.025,15.596,2.0,堆積岩
p12-22-10900,1,静岡県,1.7,0.39,1.9,66.13,0.033,37.581,1.0,堆積岩
p12-22-10906,1,静岡県,1.6,0.59,3.3,65.4,0.39,37.34,1.0,堆積岩
p12-22-10914,1,静岡県,2.4,0.36,2.6,65.51,0.285,37.195,1.0,堆積岩
p12-22-10935,1,静岡県,192.0,3.12,52.2,84.28,0.034,18.092,6.0,付加体
p12-22-10949,1,静岡県,5.3,0.25,7.5,98.07,0.112,34.669,10.0,堆積岩
p12-22-10995,1,静岡県,114.9,3.58,51.0,67.69,0.081,30.596,2.0,堆積岩
p12-22-11026,1,静岡県,39.9,2.46,47.8,70.96,0.149,37.139,2.0,付加体
p12-22-11047,1,静岡県,440.9,0.9,4.4,10.04,0.275,1.254,1.0,火成岩
p12-22-11048,1,静岡県,639.4,4.13,30.6,14.54,0.949,8.061,7.0,火成岩
p12-22-11049,1,静岡県,535.4,14.09,48.9,8.07,0.897,0.86,6.0,堆積岩
p12-22-11050,1,静岡県,598.7,11.79,72.1,7.66,1.14,1.314,6.0,火成岩
p12-22-11051,1,静岡県,319.6,9.07,41.8,8.64,0.036,5.255,6.0,火成岩
p12-22-11115,1,静岡県,20.5,0.63,13.8,101.5,0.382,20.57,2.0,堆積岩
p12-22-11205,1,静岡県,469.7,1.67,12.2,13.62,0.499,8.94,1.0,火成岩
p12-22-11207,1,静岡県,180.3,10.94,61.6,9.65,0.018,5.906,6.0,火成岩
p12-22-11240,1,静岡県,101.1,5.11,26.4,17.19,0.042,3.09,1.0,堆積岩
p12-22-11250,1,静岡県,94.6,4.06,46.9,16.95,0.023,2.875,1.0,堆積岩
p12-22-11251,1,静岡県,31.9,3.39,33.3,16.88,0.231,3.713,,堆積岩
p12-22-11260,1,静岡県,14.6,2.3,92.9,27.08,0.252,15.141,6.0,堆積岩
p12-22-11266,1,静岡県,111.5,8.25,75.6,15.04,0.039,3.096,6.0,堆積岩
p12-22-11272,1,静岡県,262.4,6.68,24.4,12.66,0.536,3.751,6.0,火成岩
p12-22-11273,1,静岡県,472.7,3.11,39.6,7.74,0.789,4.473,1.0,火成岩
p12-22-11276,1,静岡県,6.6,10.82,59.6,28.03,0.362,15.877,6.0,堆積岩
p12-22-11289,1,静岡県,1.1,0.96,4.5,27.78,0.277,15.871,6.0,堆積岩
p12-22-11290,1,静岡県,17.7,2.3,50.0,26.81,0.051,14.968,7.0,堆積岩
p12-22-11386,1,静岡県,23.9,0.29,2.1,20.53,0.03,8.182,1.0,堆積岩
p12-22-11399,1,静岡県,14.0,0.54,3.5,20.77,0.219,9.359,2.0,堆積岩
p12-22-11400,1,静岡県,14.8,0.32,1.8,20.43,0.273,9.201,2.0,堆積岩
p12-22-11401,1,静岡県,24.2,1.59,10.7,20.84,0.055,8.689,1.0,堆積岩
p12-22-11403,1,静岡県,19.9,0.7,28.3,20.44,0.202,8.273,1.0,堆積岩
p12-22-11431,1,静岡県,49.7,3.22,37.1,86.72,0.122,36.056,2.0,堆積岩
p12-22-11459,1,静岡県,14.0,14.5,119.8,7.91,0.887,10.726,3.0,火成岩
p12-22-11465,1,静岡県,4.6,,105.2,9.65,0.19,12.466,3.0,
p12-22-11482,1,静岡県,3.6,10.9,43.7,7.13,0.102,9.95,3.0,火成岩
p12-22-11489,1,静岡県,3.3,7.69,53.2,18.46,0.152,20.517,7.0,堆積岩
p12-22-11490,1,静岡県,12.9,0.71,4.3,19.0,0.063,20.567,2.0,堆積岩
p12-22-11495,1,静岡県,219.8,11.94,66.3,16.04,0.548,17.914,6.0,堆積岩
p12-22-11517,1,静岡県,4.4,0.15,0.5,35.01,0.009,35.681,7.0,堆積岩
p12-22-11518,1,静岡県,9.3,0.9,38.0,35.46,0.035,34.98,1.0,堆積岩
p12-22-11532,1,静岡県,27.9,1.49,41.0,29.43,0.041,24.825,1.0,火成岩
p12-22-11561,1,静岡県,25.1,7.65,58.8,33.15,0.969,26.195,9.0,火成岩
p12-22-11562,1,静岡県,17.1,8.0,74.5,32.86,1.848,25.203,5.0,火成岩
p12-22-11563,1,静岡県,0.5,0.36,1.9,32.83,0.192,26.388,,堆積岩
p12-22-11568,1,静岡県,8.7,0.43,41.4,31.4,0.038,25.123,1.0,堆積岩
p12-22-11580,1,静岡県,2.9,0.52,2.7,32.63,0.084,26.104,7.0,堆積岩
p12-22-11583,1,静岡県,144.0,11.25,114.9,26.5,0.142,19.637,6.0,火成岩
p12-22-11586,1,静岡県,15.8,5.18,9.4,17.9,0.149,13.031,2.0,堆積岩
p12-22-11612,1,静岡県,855.0,4.67,49.8,11.95,0.234,4.563,2.0,堆積岩
p12-22-11617,1,静岡県,408.1,6.72,36.0,11.39,0.351,4.155,2.0,火成岩
p12-22-11644,1,静岡県,546.6,6.77,99.6,59.12,0.011,10.281,6.0,付加体
p12-22-11645,1,静岡県,481.1,16.73,59.6,52.98,0.148,4.401,6.0,堆積岩
p12-22-11646,1,静岡県,347.4,24.3,79.1,58.17,0.064,10.52,2.0,付加体
p12-24-10007,1,三重県,24.2,1.72,8.4,157.17,0.154,7.82,2.0,堆積岩
p12-24-10011,1,三重県,41.1,3.15,15.0,167.92,0.504,7.466,6.0,堆積岩
p12-24-10016,1,三重県,191.5,17.98,157.6,178.38,0.22,10.409,7.0,火成岩
p12-24-10029,1,三重県,69.9,0.86,19.9,165.14,0.024,10.826,2.0,堆積岩
p12-24-10039,1,三重県,161.5,1.93,30.4,168.15,0.135,13.635,2.0,堆積岩
p12-24-10047,1,三重県,173.7,16.32,94.2,183.43,0.067,10.077,2.0,堆積岩
p12-24-10099,1,三重県,246.0,4.04,99.2,203.53,0.053,1.283,6.0,堆積岩
p12-24-10120,1,三重県,142.7,2.57,26.8,193.49,0.114,12.482,6.0,堆積岩
p12-24-10127,1,三重県,0.1,0.34,4.2,111.61,0.534,22.025,10.0,堆積岩
p12-24-10177,1,三重県,200.7,2.8,17.3,180.54,0.531,2.953,1.0,堆積岩
p12-24-10191,1,三重県,37.4,10.81,48.2,234.01,0.207,5.554,,堆積岩
p12-24-10234,1,三重県,110.5,15.27,96.5,255.56,0.327,10.922,3.0,火成岩
p12-24-10240,1,三重県,65.4,4.06,106.8,267.06,0.014,14.881,8.0,堆積岩
p12-24-10243,1,三重県,52.4,6.2,54.8,266.06,0.093,13.703,,堆積岩
p12-24-10244,1,三重県,51.0,4.62,55.8,260.2,0.54,12.032,3.0,付加体
p12-24-10250,1,三重県,86.2,3.7,17.6,114.36,0.371,10.331,1.0,堆積岩
p12-24-10263,1,三重県,4.8,0.51,4.2,183.77,0.107,45.922,1.0,堆積岩
p12-24-10267,1,三重県,4.8,0.51,4.2,183.77,0.107,45.922,1.0,堆積岩
p12-24-10278,1,三重県,4.8,0.51,4.2,183.77,0.107,45.922,1.0,堆積岩
p12-24-10284,1,三重県,4.8,5.27,15.8,189.62,0.695,43.034,8.0,付加体
p12-24-10286,1,三重県,179.1,2.31,11.2,165.17,0.865,10.883,7.0,堆積岩
p12-24-10300,1,三重県,325.6,7.8,47.9,159.39,0.268,3.251,6.0,堆積岩
p12-24-10311,1,三重県,135.1,6.1,36.0,166.19,0.124,11.996,10.0,火成岩
p12-24-10320,1,三重県,0.0,0.0,0.1,114.69,0.673,30.868,2.0,その他
p12-24-10334,1,三重県,360.4,23.09,95.4,130.06,0.021,23.702,9.0,火成岩
p12-24-10338,1,三重県,1.2,0.21,1.3,120.57,0.305,28.717,2.0,堆積岩
p12-24-10353,1,三重県,124.3,6.15,38.5,199.49,0.065,12.781,6.0,堆積岩
p12-24-10359,1,三重県,57.0,7.01,20.7,178.0,0.139,19.253,6.0,堆積岩
p12-24-10378,1,三重県,8.9,0.5,31.3,217.97,0.042,9.206,8.0,付加体
p12-25-10008,1,滋賀県,125.4,3.63,19.4,126.89,0.227,1.518,7.0,堆積岩
p12-25-10014,1,滋賀県,88.2,0.33,4.1,142.55,0.482,0.059,7.0,
p12-25-10015,1,滋賀県,88.2,0.33,4.1,142.55,0.482,0.059,7.0,
p12-25-10016,1,滋賀県,112.5,2.47,39.7,142.67,0.547,0.271,7.0,堆積岩
p12-25-10017,1,滋賀県,95.7,8.93,22.6,142.77,0.406,0.197,7.0,堆積岩
p12-25-10018,1,滋賀県,105.0,7.91,25.0,142.71,0.474,0.201,7.0,堆積岩
p12-25-10019,1,滋賀県,88.4,0.77,5.2,142.84,0.241,0.061,7.0,堆積岩
p12-25-10287,1,滋賀県,197.0,1.67,6.5,147.99,0.063,11.979,2.0,堆積岩
p12-25-10296,1,滋賀県,180.4,1.17,7.1,147.58,0.059,16.53,2.0,堆積岩
p12-25-10297,1,滋賀県,182.3,2.34,10.1,147.24,0.236,17.287,2.0,堆積岩
p12-25-10328,1,滋賀県,275.1,1.0,4.5,153.58,0.06,17.729,7.0,堆積岩
p12-25-10346,1,滋賀県,217.8,4.87,63.2,140.42,0.382,15.168,7.0,火成岩
p12-25-10359,1,滋賀県,156.9,5.55,42.4,98.01,0.089,4.987,7.0,堆積岩
p12-25-10411,1,滋賀県,193.0,3.6,18.7,92.79,0.554,9.214,2.0,堆積岩
p12-25-10449,1,滋賀県,135.2,2.14,17.8,136.01,0.104,11.809,2.0,堆積岩
p12-26-10049,1,京都府,44.2,8.73,40.0,175.12,0.155,27.441,2.0,堆積岩
p12-26-10050,1,京都府,45.6,4.26,37.2,175.29,0.377,28.099,2.0,堆積岩
p12-26-10122,1,京都府,203.1,6.43,80.2,148.36,0.138,12.115,7.0,付加体
p12-26-10123,1,京都府,36.5,1.86,8.6,166.74,0.292,19.319,2.0,堆積岩
p12-26-10178,1,京都府,44.4,6.13,63.2,152.6,1.967,3.292,7.0,火成岩
p12-26-10179,1,京都府,4.0,0.82,21.9,157.8,0.282,0.03,,堆積岩
p12-26-10180,1,京都府,4.2,2.01,42.6,157.62,0.177,0.171,7.0,堆積岩
p12-26-10181,1,京都府,9.4,0.49,59.8,158.11,0.715,0.08,,堆積岩
p12-26-10188,1,京都府,6.2,0.29,26.2,157.79,0.214,0.137,7.0,堆積岩
p12-26-10191,1,京都府,174.1,9.58,100.6,169.74,0.705,10.456,7.0,付加体
p12-26-10321,1,京都府,73.5,3.01,49.0,163.55,0.503,5.189,7.0,堆積岩
p12-26-10322,1,京都府,4.8,0.0,30.2,171.43,0.221,4.384,1.0,堆積岩
p12-26-10323,1,京都府,1.2,4.19,8.5,171.39,0.106,4.743,1.0,火成岩
p12-26-10325,1,京都府,0.8,2.25,4.8,165.33,0.34,0.774,6.0,堆積岩
p12-26-10328,1,京都府,,,,162.32,0.365,1.859,,
p12-26-10330,1,京都府,18.3,7.92,65.0,166.47,0.142,1.947,1.0,火成岩
p12-26-10339,1,京都府,7.9,4.43,17.5,157.09,0.18,7.576,7.0,火成岩
p12-26-10340,1,京都府,26.9,17.77,22.7,150.21,0.386,13.906,2.0,火成岩
p12-26-10344,1,京都府,16.4,2.19,18.7,161.62,0.122,3.657,7.0,堆積岩
p12-26-10356,1,京都府,8.1,1.99,11.5,179.85,0.179,0.604,7.0,堆積岩
p12-26-10370,1,京都府,154.2,4.87,104.8,158.9,0.087,0.482,7.0,付加体
p12-26-10377,1,京都府,472.2,20.79,96.5,175.35,0.012,0.491,7.0,火成岩
p12-26-10525,1,京都府,44.8,0.52,19.6,172.94,0.047,12.594,7.0,変成岩
p12-26-10572,1,京都府,63.2,7.28,81.3,142.26,1.043,17.015,7.0,火成岩
p12-26-10587,1,京都府,16.6,7.15,49.6,159.49,0.678,0.573,7.0,堆積岩
p12-26-10589,1,京都府,34.2,9.99,70.3,159.38,0.583,0.623,7.0,堆積岩
p12-26-10590,1,京都府,4.7,0.33,5.4,159.18,0.316,0.031,7.0,堆積岩
p12-26-10597,1,京都府,73.7,9.93,55.7,168.0,0.029,9.211,7.0,堆積岩
p12-28-10015,1,兵庫県,387.2,11.97,48.7,204.53,0.107,2.502,7.0,堆積岩
p12-28-10017,1,兵庫県,378.9,5.82,32.2,204.52,0.066,2.472,7.0,堆積岩
p12-28-10018,1,兵庫県,400.6,11.06,81.1,204.55,0.244,2.579,7.0,堆積岩
p12-28-10106,1,兵庫県,6.2,2.52,35.2,226.44,0.863,49.952,10.0,堆積岩
p12-28-10165,1,兵庫県,7.3,2.65,64.2,186.16,0.011,7.007,7.0,堆積岩
p12-28-10173,1,兵庫県,82.0,13.83,53.2,180.26,0.071,17.202,7.0,火成岩
p12-28-10191,1,兵庫県,1.1,0.81,3.9,189.07,0.093,11.89,,
p12-28-10192,1,兵庫県,343.0,3.36,22.2,190.47,0.551,23.038,6.0,火成岩
p12-28-10193,1,兵庫県,265.8,10.96,88.3,190.19,0.297,24.709,7.0,堆積岩
p12-28-10194,1,兵庫県,19.7,0.58,52.0,188.77,0.027,16.411,7.0,火成岩
p12-28-10195,1,兵庫県,82.0,13.83,53.2,180.26,0.071,17.202,7.0,火成岩
p12-28-10196,1,兵庫県,189.3,8.85,65.6,175.61,0.051,12.579,7.0,火成岩
p12-28-10234,1,兵庫県,20.7,2.29,8.0,211.22,0.027,4.339,3.0,堆積岩
p12-28-10256,1,兵庫県,12.6,8.75,29.5,169.15,0.422,19.598,2.0,
p12-28-10294,1,兵庫県,42.3,1.2,10.3,198.03,0.071,7.68,1.0,堆積岩
p12-28-10323,1,兵庫県,111.5,2.91,12.5,205.46,0.052,6.717,2.0,堆積岩
p12-28-10390,1,兵庫県,73.9,10.76,31.4,189.18,0.034,3.557,2.0,付加体
p12-28-10409,1,兵庫県,61.6,5.12,48.8,212.87,0.25,6.894,7.0,火成岩
p12-28-10472,1,兵庫県,110.1,11.24,92.2,194.45,0.293,23.543,7.0,堆積岩
p12-28-10473,1,兵庫県,44.8,0.56,4.7,198.09,0.055,20.797,2.0,堆積岩
p12-28-10474,1,兵庫県,124.6,5.39,39.4,190.21,0.062,19.598,7.0,堆積岩
p12-28-10522,1,兵庫県,90.4,9.36,42.3,220.06,0.343,51.413,7.0,堆積岩
p12-28-10523,1,兵庫県,33.2,1.03,10.1,218.41,0.081,55.259,2.0,堆積岩
p12-28-10524,1,兵庫県,33.2,1.03,10.1,218.41,0.081,55.259,2.0,堆積岩
p12-28-10552,1,兵庫県,523.3,2.94,59.5,199.13,0.156,5.707,6.0,火成岩
p12-28-10553,1,兵庫県,75.7,0.51,4.3,195.03,0.022,15.384,1.0,堆積岩
p12-28-10554,1,兵庫県,159.7,8.99,41.0,196.73,0.16,10.416,7.0,火成岩
p12-28-10578,1,兵庫県,65.2,5.53,63.0,225.17,0.143,19.445,2.0,火成岩
p12-28-10579,1,兵庫県,42.9,6.85,63.7,221.0,0.472,27.742,,堆積岩
p12-28-10607,1,兵庫県,156.3,8.76,52.5,177.17,0.588,4.326,6.0,火成岩
p12-28-10608,1,兵庫県,106.2,2.49,17.1,175.28,0.052,7.17,2.0,堆積岩
p12-28-10609,1,兵庫県,293.2,4.2,47.1,182.53,0.066,9.277,6.0,堆積岩
p12-28-10610,1,兵庫県,403.6,8.76,76.5,171.29,0.027,4.377,6.0,火成岩
p12-28-10611,1,兵庫県,664.8,6.24,52.6,176.96,0.016,6.335,6.0,火成岩
p12-28-10612,1,兵庫県,308.5,3.41,41.5,165.39,0.068,12.919,6.0,堆積岩
p12-28-10635,1,兵庫県,95.2,8.55,25.0,211.58,1.194,9.481,7.0,堆積岩
p12-28-10636,1,兵庫県,75.2,0.39,5.0,209.5,0.076,3.919,2.0,堆積岩
p12-28-10700,1,兵庫県,23.9,0.66,2.1,178.55,0.052,17.989,2.0,堆積岩
p12-28-10720,1,兵庫県,267.4,9.29,61.7,200.19,0.125,9.378,7.0,火成岩
p12-28-10756,1,兵庫県,231.5,4.37,89.7,199.99,0.026,7.792,7.0,火成岩
p12-28-10757,1,兵庫県,168.4,13.4,74.0,200.54,0.17,7.826,7.0,火成岩
p12-28-10799,1,兵庫県,202.5,8.78,52.0,161.99,0.978,17.589,7.0,付加体
p12-28-10824,1,兵庫県,4.0,0.35,13.8,189.98,0.036,23.354,2.0,堆積岩
p12-28-10825,1,兵庫県,18.7,1.05,44.9,189.6,0.036,23.194,2.0,堆積岩
p12-28-10826,1,兵庫県,514.4,21.94,57.4,178.57,0.018,16.773,2.0,堆積岩
p12-28-10827,1,兵庫県,197.1,4.05,57.1,182.23,0.068,24.917,6.0,堆積岩
p12-28-10828,1,兵庫県,265.4,8.08,95.1,176.55,0.037,21.854,7.0,堆積岩
p12-28-10852,1,兵庫県,67.2,2.28,33.1,175.41,0.035,28.727,7.0,火成岩
p12-28-10857,1,兵庫県,95.5,12.52,97.0,175.75,0.352,29.05,7.0,火成岩
p12-28-10858,1,兵庫県,60.0,11.03,109.3,175.44,0.041,28.74,7.0,火成岩
p12-28-10859,1,兵庫県,7.5,4.33,5.7,174.61,0.071,28.226,7.0,堆積岩
p12-28-10860,1,兵庫県,16.2,3.75,36.2,175.93,0.112,29.228,7.0,堆積岩
p12-28-10861,1,兵庫県,22.1,8.27,81.9,175.01,0.129,28.659,7.0,堆積岩
p12-28-10862,1,兵庫県,8.6,0.6,2.5,174.1,0.256,27.698,7.0,堆積岩
p12-28-10871,1,兵庫県,14.2,2.66,10.6,175.97,0.094,29.281,7.0,堆積岩
p12-28-10874,1,兵庫県,6.9,6.35,6.8,174.31,0.018,27.969,9.0,堆積岩
p12-29-10098,1,奈良県,59.9,0.0,7.6,204.81,0.667,16.366,1.0,堆積岩
p12-29-10128,1,奈良県,46.8,0.22,1.7,194.97,0.055,11.548,1.0,堆積岩
p12-29-10176,1,奈良県,101.9,2.3,12.7,223.67,0.048,19.367,1.0,堆積岩
p12-29-10177,1,奈良県,99.3,2.25,10.5,223.65,0.019,19.298,1.0,堆積岩
p12-29-10189,1,奈良県,225.5,10.53,107.0,227.3,0.143,17.732,6.0,付加体
p12-29-10194,1,奈良県,382.4,13.18,91.7,241.52,0.049,7.082,6.0,付加体
p12-29-10195,1,奈良県,382.4,13.18,91.7,241.52,0.049,7.082,6.0,付加体
p12-29-10198,1,奈良県,639.7,21.51,110.1,235.63,0.235,14.053,7.0,付加体
p12-29-10241,1,奈良県,378.4,1.51,38.0,202.2,0.241,6.97,2.0,火成岩
p12-29-10250,1,奈良県,364.6,4.77,110.2,194.24,0.409,0.976,1.0,火成岩
p12-29-10289,1,奈良県,114.7,7.26,33.3,194.07,0.167,21.478,1.0,堆積岩
p12-29-10310,1,奈良県,490.2,7.15,57.4,189.81,0.16,7.36,6.0,火成岩
p12-29-10366,1,奈良県,262.0,29.14,100.9,215.11,0.004,4.21,6.0,付加体
p12-29-10367,1,奈良県,337.6,22.57,106.4,215.01,0.211,4.353,6.0,付加体
p12-29-10370,1,奈良県,190.9,9.37,55.4,213.01,0.095,1.637,,堆積岩
p12-29-10371,1,奈良県,171.5,12.08,140.1,212.74,0.096,1.549,6.0,堆積岩
p12-29-10384,1,奈良県,358.4,20.45,98.7,215.4,0.159,4.487,6.0,付加体
p12-29-10406,1,奈良県,181.2,4.84,83.0,211.61,0.024,0.927,6.0,堆積岩
p12-29-10414,1,奈良県,188.0,4.34,71.8,218.67,0.033,9.224,6.0,付加体
p12-29-10416,1,奈良県,310.7,19.77,55.2,225.29,0.075,14.849,6.0,付加体
p12-29-10420,1,奈良県,826.7,9.05,84.2,225.46,0.022,11.845,6.0,付加体
p12-29-10421,1,奈良県,585.4,12.52,98.1,230.96,0.056,15.921,2.0,付加体
p12-29-10422,1,奈良県,473.6,11.45,114.2,235.95,0.044,12.165,6.0,付加体
p12-29-10461,1,奈良県,697.3,7.31,93.7,249.73,0.014,12.181,6.0,付加体
p12-29-10465,1,奈良県,594.1,40.59,228.1,262.79,0.353,14.503,6.0,火成岩
p12-29-10466,1,奈良県,271.6,41.7,172.5,257.1,0.181,5.983,6.0,付加体
p12-29-10467,1,奈良県,245.6,39.01,214.8,256.68,0.273,5.522,6.0,付加体
p12-29-10468,1,奈良県,366.5,40.51,159.6,264.28,0.26,12.346,7.0,付加体
p12-29-10487,1,奈良県,329.5,32.21,241.9,245.38,0.156,0.555,9.0,付加体
p12-29-10498,1,奈良県,498.4,21.4,182.2,229.71,0.023,6.463,6.0,付加体
p12-29-10499,1,奈良県,338.5,56.27,153.6,234.83,0.038,3.518,6.0,付加体
p12-29-10505,1,奈良県,336.4,5.15,134.5,215.31,0.234,7.164,6.0,付加体
p12-29-10506,1,奈良県,408.3,18.78,139.3,220.68,0.167,0.282,9.0,付加体
p12-29-10507,1,奈良県,336.4,5.15,134.5,215.31,0.234,7.164,6.0,付加体
p12-29-10508,1,奈良県,409.3,23.73,148.2,220.7,0.154,0.278,9.0,付加体
p12-29-10518,1,奈良県,383.3,14.09,88.5,209.28,0.03,9.52,6.0,付加体
p12-30-10069,1,和歌山県,80.3,2.75,10.1,232.4,0.103,28.863,2.0,堆積岩
p12-30-10082,1,和歌山県,105.8,11.96,82.5,275.24,0.076,22.53,2.0,付加体
p12-30-10102,1,和歌山県,417.8,17.82,115.2,268.16,0.049,18.335,6.0,付加体
p12-30-10108,1,和歌山県,188.3,4.53,117.8,289.24,0.149,6.135,8.0,堆積岩
p12-30-10110,1,和歌山県,58.4,0.74,26.8,273.19,0.056,22.462,6.0,付加体
p12-30-10119,1,和歌山県,234.9,8.58,76.0,239.89,0.014,25.291,6.0,堆積岩
p12-30-10120,1,和歌山県,32.5,0.97,5.2,244.15,0.248,18.751,1.0,堆積岩
p12-30-10144,1,和歌山県,167.1,6.58,121.5,255.98,0.015,5.309,6.0,変成岩
p12-30-10145,1,和歌山県,201.2,19.53,103.7,255.57,0.036,5.66,6.0,変成岩
p12-30-10151,1,和歌山県,54.9,0.26,6.5,237.75,0.039,23.655,3.0,堆積岩
p12-30-10163,1,和歌山県,125.7,8.23,101.1,268.98,0.012,14.418,3.0,堆積岩
p12-30-10165,1,和歌山県,104.3,10.13,110.5,271.73,0.03,16.998,8.0,堆積岩
p12-30-10170,1,和歌山県,101.0,0.69,50.8,271.95,0.16,9.17,7.0,堆積岩
p12-30-10173,1,和歌山県,252.8,33.78,50.9,260.64,0.029,3.514,6.0,堆積岩
p12-30-10174,1,和歌山県,128.7,7.62,85.2,266.07,0.043,2.156,6.0,堆積岩
p12-30-10175,1,和歌山県,6.1,10.5,47.2,262.4,0.918,29.566,,付加体
p12-30-10183,1,和歌山県,82.2,8.45,101.4,286.74,0.038,27.514,6.0,付加体
p12-30-10185,1,和歌山県,14.6,36.58,21.9,297.56,2.636,20.754,,堆積岩
p12-30-10191,1,和歌山県,33.3,5.47,19.4,298.32,1.593,19.734,9.0,堆積岩
p12-30-10205,1,和歌山県,8.0,1.12,49.2,290.14,0.032,32.924,8.0,堆積岩
p12-30-10211,1,和歌山県,9.8,0.5,47.2,304.24,0.124,24.172,8.0,火成岩
p12-30-10212,1,和歌山県,122.5,6.4,52.0,257.51,0.093,5.677,6.0,堆積岩
p12-31-10012,1,鳥取県,5.4,0.0,0.4,151.2,0.039,5.306,1.0,堆積岩
p12-31-10013,1,鳥取県,16.1,1.81,15.1,141.95,0.01,1.601,2.0,堆積岩
p12-31-10014,1,鳥取県,50.6,1.25,8.2,135.64,0.284,7.447,2.0,堆積岩
p12-31-10015,1,鳥取県,6.1,13.79,18.9,136.04,0.015,7.053,2.0,堆積岩
p12-31-10105,1,鳥取県,28.4,2.08,59.7,164.34,0.103,17.52,2.0,堆積岩
p12-31-10106,1,鳥取県,24.0,1.81,12.8,164.43,0.06,17.604,2.0,堆積岩
p12-31-10121,1,鳥取県,328.8,5.63,69.4,166.14,0.036,13.972,6.0,変成岩
p12-31-10083,1,鳥取県,116.5,2.06,21.2,106.36,0.128,13.039,2.0,堆積岩
p12-31-10084,1,鳥取県,112.7,3.39,27.6,106.28,0.05,13.04,2.0,堆積岩
p12-31-10141,1,鳥取県,3.4,0.0,3.7,120.43,0.575,0.126,1.0,堆積岩
p12-31-10142,1,鳥取県,2.6,0.32,3.2,121.63,0.462,0.076,,堆積岩
p12-31-10143,1,鳥取県,3.2,0.0,3.4,120.39,0.602,0.064,1.0,堆積岩
p12-31-10144,1,鳥取県,2.7,0.0,3.0,120.94,0.193,0.041,,
p12-31-10136,1,鳥取県,66.7,2.15,11.3,119.3,0.047,6.025,7.0,堆積岩
p12-31-10062,1,鳥取県,1.0,0.44,2.2,76.08,0.533,4.777,6.0,堆積岩
p12-31-10063,1,鳥取県,3.2,0.0,0.6,75.59,0.205,4.279,2.0,堆積岩
p12-31-10064,1,鳥取県,1.4,0.35,2.6,75.17,0.442,4.04,,堆積岩
p12-31-10065,1,鳥取県,8.5,3.74,25.3,82.08,0.882,11.035,2.0,火成岩
p12-31-10075,1,鳥取県,1.0,0.58,2.8,75.67,0.044,4.426,,堆積岩
p12-31-10182,1,鳥取県,767.3,18.6,41.7,87.14,0.16,13.728,7.0,火成岩
p12-32-10009,1,島根県,4.8,0.0,4.8,52.89,0.151,0.142,2.0,堆積岩
p12-32-10027,1,島根県,4.8,0.0,0.2,47.92,0.149,0.283,,堆積岩
p12-32-10060,1,島根県,169.1,8.96,47.7,44.47,0.07,21.155,7.0,火成岩
p12-32-10061,1,島根県,252.8,1.35,24.3,52.1,0.342,18.258,2.0,堆積岩
p12-32-10063,1,島根県,201.5,8.51,45.2,43.24,0.021,19.304,2.0,火成岩
p12-32-10110,1,島根県,437.0,10.75,72.1,2.98,0.181,8.963,7.0,火成岩
p12-32-10114,1,島根県,14.5,37.09,63.7,25.43,0.007,33.575,7.0,火成岩
p12-32-10125,1,島根県,14.7,0.37,6.2,58.5,0.096,5.743,7.0,堆積岩
p12-32-10131,1,島根県,231.7,9.61,52.9,40.33,0.589,23.709,7.0,火成岩
p12-32-10133,1,島根県,54.1,1.77,7.5,44.31,0.056,27.721,7.0,火成岩
p12-32-10134,1,島根県,54.1,1.77,7.5,44.31,0.057,27.721,7.0,火成岩
p12-32-10137,1,島根県,74.8,9.85,91.5,40.12,0.032,11.296,6.0,火成岩
p12-32-10138,1,島根県,45.1,0.03,29.1,30.53,0.06,13.413,2.0,堆積岩
p12-32-10139,1,島根県,107.0,6.15,59.2,27.26,0.099,20.917,6.0,
p12-32-10154,1,島根県,342.5,5.34,40.2,43.13,0.096,20.446,2.0,火成岩
p12-32-10158,1,島根県,554.6,11.57,81.4,50.75,0.045,12.136,6.0,火成岩
p12-32-10172,1,島根県,25.4,7.3,46.4,35.46,0.014,3.64,7.0,火成岩
p12-32-10173,1,島根県,54.8,9.77,65.0,35.57,0.173,3.497,7.0,火成岩
p12-32-10179,1,島根県,101.5,4.34,58.3,21.71,0.062,25.38,7.0,火成岩
p12-32-10180,1,島根県,93.8,4.56,79.0,7.5,0.152,11.3,7.0,堆積岩
p12-32-10185,1,島根県,533.7,4.72,88.5,34.61,0.335,19.101,7.0,火成岩
p12-32-10187,1,島根県,343.6,5.9,50.5,34.77,0.101,18.985,7.0,火成岩
p12-32-10196,1,島根県,189.2,7.37,43.8,42.58,0.036,22.252,2.0,火成岩
p12-32-10197,1,島根県,217.5,6.62,56.1,45.28,0.162,23.835,6.0,堆積岩
p12-32-10200,1,島根県,312.9,1.31,13.6,50.85,0.021,16.901,7.0,堆積岩
p12-32-10207,1,島根県,6.2,0.44,2.5,138.76,0.102,,2.0,堆積岩
p12-33-10043,1,岡山県,60.5,2.53,11.0,121.07,0.076,7.339,2.0,堆積岩
p12-33-10044,1,岡山県,60.6,4.14,14.5,120.86,0.093,7.106,2.0,堆積岩
p12-33-10150,1,岡山県,226.8,2.84,16.0,130.21,0.084,14.783,6.0,堆積岩
p12-33-10153,1,岡山県,412.4,3.16,18.4,135.76,0.084,13.192,7.0,堆積岩
p12-33-10218,1,岡山県,14.2,1.35,17.3,117.08,0.347,15.358,1.0,堆積岩
p12-33-10222,1,岡山県,87.8,2.98,46.6,111.69,0.346,16.043,7.0,堆積岩
p12-33-10265,1,岡山県,653.9,4.83,49.2,71.75,0.121,9.291,7.0,変成岩
p12-33-10270,1,岡山県,544.8,13.31,70.6,66.48,0.319,14.521,2.0,火成岩
p12-33-10309,1,岡山県,182.4,2.93,68.0,154.16,0.424,20.074,7.0,火成岩
p12-33-10390,1,岡山県,338.4,2.25,106.3,101.01,0.031,0.579,6.0,
p12-33-10391,1,岡山県,278.9,10.8,83.8,99.72,0.057,7.255,7.0,火成岩
p12-33-10412,1,岡山県,205.3,0.72,5.6,155.03,0.043,24.366,2.0,堆積岩
p12-33-10416,1,岡山県,88.4,18.5,61.6,138.55,0.227,18.883,7.0,堆積岩
p12-33-10417,1,岡山県,78.1,0.89,16.0,138.75,0.35,18.683,7.0,堆積岩
p12-33-10422,1,岡山県,449.1,2.45,36.3,139.88,1.157,14.151,7.0,火成岩
p12-33-10438,1,岡山県,28.6,2.87,63.5,143.43,0.081,14.135,2.0,火成岩
p12-33-10444,1,岡山県,432.2,2.52,26.5,140.7,0.432,13.629,2.0,火成岩
p12-33-10473,1,岡山県,494.8,6.59,44.8,119.07,0.048,6.416,7.0,堆積岩
p12-33-10474,1,岡山県,492.6,5.52,22.1,119.14,0.045,6.353,7.0,堆積岩
p12-33-10479,1,岡山県,349.8,24.09,145.2,117.84,0.038,11.625,6.0,火成岩
p12-33-10480,1,岡山県,250.7,1.58,44.4,116.23,0.197,16.458,7.0,付加体
p12-33-10486,1,岡山県,642.6,10.46,64.0,106.98,0.193,5.662,7.0,火成岩
p12-33-10490,1,岡山県,513.2,8.33,68.7,118.74,0.129,6.716,7.0,堆積岩
p12-33-10516,1,岡山県,377.1,2.68,51.7,155.18,0.034,19.602,6.0,堆積岩
p12-33-10517,1,岡山県,355.7,8.92,83.1,155.68,0.062,19.242,6.0,堆積岩
p12-33-10530,1,岡山県,173.3,8.93,43.0,109.28,0.019,3.918,2.0,火成岩
p12-33-10539,1,岡山県,173.9,9.57,42.6,109.27,0.021,3.924,2.0,火成岩
p12-35-10010,1,山口県,33.3,4.53,15.8,54.65,0.136,19.58,2.0,堆積岩
p12-35-10018,1,山口県,40.2,0.15,1.7,40.85,0.082,5.671,2.0,堆積岩
p12-35-10021,1,山口県,20.5,0.98,5.7,48.94,0.347,14.071,1.0,堆積岩
p12-35-10023,1,山口県,1.6,2.34,9.1,63.83,1.106,24.568,1.0,その他
p12-35-10024,1,山口県,99.5,0.82,75.1,38.28,0.042,5.643,6.0,堆積岩
p12-35-10040,1,山口県,13.3,5.07,24.6,50.41,0.024,17.114,2.0,堆積岩
p12-35-10044,1,山口県,11.8,2.96,23.4,48.36,1.187,22.923,,堆積岩
p12-35-10061,1,山口県,82.4,7.56,33.6,45.19,0.128,15.677,7.0,堆積岩
p12-35-10067,1,山口県,87.3,9.9,54.9,49.09,0.031,15.594,7.0,火成岩
p12-35-10081,1,山口県,33.0,1.27,29.6,44.53,0.048,3.378,2.0,堆積岩
p12-35-10085,1,山口県,9.5,0.97,20.0,48.03,0.083,4.744,2.0,堆積岩
p12-35-10088,1,山口県,17.0,0.22,1.4,32.02,0.026,4.562,2.0,堆積岩
p12-35-10107,1,山口県,358.7,2.6,53.3,33.83,0.567,16.674,6.0,火成岩
p12-35-10113,1,山口県,85.3,8.27,111.8,50.76,2.076,13.925,1.0,火成岩
p12-35-10119,1,山口県,322.0,7.14,39.2,31.98,0.025,5.773,7.0,堆積岩
p12-35-10123,1,山口県,24.4,8.75,22.0,48.74,0.097,6.786,2.0,堆積岩
p12-35-10149,1,山口県,9.2,1.51,69.5,32.77,0.215,13.297,7.0,堆積岩
p12-35-10152,1,山口県,23.9,7.37,79.3,12.33,0.065,0.596,7.0,堆積岩
p12-35-10207,1,山口県,4.2,0.66,3.0,62.92,0.084,5.308,1.0,その他
p12-35-10238,1,山口県,145.7,27.77,110.5,55.87,0.042,11.516,2.0,付加体
p12-35-10242,1,山口県,22.1,8.77,49.7,84.31,0.058,10.557,2.0,火成岩
p12-35-10250,1,山口県,240.1,0.17,47.7,57.46,0.046,10.917,7.0,火成岩
p12-35-10267,1,山口県,47.7,22.92,81.5,25.03,0.04,8.259,7.0,堆積岩
p12-35-10268,1,山口県,135.6,5.99,43.1,32.84,0.044,3.833,7.0,火成岩
p12-35-10272,1,山口県,14.2,2.21,10.1,16.36,0.316,8.339,2.0,堆積岩
p12-35-10275,1,山口県,1.2,2.34,10.1,35.18,0.167,14.107,,堆積岩
p12-35-10279,1,山口県,15.8,8.68,40.2,24.86,0.723,3.782,,堆積岩
p12-35-10302,1,山口県,196.8,8.43,66.4,19.0,0.091,15.696,2.0,堆積岩
p12-35-10320,1,山口県,55.7,4.55,34.4,46.68,0.038,10.04,7.0,堆積岩
p12-35-10321,1,山口県,13.8,0.71,5.4,57.43,0.683,5.699,1.0,堆積岩
p12-35-10326,1,山口県,411.1,6.34,49.5,45.04,0.068,7.753,2.0,火成岩
p12-35-10346,1,山口県,8.1,0.37,3.2,53.54,0.431,10.252,2.0,その他
p12-35-10364,1,山口県,2.4,7.07,29.6,102.43,0.715,27.49,7.0,火成岩
p12-35-10366,1,山口県,21.9,13.69,62.6,107.41,0.97,31.993,3.0,火成岩
p12-35-10395,1,山口県,8.6,8.97,25.1,87.95,1.198,23.906,2.0,火成岩
p12-36-10053,1,徳島県,20.1,9.68,81.9,218.56,0.772,30.027,7.0,変成岩
p12-36-10058,1,徳島県,45.8,6.46,85.5,241.63,0.349,33.647,8.0,付加体
p12-36-10079,1,徳島県,57.2,12.79,74.9,192.2,0.038,25.357,4.0,堆積岩
p12-36-10080,1,徳島県,211.3,2.92,51.0,196.69,0.035,24.689,2.0,変成岩
p12-36-10082,1,徳島県,14.1,0.0,0.4,199.26,0.065,26.943,2.0,堆積岩
p12-36-10093,1,徳島県,80.8,2.82,38.1,197.29,0.083,26.168,2.0,変成岩
p12-36-10100,1,徳島県,129.7,0.43,69.6,191.29,0.026,30.305,7.0,堆積岩
p12-36-10105,1,徳島県,64.7,1.93,12.7,194.65,0.219,33.764,2.0,堆積岩
p12-36-10106,1,徳島県,144.2,15.39,57.8,186.32,0.136,23.512,7.0,堆積岩
p12-36-10112,1,徳島県,83.0,12.36,82.3,187.19,0.063,23.754,6.0,変成岩
p12-36-10123,1,徳島県,789.5,10.73,84.5,188.33,0.276,19.278,7.0,変成岩
p12-36-10124,1,徳島県,151.7,3.28,47.6,164.07,0.306,17.293,7.0,変成岩
p12-36-10135,1,徳島県,137.7,10.6,87.6,173.52,0.007,13.909,7.0,堆積岩
p12-36-10136,1,徳島県,211.3,11.9,130.4,171.29,0.018,22.035,2.0,変成岩
p12-36-10139,1,徳島県,391.5,30.08,143.8,176.78,0.089,20.272,7.0,変成岩
p12-36-10141,1,徳島県,162.0,6.48,50.3,171.81,0.069,17.467,8.0,変成岩
p12-36-10144,1,徳島県,401.4,17.34,189.1,178.5,0.193,18.847,7.0,変成岩
p12-36-10149,1,徳島県,409.8,17.25,280.5,174.31,0.179,22.74,7.0,変成岩
p12-36-10168,1,徳島県,138.6,6.68,35.7,206.22,0.037,16.861,2.0,変成岩
p12-36-10175,1,徳島県,97.0,3.61,76.3,224.22,0.056,7.958,6.0,堆積岩
p12-36-10178,1,徳島県,401.0,37.38,78.1,206.07,0.033,7.443,7.0,付加体
p12-36-10188,1,徳島県,86.0,10.55,66.3,230.45,0.072,12.935,3.0,付加体
p12-36-10200,1,徳島県,51.6,9.6,101.7,234.68,0.578,21.426,7.0,付加体
p12-36-10201,1,徳島県,4.5,3.29,19.9,233.41,0.621,17.506,8.0,付加体
p12-36-10220,1,徳島県,52.0,6.1,60.7,199.77,0.029,39.577,7.0,堆積岩
p12-36-10226,1,徳島県,7.8,0.22,0.5,200.82,0.062,33.962,2.0,堆積岩
p12-36-10233,1,徳島県,102.8,28.81,95.1,184.4,0.047,22.448,7.0,変成岩
p12-38-10002,1,愛媛県,46.1,4.64,28.0,140.48,0.023,5.579,1.0,火成岩
p12-38-10037,1,愛媛県,37.6,3.44,61.7,133.42,0.508,11.166,,火成岩
p12-38-10040,1,愛媛県,182.0,26.45,109.1,131.93,0.112,0.792,6.0,火成岩
p12-38-10076,1,愛媛県,16.3,1.67,52.5,106.34,0.031,11.547,7.0,堆積岩
p12-38-10077,1,愛媛県,9.8,0.13,54.0,102.75,0.314,23.973,2.0,付加体
p12-38-10078,1,愛媛県,262.7,5.01,55.1,116.17,0.389,29.918,6.0,火成岩
p12-38-10185,1,愛媛県,5.0,0.17,1.0,144.34,0.064,7.932,2.0,堆積岩
p12-38-10186,1,愛媛県,4.5,0.08,0.8,146.6,0.282,5.249,1.0,堆積岩
p12-38-10187,1,愛媛県,64.7,9.43,75.7,134.96,0.64,11.834,2.0,火成岩
p12-38-10188,1,愛媛県,160.1,14.81,60.4,139.59,0.07,10.575,6.0,火成岩
p12-38-10189,1,愛媛県,83.3,22.14,46.8,147.32,0.059,11.729,6.0,変成岩
p12-38-10190,1,愛媛県,32.9,2.06,47.0,146.38,0.235,6.839,,堆積岩
p12-38-10191,1,愛媛県,114.6,8.33,87.3,146.79,0.16,3.172,3.0,堆積岩
p12-38-10192,1,愛媛県,4.8,0.0,0.4,141.83,0.065,8.007,2.0,堆積岩
p12-38-10227,1,愛媛県,9.8,0.0,0.2,109.43,0.217,13.719,2.0,堆積岩
p12-38-10228,1,愛媛県,19.7,12.22,34.9,106.68,0.054,13.885,1.0,変成岩
p12-38-10229,1,愛媛県,149.9,6.52,57.2,116.49,0.011,1.565,6.0,付加体
p12-38-10230,1,愛媛県,84.2,17.13,106.5,117.96,0.109,0.018,6.0,
p12-38-10290,1,愛媛県,261.2,5.87,44.4,164.39,0.06,6.568,6.0,変成岩
p12-38-10321,1,愛媛県,34.5,14.82,138.0,94.26,1.205,14.095,8.0,付加体
p12-38-10322,1,愛媛県,184.3,5.14,23.1,110.59,0.139,0.063,6.0,堆積岩
p12-38-10323,1,愛媛県,104.3,3.39,11.7,113.33,0.063,2.527,2.0,堆積岩
p12-38-10324,1,愛媛県,182.0,5.76,59.5,126.82,0.04,9.334,2.0,付加体
p12-38-10350,1,愛媛県,106.6,4.41,6.2,145.48,0.415,6.934,2.0,堆積岩
p12-38-10351,1,愛媛県,163.9,3.49,20.8,149.07,0.317,10.508,2.0,堆積岩
p12-38-10359,1,愛媛県,33.2,3.13,40.7,110.25,2.464,28.536,,火成岩
p12-38-10360,1,愛媛県,1.3,4.31,29.6,109.87,0.495,27.159,,
p12-38-10362,1,愛媛県,30.8,5.63,55.4,112.55,1.563,29.889,1.0,火成岩
p12-38-10377,1,愛媛県,493.8,11.33,122.6,149.39,0.072,6.917,6.0,堆積岩
p12-38-10386,1,愛媛県,0.3,0.27,1.1,129.64,0.717,10.481,,堆積岩
p12-38-10390,1,愛媛県,127.8,8.71,57.1,136.77,0.178,1.763,2.0,堆積岩
p12-38-10428,1,愛媛県,9.9,0.25,41.1,81.46,0.425,31.525,6.0,堆積岩
p12-38-10435,1,愛媛県,87.1,9.85,19.8,119.06,0.09,16.164,2.0,堆積岩
p12-38-10444,1,愛媛県,416.2,22.92,118.1,111.1,0.055,14.656,7.0,堆積岩
p12-38-10466,1,愛媛県,9.5,0.37,47.7,102.25,0.058,35.445,7.0,付加体
p12-38-10467,1,愛媛県,112.0,8.12,93.8,113.33,0.062,37.326,8.0,付加体
p12-38-10468,1,愛媛県,95.0,8.14,68.0,119.78,0.131,42.644,7.0,堆積岩
p12-39-10014,1,高知県,148.4,17.04,107.2,185.33,0.034,12.315,7.0,変成岩
p12-39-10034,1,高知県,8.1,2.31,26.6,253.76,1.29,37.73,9.0,付加体
p12-39-10053,1,高知県,20.8,0.31,2.0,196.59,0.027,8.899,2.0,堆積岩
p12-39-10087,1,高知県,37.9,16.35,52.1,150.45,0.248,57.033,2.0,付加体
p12-39-10103,1,高知県,15.1,0.07,1.9,202.11,0.034,14.077,7.0,堆積岩
p12-39-10121,1,高知県,509.2,1.66,125.7,200.35,0.067,14.573,7.0,堆積岩
p12-39-10141,1,高知県,116.2,8.03,110.9,227.59,0.068,10.557,2.0,付加体
p12-39-10142,1,高知県,253.7,9.22,72.9,219.54,0.032,6.733,6.0,付加体
p12-39-10148,1,高知県,47.0,2.91,44.7,209.27,0.27,20.172,2.0,付加体
p12-39-10161,1,高知県,69.2,13.55,114.4,177.5,0.059,8.842,8.0,変成岩
p12-39-10162,1,高知県,613.3,6.03,103.6,163.89,0.008,5.682,6.0,変成岩
p12-39-10163,1,高知県,164.3,34.2,163.6,160.71,0.035,16.885,8.0,変成岩
p12-39-10166,1,高知県,42.1,4.82,58.4,167.98,0.624,41.075,8.0,付加体
p12-39-10175,1,高知県,516.6,13.83,90.3,141.14,0.116,21.917,8.0,堆積岩
p12-39-10188,1,高知県,278.5,11.04,51.4,152.59,0.047,35.391,6.0,堆積岩
p12-40-10107,1,福岡県,73.4,6.48,63.7,73.09,0.674,24.626,6.0,火成岩
p12-40-10136,1,福岡県,33.6,2.91,12.8,55.1,0.077,37.132,2.0,堆積岩
p12-40-10137,1,福岡県,448.5,10.33,25.1,51.71,1.409,27.465,6.0,火成岩
p12-40-10142,1,福岡県,287.4,11.71,74.4,49.04,0.186,22.142,3.0,火成岩
p12-40-10144,1,福岡県,599.1,24.15,141.1,37.34,0.019,10.432,6.0,火成岩
p12-40-10149,1,福岡県,10.8,0.35,4.4,50.64,0.157,34.467,2.0,堆積岩
p12-40-10160,1,福岡県,123.0,27.96,91.7,45.82,0.043,44.038,7.0,堆積岩
p12-40-10161,1,福岡県,14.2,1.27,3.6,44.42,0.093,39.743,2.0,堆積岩
p12-40-10162,1,福岡県,276.6,9.68,78.8,45.13,0.101,39.961,7.0,堆積岩
p12-40-10163,1,福岡県,0.4,0.43,1.2,45.98,0.635,39.29,,その他
p12-40-10186,1,福岡県,38.3,0.83,5.7,81.79,0.015,18.481,1.0,堆積岩
p12-40-10225,1,福岡県,122.3,28.7,83.1,93.58,0.068,7.39,2.0,変成岩
p12-40-10239,1,福岡県,31.9,1.5,5.3,52.87,0.034,26.278,2.0,堆積岩
p12-40-10244,1,福岡県,30.6,1.4,2.2,50.95,0.161,24.824,2.0,堆積岩
p12-40-10415,1,福岡県,54.0,6.93,30.4,70.73,0.195,27.552,2.0,変成岩
p12-40-10427,1,福岡県,4.0,0.0,0.0,51.95,1.027,28.478,2.0,堆積岩
p12-40-10432,1,福岡県,450.2,8.39,48.1,50.69,0.016,32.552,6.0,火成岩
p12-40-10433,1,福岡県,627.9,12.19,76.6,50.43,0.072,33.915,6.0,火成岩
p12-40-10134,1,福岡県,2.4,0.0,0.6,44.77,1.111,32.032,1.0,堆積岩
p12-40-10260,1,福岡県,28.5,0.39,2.0,53.09,0.089,26.574,2.0,
p12-41-10011,1,佐賀県,393.8,5.86,43.7,73.51,0.06,1.403,6.0,火成岩
p12-41-10019,1,佐賀県,198.0,5.41,60.1,68.52,0.117,6.193,2.0,堆積岩
p12-41-10020,1,佐賀県,197.3,4.02,62.6,68.42,0.157,6.257,2.0,堆積岩
p12-41-10162,1,佐賀県,64.3,1.58,8.5,47.71,0.436,13.525,6.0,堆積岩
p12-41-10171,1,佐賀県,59.8,4.5,9.6,47.41,0.029,13.039,1.0,堆積岩
p12-41-10181,1,佐賀県,112.7,5.16,52.8,68.46,0.309,14.454,6.0,火成岩
p12-41-10224,1,佐賀県,7.2,2.23,9.5,30.84,0.202,18.556,2.0,
p12-41-10144,1,佐賀県,383.0,16.75,73.2,35.1,0.031,7.742,7.0,火成岩
p12-41-10145,1,佐賀県,8.2,0.39,2.4,42.05,0.34,17.411,2.0,堆積岩
p12-41-10147,1,佐賀県,5.2,4.94,29.1,37.73,0.235,18.312,3.0,
p12-41-10116,1,佐賀県,33.4,2.28,24.4,67.38,0.287,32.462,6.0,堆積岩
p12-41-10086,1,佐賀県,110.2,16.2,54.8,72.59,0.018,20.473,1.0,堆積岩
p12-41-10210,1,佐賀県,49.5,0.68,28.8,62.88,0.205,26.085,2.0,堆積岩
p12-41-10049,1,佐賀県,46.4,17.0,38.1,77.85,0.027,17.315,3.0,火成岩
p12-41-10058,1,佐賀県,53.3,4.26,37.5,70.88,0.356,23.919,2.0,堆積岩
p12-42-10010,1,長崎県,5.1,2.47,46.9,49.18,5.924,35.483,1.0,堆積岩
p12-42-10011,1,長崎県,5.1,5.71,40.3,54.1,2.335,47.499,,変成岩
p12-42-10143,1,長崎県,29.1,15.3,36.3,26.63,0.165,21.09,8.0,堆積岩
p12-42-10144,1,長崎県,11.8,15.03,40.0,15.62,0.484,24.933,2.0,火成岩
p12-42-10157,1,長崎県,56.1,3.22,32.5,29.23,0.04,10.57,6.0,堆積岩
p12-42-10249,1,長崎県,10.5,15.0,22.1,79.68,0.675,36.409,2.0,堆積岩
p12-42-10261,1,長崎県,11.1,2.86,23.1,186.19,1.816,,7.0,堆積岩
p12-42-10270,1,長崎県,12.2,5.64,26.3,177.33,1.409,,5.0,堆積岩
p12-42-10301,1,長崎県,683.3,2.17,32.8,4.14,0.247,36.05,7.0,火成岩
p12-42-10304,1,長崎県,1.0,3.94,8.7,9.54,0.508,34.49,,堆積岩
p12-42-10309,1,長崎県,36.4,17.82,58.5,8.29,0.346,26.864,3.0,火成岩
p12-42-10314,1,長崎県,3.3,5.85,13.2,14.51,0.528,32.497,2.0,堆積岩
p12-42-10316,1,長崎県,5.8,1.39,8.8,20.56,0.063,39.883,2.0,堆積岩
p12-42-10340,1,長崎県,19.5,11.38,29.4,55.13,1.204,16.906,,火成岩
p12-44-10024,1,大分県,8.3,1.72,6.8,6.75,0.804,4.261,1.0,火成岩
p12-44-10034,1,大分県,212.8,3.65,71.1,23.76,0.03,22.999,6.0,堆積岩
p12-44-10037,1,大分県,195.2,7.0,67.1,34.67,0.03,23.348,6.0,堆積岩
p12-44-10053,1,大分県,204.1,13.23,75.9,30.48,0.63,30.949,3.0,火成岩
p12-44-10066,1,大分県,189.9,0.61,71.5,27.84,0.004,7.441,6.0,火成岩
p12-44-10067,1,大分県,282.5,9.55,139.6,23.2,0.037,2.574,7.0,火成岩
p12-44-10076,1,大分県,187.0,39.11,104.9,29.67,0.043,4.8,6.0,
p12-44-10096,1,大分県,9.8,0.34,22.0,52.24,0.107,41.308,10.0,堆積岩
p12-44-10098,1,大分県,38.2,5.66,112.1,49.13,0.046,36.42,8.0,付加体
p12-44-10101,1,大分県,76.0,5.93,75.3,55.33,0.021,42.499,8.0,堆積岩
p12-44-10157,1,大分県,235.8,4.28,54.5,18.4,0.05,16.249,1.0,堆積岩
p12-44-10158,1,大分県,542.5,3.87,52.3,17.23,0.099,23.447,2.0,火成岩
p12-44-10159,1,大分県,451.0,8.93,47.5,12.72,0.024,5.96,2.0,堆積岩
p12-44-10177,1,大分県,413.6,13.5,57.3,11.53,0.032,17.3,6.0,火成岩
p12-44-10178,1,大分県,268.3,1.18,56.3,17.78,0.526,16.395,2.0,火成岩
p12-44-10185,1,大分県,578.0,4.52,33.9,7.62,0.026,9.763,2.0,火成岩
p12-44-10186,1,大分県,461.6,5.57,32.5,11.37,0.03,7.223,2.0,堆積岩
p12-44-10187,1,大分県,450.5,3.49,45.7,12.38,0.022,6.38,2.0,堆積岩
p12-44-10188,1,大分県,467.8,15.37,56.3,11.76,0.045,6.831,5.0,火成岩
p12-44-10198,1,大分県,14.7,0.36,1.5,29.46,0.139,31.837,2.0,堆積岩
p12-44-10199,1,大分県,36.0,5.38,28.5,34.8,0.037,36.851,3.0,堆積岩
p12-44-10200,1,大分県,58.1,13.59,70.5,34.71,0.027,36.664,3.0,堆積岩
p12-44-10201,1,大分県,150.0,10.32,91.7,37.63,0.018,39.336,6.0,堆積岩
p12-44-10223,1,大分県,125.2,0.75,26.4,20.24,0.287,21.984,2.0,火成岩
p12-44-10245,1,大分県,456.4,0.84,4.0,3.72,0.251,1.152,2.0,堆積岩
p12-44-10258,1,大分県,6.9,2.6,11.6,39.84,0.061,39.955,2.0,堆積岩
p12-44-10271,1,大分県,215.1,9.82,95.2,38.09,0.166,39.671,6.0,堆積岩
p12-44-10272,1,大分県,302.8,9.04,49.2,31.26,0.847,32.146,7.0,火成岩
p12-44-10273,1,大分県,151.6,6.26,95.7,38.35,0.027,39.902,6.0,堆積岩
p12-46-10004,1,鹿児島県,13.7,6.52,16.3,8.45,0.74,4.113,1.0,火成岩
p12-46-10005,1,鹿児島県,556.4,25.24,95.5,5.94,0.084,23.651,9.0,火成岩
p12-47-10117,1,沖縄県,4.0,2.04,20.6,158.55,0.098,1.319,9.0,堆積岩
p12-47-10132,1,沖縄県,0.3,0.36,2.8,180.36,0.595,14.109,1.0,その他
control.geojson#0,0,北海道,129.0,0.0,0.0,7.26,0.032,0.014,,
control.geojson#1,0,青森県,220.5,1.59,21.5,44.43,0.956,32.92,6.0,堆積岩
control.geojson#2,0,青森県,25.8,10.49,25.7,29.08,0.088,10.654,2.0,火成岩
control.geojson#3,0,青森県,7.7,7.18,27.4,55.92,2.215,26.824,10.0,火成岩
control.geojson#4,0,青森県,212.1,26.05,74.5,33.22,0.719,30.404,6.0,火成岩
control.geojson#5,0,青森県,11.4,0.35,1.7,44.07,0.337,13.059,2.0,堆積岩
control.geojson#6,0,青森県,16.9,1.58,22.8,36.26,0.127,1.487,2.0,堆積岩
control.geojson#7,0,青森県,46.8,0.77,3.7,23.88,1.207,9.967,2.0,堆積岩
control.geojson#8,0,青森県,12.6,0.17,5.4,24.69,2.601,5.352,5.0,
control.geojson#9,0,青森県,206.6,1.12,13.9,18.18,0.201,0.077,,火成岩
control.geojson#10,0,青森県,369.4,3.72,46.9,13.84,0.315,11.04,7.0,火成岩
control.geojson#11,0,青森県,404.1,6.55,35.2,4.68,0.776,9.482,2.0,火成岩
control.geojson#12,0,青森県,34.0,1.52,8.7,15.38,0.075,16.787,2.0,堆積岩
control.geojson#13,0,青森県,109.7,2.72,10.1,17.9,0.111,1.471,2.0,火成岩
control.geojson#14,0,青森県,51.1,0.42,6.4,51.35,0.567,30.095,3.0,付加体
control.geojson#15,0,青森県,29.8,1.82,10.4,43.27,1.589,1.09,7.0,堆積岩
control.geojson#16,0,青森県,8.8,1.85,73.7,32.6,0.171,1.834,6.0,火成岩
control.geojson#17,0,青森県,15.0,0.74,6.7,39.94,0.173,26.694,2.0,堆積岩
control.geojson#18,0,青森県,15.0,0.13,6.6,39.94,0.17,26.699,2.0,堆積岩
control.geojson#19,0,青森県,51.7,20.41,46.3,24.39,0.521,11.687,6.0,堆積岩
control.geojson#20,0,青森県,19.2,0.36,0.9,19.06,1.531,13.692,2.0,堆積岩
control.geojson#21,0,青森県,29.8,1.82,10.4,43.27,1.589,1.09,7.0,堆積岩
control.geojson#22,0,青森県,0.5,0.65,1.9,23.59,0.383,4.034,,
control.geojson#23,0,青森県,52.9,1.22,4.0,23.9,0.52,9.473,2.0,堆積岩
control.geojson#24,0,青森県,5.0,3.6,25.2,41.55,0.68,0.015,,堆積岩
control.geojson#25,0,青森県,11.4,0.35,1.7,44.07,0.337,13.059,2.0,堆積岩
control.geojson#26,0,青森県,4.0,1.31,8.1,32.77,0.076,26.59,,堆積岩
control.geojson#27,0,青森県,,,,22.56,0.75,5.131,1.0,
control.geojson#28,0,青森県,284.4,7.12,42.6,4.19,0.123,11.447,5.0,火成岩
control.geojson#29,0,青森県,7.5,0.13,1.1,18.68,0.269,8.264,2.0,堆積岩
control.geojson#30,0,青森県,8.3,1.87,48.0,26.55,0.987,16.37,7.0,堆積岩
control.geojson#31,0,青森県,10.4,3.39,22.4,54.38,0.049,10.486,,火成岩
control.geojson#32,0,青森県,741.0,21.17,131.5,4.2,0.099,4.196,6.0,火成岩
control.geojson#33,0,青森県,17.3,2.66,16.2,46.85,0.401,24.666,2.0,堆積岩
control.geojson#34,0,青森県,42.5,1.79,6.3,15.17,0.331,16.74,2.0,堆積岩
control.geojson#35,0,青森県,218.2,8.01,51.7,6.04,0.409,0.337,9.0,火成岩
control.geojson#36,0,青森県,29.8,1.82,10.4,43.27,1.589,1.09,7.0,堆積岩
control.geojson#37,0,青森県,44.2,0.99,4.9,14.79,0.583,16.557,2.0,堆積岩
control.geojson#38,0,青森県,121.1,2.62,18.9,13.89,0.87,7.111,7.0,火成岩
control.geojson#39,0,青森県,17.7,0.34,1.6,13.77,0.057,7.661,1.0,堆積岩
control.geojson#40,0,青森県,98.4,2.2,9.2,18.71,0.108,2.23,2.0,火成岩
control.geojson#41,0,青森県,12.0,2.49,7.4,39.74,0.078,26.856,2.0,堆積岩
control.geojson#42,0,青森県,16.6,3.05,16.5,12.16,1.118,0.073,3.0,火成岩
control.geojson#43,0,青森県,436.8,7.31,27.2,4.17,0.085,9.549,8.0,火成岩
control.geojson#44,0,青森県,119.9,2.18,10.6,8.67,0.268,5.443,2.0,堆積岩
control.geojson#45,0,青森県,291.2,4.71,23.7,4.68,0.104,8.92,5.0,火成岩
control.geojson#46,0,青森県,22.7,4.12,18.7,48.96,0.422,28.782,6.0,堆積岩
control.geojson#47,0,青森県,75.4,1.77,7.0,29.29,0.543,12.798,1.0,堆積岩
control.geojson#48,0,青森県,0.2,,2.9,34.38,1.465,28.219,,堆積岩
control.geojson#49,0,青森県,222.1,0.93,8.1,44.59,1.055,32.874,6.0,堆積岩
control.geojson#50,0,青森県,366.4,10.9,49.7,51.35,0.981,28.964,2.0,堆積岩
control.geojson#51,0,青森県,404.9,0.13,3.5,3.63,0.347,0.221,9.0,堆積岩
control.geojson#52,0,青森県,28.8,0.48,3.8,24.38,0.141,15.167,1.0,堆積岩
control.geojson#53,0,青森県,90.0,5.34,75.0,31.98,0.142,1.282,2.0,火成岩
control.geojson#54,0,岩手県,52.4,0.74,4.5,36.55,2.64,20.627,1.0,堆積岩
control.geojson#55,0,岩手県,264.4,0.68,3.1,74.12,0.216,17.162,2.0,堆積岩
control.geojson#56,0,岩手県,19.2,12.26,59.6,86.69,1.374,55.474,7.0,火成岩
control.geojson#57,0,岩手県,39.9,2.41,86.6,40.76,0.029,32.717,7.0,堆積岩
control.geojson#58,0,岩手県,734.3,6.47,26.5,57.81,1.105,12.266,2.0,火成岩
control.geojson#59,0,岩手県,209.8,4.66,27.8,66.94,0.239,23.139,2.0,火成岩
control.geojson#60,0,岩手県,209.8,4.66,27.8,66.94,0.239,23.139,2.0,火成岩
control.geojson#61,0,岩手県,1534.8,19.36,62.0,0.92,0.698,15.065,9.0,火成岩
control.geojson#62,0,岩手県,80.2,0.08,5.0,49.57,0.084,15.917,1.0,堆積岩
control.geojson#63,0,岩手県,296.9,4.88,26.3,52.59,1.111,19.271,2.0,堆積岩
control.geojson#64,0,岩手県,7.4,,51.6,80.56,0.36,30.566,,
control.geojson#65,0,岩手県,163.4,3.39,32.4,36.77,0.093,11.806,2.0,堆積岩
control.geojson#66,0,岩手県,0.7,0.38,1.7,72.82,0.107,41.564,1.0,堆積岩
control.geojson#67,0,岩手県,131.2,0.12,1.9,20.9,0.87,6.026,2.0,堆積岩
control.geojson#68,0,岩手県,182.1,1.7,10.2,17.77,0.105,0.078,2.0,堆積岩
control.geojson#69,0,岩手県,279.7,0.47,2.7,73.54,0.182,20.888,2.0,堆積岩
control.geojson#70,0,岩手県,446.6,6.78,41.6,10.5,0.675,9.242,6.0,火成岩
control.geojson#71,0,岩手県,1341.0,0.63,41.9,85.61,1.466,35.564,9.0,火成岩
control.geojson#72,0,岩手県,83.3,8.14,33.8,27.57,0.205,21.099,2.0,火成岩
control.geojson#73,0,岩手県,144.4,0.41,4.0,15.22,0.739,5.249,2.0,堆積岩
control.geojson#74,0,岩手県,64.3,6.94,110.3,82.46,2.121,46.504,9.0,火成岩
control.geojson#75,0,岩手県,7.8,1.16,4.5,99.21,0.498,47.035,6.0,堆積岩
control.geojson#76,0,岩手県,4.3,1.22,50.5,96.55,0.048,47.305,2.0,堆積岩
control.geojson#77,0,岩手県,8.9,0.15,0.9,84.12,0.267,53.174,1.0,堆積岩
control.geojson#78,0,岩手県,36.0,1.2,8.8,27.77,0.664,22.41,6.0,火成岩
control.geojson#79,0,岩手県,3.3,0.32,11.4,85.85,0.028,55.526,1.0,堆積岩
control.geojson#80,0,岩手県,120.0,0.19,0.8,21.58,0.251,6.358,1.0,堆積岩
control.geojson#81,0,岩手県,57.5,0.59,2.1,35.99,3.016,20.043,2.0,堆積岩
control.geojson#82,0,岩手県,1912.6,2.34,78.7,53.07,1.49,27.994,9.0,火成岩
control.geojson#83,0,岩手県,26.4,0.34,2.0,32.42,0.2,21.458,4.0,堆積岩
control.geojson#84,0,岩手県,97.8,6.74,32.5,47.13,0.247,30.177,2.0,火成岩
control.geojson#85,0,岩手県,23.2,1.53,5.5,28.97,0.199,22.987,,堆積岩
control.geojson#86,0,岩手県,363.5,10.82,52.6,29.21,0.318,22.831,7.0,火成岩
control.geojson#87,0,岩手県,104.4,0.97,3.7,47.61,0.097,13.849,2.0,堆積岩
control.geojson#88,0,岩手県,246.6,6.68,58.3,54.78,0.168,19.349,,付加体
control.geojson#89,0,岩手県,80.2,0.08,5.0,49.57,0.084,15.917,1.0,堆積岩
control.geojson#90,0,岩手県,2.6,9.29,29.3,82.2,2.922,49.19,6.0,
control.geojson#91,0,岩手県,240.5,3.9,36.8,17.97,0.113,3.583,2.0,堆積岩
control.geojson#92,0,岩手県,9.1,0.74,6.3,71.8,0.152,40.487,2.0,堆積岩
control.geojson#93,0,岩手県,205.2,0.28,5.1,16.54,0.175,1.433,2.0,火成岩
control.geojson#94,0,岩手県,303.3,3.47,27.2,23.39,1.025,6.703,6.0,付加体
control.geojson#95,0,岩手県,0.3,0.58,2.6,92.4,1.03,63.436,1.0,堆積岩
control.geojson#96,0,岩手県,253.8,31.03,51.7,23.72,0.59,7.092,4.0,付加体
control.geojson#97,0,岩手県,105.9,0.3,0.9,30.89,0.522,14.526,2.0,堆積岩
control.geojson#98,0,岩手県,38.0,1.85,40.4,82.58,3.042,49.309,6.0,火成岩
control.geojson#99,0,岩手県,80.7,1.92,23.4,42.61,0.246,18.157,2.0,堆積岩
control.geojson#100,0,岩手県,225.5,6.48,58.5,37.08,0.176,2.505,1.0,火成岩
control.geojson#101,0,岩手県,313.2,4.05,23.0,36.18,0.219,5.783,7.0,堆積岩
control.geojson#102,0,岩手県,104.8,11.65,61.6,44.62,0.258,16.561,7.0,火成岩
control.geojson#103,0,岩手県,50.7,9.5,50.6,94.03,1.947,64.967,,火成岩
control.geojson#104,0,岩手県,253.3,0.84,8.0,12.24,1.319,2.932,2.0,火成岩
control.geojson#105,0,岩手県,1.5,1.09,4.8,78.93,3.316,48.895,2.0,火成岩
control.geojson#106,0,岩手県,191.0,12.52,78.8,55.68,0.245,9.845,7.0,火成岩
control.geojson#107,0,岩手県,3.4,6.45,40.3,86.51,1.221,55.228,,火成岩
control.geojson#108,0,岩手県,211.3,2.35,13.2,20.23,0.607,14.792,2.0,堆積岩
control.geojson#109,0,岩手県,231.8,5.35,42.8,63.84,0.218,3.692,2.0,火成岩
control.geojson#110,0,岩手県,174.0,5.3,35.7,35.29,0.308,18.03,1.0,火成岩
control.geojson#111,0,岩手県,109.7,14.33,96.3,93.78,0.001,50.737,6.0,付加体
control.geojson#112,0,岩手県,295.8,3.77,16.6,68.69,0.035,19.875,2.0,堆積岩
control.geojson#113,0,岩手県,124.1,3.02,4.9,21.3,0.044,5.648,1.0,堆積岩
control.geojson#114,0,岩手県,92.7,4.51,69.7,100.9,0.873,48.304,6.0,付加体
control.geojson#115,0,岩手県,82.6,1.69,22.1,34.93,0.135,17.016,2.0,堆積岩
control.geojson#116,0,岩手県,261.3,0.59,8.3,73.71,0.046,16.779,2.0,堆積岩
control.geojson#117,0,岩手県,295.7,1.45,5.5,10.83,0.039,11.85,2.0,火成岩
control.geojson#118,0,岩手県,24.0,6.15,32.4,95.22,0.482,66.517,9.0,火成岩
control.geojson#119,0,岩手県,127.3,1.66,8.3,20.96,0.112,6.956,2.0,堆積岩
control.geojson#120,0,岩手県,52.4,0.74,4.5,36.55,2.64,20.627,1.0,堆積岩
control.geojson#121,0,岩手県,11.2,19.61,85.1,99.35,0.897,47.375,6.0,堆積岩
control.geojson#122,0,岩手県,273.4,17.08,39.2,22.24,0.368,17.464,2.0,火成岩
control.geojson#123,0,岩手県,83.8,3.65,55.9,70.57,0.071,40.276,7.0,付加体
control.geojson#124,0,岩手県,109.0,8.42,38.6,51.19,0.547,13.758,6.0,火成岩
control.geojson#125,0,岩手県,264.4,0.68,3.1,74.12,0.216,17.162,2.0,堆積岩
control.geojson#126,0,岩手県,202.9,5.03,25.0,31.86,0.435,12.054,6.0,堆積岩
control.geojson#127,0,岩手県,5.7,0.2,0.4,76.2,0.148,25.248,2.0,堆積岩
control.geojson#128,0,岩手県,36.0,1.2,8.8,27.77,0.664,22.41,6.0,火成岩
control.geojson#129,0,岩手県,280.0,5.81,46.7,8.91,1.407,10.542,2.0,火成岩
control.geojson#130,0,岩手県,845.0,13.59,100.9,26.06,0.794,6.577,8.0,火成岩
control.geojson#131,0,岩手県,15.2,6.24,30.4,91.77,0.783,55.708,9.0,火成岩
control.geojson#132,0,宮城県,,,,50.5,1.264,21.293,9.0,
control.geojson#133,0,秋田県,127.8,7.61,47.2,40.46,0.119,35.874,6.0,火成岩
control.geojson#134,0,秋田県,118.9,0.75,7.3,24.08,0.448,17.88,2.0,堆積岩
control.geojson#135,0,秋田県,126.2,20.69,65.3,56.86,0.586,9.167,6.0,堆積岩
control.geojson#136,0,秋田県,62.6,2.47,25.1,62.91,1.429,22.822,6.0,堆積岩
control.geojson#137,0,秋田県,600.4,14.61,68.5,22.35,0.621,13.493,2.0,火成岩
control.geojson#138,0,秋田県,194.1,4.86,44.9,49.39,0.557,17.592,1.0,火成岩
control.geojson#139,0,秋田県,63.4,0.37,2.2,42.19,0.759,25.151,1.0,堆積岩
control.geojson#140,0,秋田県,37.9,28.24,36.0,42.5,0.076,27.858,7.0,火成岩
control.geojson#141,0,秋田県,23.3,3.8,36.7,48.78,0.347,13.032,7.0,堆積岩
control.geojson#142,0,秋田県,132.1,3.87,97.6,44.27,0.722,42.54,6.0,堆積岩
control.geojson#143,0,秋田県,40.1,8.28,53.3,55.57,0.402,33.609,6.0,堆積岩
control.geojson#144,0,秋田県,0.7,0.94,2.5,54.26,0.328,6.76,1.0,堆積岩
control.geojson#145,0,秋田県,7.7,0.37,4.5,57.87,0.552,19.078,1.0,堆積岩
control.geojson#146,0,秋田県,7.2,0.47,1.7,58.49,0.164,18.536,1.0,堆積岩
control.geojson#147,0,秋田県,9.4,0.21,0.9,64.81,0.14,3.379,6.0,堆積岩
control.geojson#148,0,秋田県,9.0,0.56,11.8,61.74,0.127,17.053,1.0,堆積岩
control.geojson#149,0,秋田県,74.9,0.62,2.0,32.64,0.228,25.1,1.0,堆積岩
control.geojson#150,0,秋田県,56.1,0.49,1.8,35.46,0.099,26.347,2.0,堆積岩
control.geojson#151,0,秋田県,11.3,1.94,14.9,54.21,0.191,6.049,1.0,堆積岩
control.geojson#152,0,秋田県,10.6,2.26,16.4,49.3,1.001,37.21,10.0,堆積岩
control.geojson#153,0,秋田県,120.3,2.83,27.6,15.63,0.035,17.716,2.0,
control.geojson#154,0,秋田県,111.5,0.62,5.6,30.35,0.069,32.117,2.0,堆積岩
control.geojson#155,0,秋田県,204.8,5.03,47.0,26.69,0.1,11.576,6.0,火成岩
control.geojson#156,0,秋田県,22.9,5.47,19.5,31.77,0.395,31.644,1.0,堆積岩
control.geojson#157,0,秋田県,31.3,1.51,18.4,67.99,0.733,5.599,2.0,堆積岩
control.geojson#158,0,秋田県,13.4,20.18,18.6,56.8,0.894,3.435,2.0,堆積岩
control.geojson#159,0,秋田県,4.1,9.73,15.3,64.99,1.377,4.883,6.0,堆積岩
control.geojson#160,0,秋田県,197.6,14.05,62.7,29.43,0.174,19.783,7.0,堆積岩
control.geojson#161,0,秋田県,161.6,5.82,57.1,84.51,0.576,15.598,6.0,堆積岩
control.geojson#162,0,秋田県,86.8,0.19,1.8,37.3,0.539,20.924,3.0,堆積岩
control.geojson#163,0,秋田県,370.3,0.45,8.4,15.58,0.498,15.86,2.0,火成岩
control.geojson#164,0,秋田県,319.5,28.22,60.6,15.76,0.293,9.428,3.0,火成岩
control.geojson#165,0,秋田県,4.2,10.51,24.7,27.74,0.112,27.202,,堆積岩
control.geojson#166,0,秋田県,600.4,14.61,68.5,22.35,0.621,13.493,2.0,火成岩
control.geojson#167,0,秋田県,139.8,1.19,4.5,30.82,0.776,14.732,2.0,堆積岩
control.geojson#168,0,秋田県,146.8,2.78,33.7,35.52,0.109,11.86,7.0,堆積岩
control.geojson#169,0,秋田県,2.6,3.0,17.6,54.63,0.598,6.679,,堆積岩
control.geojson#170,0,秋田県,24.9,0.95,2.8,43.71,0.135,16.876,2.0,堆積岩
control.geojson#171,0,秋田県,97.8,3.97,41.2,40.59,0.12,36.605,7.0,堆積岩
control.geojson#172,0,秋田県,6.2,0.4,2.7,54.62,0.702,6.328,1.0,堆積岩
control.geojson#173,0,秋田県,150.1,3.2,15.3,30.84,0.363,21.236,2.0,堆積岩
control.geojson#174,0,秋田県,11.8,1.99,6.2,55.03,1.096,6.125,1.0,堆積岩
control.geojson#175,0,秋田県,0.0,0.0,0.8,67.69,2.1,8.182,10.0,堆積岩
control.geojson#176,0,秋田県,13.9,0.64,25.6,21.17,1.511,19.608,9.0,火成岩
control.geojson#177,0,秋田県,205.7,29.29,75.0,37.86,0.322,11.857,7.0,堆積岩
control.geojson#178,0,秋田県,24.7,2.67,17.6,52.28,0.304,8.117,2.0,堆積岩
control.geojson#179,0,秋田県,102.4,0.45,1.8,34.13,0.393,17.792,2.0,堆積岩
control.geojson#180,0,秋田県,54.0,9.56,19.8,45.15,0.048,14.208,2.0,堆積岩
control.geojson#181,0,秋田県,45.8,0.0,0.3,39.78,0.27,29.724,2.0,堆積岩
control.geojson#182,0,秋田県,39.7,0.0,0.9,33.62,0.063,20.39,9.0,堆積岩
control.geojson#183,0,秋田県,0.7,3.94,9.8,17.87,0.719,15.67,,堆積岩
control.geojson#184,0,秋田県,9.9,0.39,5.3,58.7,2.564,2.723,1.0,堆積岩
control.geojson#185,0,秋田県,3.4,5.65,14.8,23.59,0.47,22.738,,堆積岩
control.geojson#186,0,秋田県,8.7,0.39,1.8,54.98,1.072,5.959,1.0,堆積岩
control.geojson#187,0,秋田県,28.4,10.96,26.6,54.38,1.22,5.631,2.0,堆積岩
control.geojson#188,0,秋田県,43.8,3.94,33.3,37.69,0.098,17.321,6.0,堆積岩
control.geojson#189,0,秋田県,5.5,0.0,0.7,54.41,0.609,6.408,1.0,堆積岩
control.geojson#190,0,秋田県,168.8,2.45,16.9,37.34,0.286,20.649,1.0,堆積岩
control.geojson#191,0,秋田県,21.3,1.7,9.9,58.63,0.823,9.239,2.0,堆積岩
control.geojson#192,0,秋田県,1186.6,8.89,44.1,3.83,0.153,5.472,9.0,火成岩
control.geojson#193,0,秋田県,34.8,0.24,3.5,45.37,0.615,14.751,6.0,堆積岩
control.geojson#194,0,秋田県,81.0,15.78,52.3,44.49,1.048,29.3,2.0,堆積岩
control.geojson#195,0,秋田県,63.4,0.2,2.2,32.48,0.366,18.917,2.0,堆積岩
control.geojson#196,0,秋田県,21.1,0.19,2.8,43.24,0.081,30.16,1.0,堆積岩
control.geojson#197,0,秋田県,16.3,5.5,31.9,55.49,0.248,33.745,6.0,堆積岩
control.geojson#198,0,秋田県,11.0,5.93,12.8,61.15,1.118,7.211,10.0,堆積岩
control.geojson#199,0,秋田県,19.6,0.54,1.5,44.21,0.184,30.206,2.0,堆積岩
control.geojson#200,0,秋田県,49.2,1.16,8.3,40.69,0.163,25.876,7.0,堆積岩
control.geojson#201,0,秋田県,161.1,1.23,11.7,20.19,0.067,13.847,1.0,堆積岩
control.geojson#202,0,秋田県,9.7,0.78,4.9,49.35,0.246,12.079,2.0,堆積岩
control.geojson#203,0,秋田県,87.5,1.03,3.6,34.0,0.07,16.719,1.0,堆積岩
control.geojson#204,0,秋田県,86.8,0.54,2.4,36.19,0.022,19.665,2.0,堆積岩
control.geojson#205,0,秋田県,65.6,0.48,2.3,37.15,0.836,21.373,6.0,堆積岩
control.geojson#206,0,秋田県,57.4,4.93,6.2,48.78,0.013,19.984,2.0,堆積岩
control.geojson#207,0,秋田県,47.5,1.29,5.7,38.8,0.137,30.043,2.0,堆積岩
control.geojson#208,0,秋田県,68.8,3.94,61.0,46.93,1.107,31.703,7.0,堆積岩
control.geojson#209,0,秋田県,57.9,0.83,4.5,27.33,0.213,13.608,2.0,堆積岩
control.geojson#210,0,秋田県,42.3,6.42,47.0,34.57,0.117,21.174,7.0,堆積岩
control.geojson#211,0,秋田県,146.8,2.78,33.7,35.52,0.109,11.86,7.0,堆積岩
control.geojson#212,0,秋田県,31.5,1.97,4.3,43.68,0.431,16.727,1.0,堆積岩
control.geojson#213,0,秋田県,460.1,6.55,21.7,12.41,0.174,13.243,2.0,火成岩
control.geojson#214,0,秋田県,92.4,1.12,7.5,34.74,0.124,18.163,2.0,堆積岩
control.geojson#215,0,秋田県,149.0,6.52,52.8,49.14,0.222,17.521,1.0,堆積岩
control.geojson#216,0,秋田県,14.6,1.06,10.5,49.2,0.404,12.322,1.0,堆積岩
control.geojson#217,0,秋田県,68.5,0.37,1.8,31.45,0.376,16.746,6.0,火成岩
control.geojson#218,0,秋田県,72.2,12.21,30.7,42.44,0.309,17.931,2.0,火成岩
control.geojson#219,0,秋田県,100.0,0.45,2.4,34.76,0.177,18.367,2.0,堆積岩
control.geojson#220,0,秋田県,32.3,0.9,4.5,44.1,0.142,28.486,2.0,堆積岩
control.geojson#221,0,秋田県,11.7,2.08,6.0,22.01,0.046,20.972,1.0,火成岩
control.geojson#222,0,山形県,145.5,1.01,5.4,14.9,0.846,10.139,1.0,堆積岩
control.geojson#223,0,山形県,1978.3,14.84,119.2,12.97,0.625,10.333,10.0,火成岩
control.geojson#224,0,茨城県,1.7,0.67,3.4,96.53,1.084,3.46,2.0,その他
control.geojson#225,0,茨城県,17.2,2.57,25.9,77.51,0.113,16.985,6.0,堆積岩
control.geojson#226,0,茨城県,15.7,0.0,0.2,84.63,0.648,10.744,2.0,堆積岩
control.geojson#227,0,茨城県,4.4,0.36,13.4,123.59,0.146,1.016,6.0,堆積岩
control.geojson#228,0,茨城県,34.9,0.0,2.9,80.17,0.235,9.844,2.0,堆積岩
control.geojson#229,0,茨城県,5.1,0.15,0.5,137.93,3.002,5.502,2.0,堆積岩
control.geojson#230,0,茨城県,99.2,12.81,67.6,60.19,0.817,13.795,2.0,付加体
control.geojson#231,0,茨城県,,,,86.99,0.258,22.326,1.0,堆積岩
control.geojson#232,0,茨城県,30.6,0.22,1.0,85.43,2.292,13.122,2.0,堆積岩
control.geojson#233,0,茨城県,26.6,1.69,7.6,85.85,0.497,20.054,1.0,堆積岩
control.geojson#234,0,茨城県,45.4,0.3,1.3,71.26,0.343,4.504,1.0,堆積岩
control.geojson#235,0,茨城県,46.1,0.37,1.2,66.75,0.083,15.788,1.0,堆積岩
control.geojson#236,0,茨城県,20.9,0.37,11.6,99.36,0.255,3.446,2.0,堆積岩
control.geojson#237,0,茨城県,16.4,1.59,9.7,75.18,0.1,13.065,2.0,堆積岩
control.geojson#238,0,栃木県,1269.0,0.0,0.0,3.77,0.313,0.55,,
control.geojson#239,0,群馬県,511.0,3.26,76.8,41.1,0.048,18.435,6.0,堆積岩
control.geojson#240,0,群馬県,70.4,0.34,1.2,29.26,0.586,12.187,2.0,火成岩
control.geojson#241,0,群馬県,524.8,5.13,34.7,8.82,0.275,6.818,6.0,火成岩
control.geojson#242,0,群馬県,19.7,0.0,0.4,47.39,0.065,22.392,1.0,堆積岩
control.geojson#243,0,群馬県,106.8,0.73,4.0,21.14,0.594,10.065,2.0,堆積岩
control.geojson#244,0,群馬県,203.4,12.87,31.1,15.44,0.016,13.569,2.0,堆積岩
control.geojson#245,0,群馬県,15.7,0.34,1.0,52.39,0.427,23.926,2.0,堆積岩
control.geojson#246,0,群馬県,502.6,12.62,77.5,33.11,0.023,13.37,2.0,変成岩
control.geojson#247,0,群馬県,66.3,0.46,2.9,25.82,0.133,17.67,2.0,堆積岩
control.geojson#248,0,群馬県,106.7,0.0,0.6,21.35,0.428,10.23,1.0,火成岩
control.geojson#249,0,群馬県,1137.6,8.88,102.0,16.61,0.208,11.309,2.0,火成岩
control.geojson#250,0,群馬県,413.7,1.13,4.8,16.37,0.373,11.551,2.0,堆積岩
control.geojson#251,0,群馬県,129.8,1.12,5.5,19.46,0.651,10.978,2.0,堆積岩
control.geojson#252,0,群馬県,139.0,2.22,6.3,15.98,0.436,3.415,2.0,火成岩
control.geojson#253,0,群馬県,769.4,11.25,82.6,28.53,0.13,4.391,6.0,火成岩
control.geojson#254,0,群馬県,742.9,41.87,158.8,20.37,0.06,9.682,6.0,火成岩
control.geojson#255,0,群馬県,496.3,7.25,96.9,34.46,0.543,6.901,6.0,変成岩
control.geojson#256,0,群馬県,466.0,24.57,67.2,16.11,0.264,0.027,6.0,火成岩
control.geojson#257,0,群馬県,333.3,9.59,45.4,14.82,0.028,1.324,2.0,堆積岩
control.geojson#258,0,群馬県,2563.8,3.2,207.0,0.03,2.505,10.008,,火成岩
control.geojson#259,0,群馬県,199.3,1.26,17.8,13.31,0.156,0.588,2.0,火成岩
control.geojson#260,0,群馬県,472.4,9.86,49.9,16.1,0.24,0.059,6.0,火成岩
control.geojson#261,0,群馬県,72.0,0.33,1.1,30.12,0.103,7.173,3.0,堆積岩
control.geojson#262,0,群馬県,251.4,9.14,49.4,19.58,0.318,7.551,7.0,火成岩
control.geojson#263,0,群馬県,354.2,9.18,26.0,32.28,0.026,17.053,7.0,付加体
control.geojson#264,0,群馬県,605.2,13.06,102.6,31.93,0.282,4.737,7.0,火成岩
control.geojson#265,0,群馬県,88.5,0.62,3.6,22.45,0.289,21.22,2.0,火成岩
control.geojson#266,0,群馬県,19.4,0.12,1.1,46.94,0.199,22.474,1.0,堆積岩
control.geojson#267,0,群馬県,29.7,0.0,1.1,37.26,0.391,17.336,2.0,
control.geojson#268,0,群馬県,703.6,13.25,112.2,30.04,0.576,2.525,7.0,堆積岩
control.geojson#269,0,群馬県,1387.5,5.13,45.4,4.44,0.303,8.144,9.0,火成岩
control.geojson#270,0,群馬県,51.2,1.11,2.5,29.66,0.442,14.044,,堆積岩
control.geojson#271,0,群馬県,128.2,2.32,8.9,25.1,0.099,11.147,2.0,堆積岩
control.geojson#272,0,群馬県,137.6,1.68,10.7,19.77,1.231,11.537,2.0,堆積岩
control.geojson#273,0,群馬県,1127.4,3.16,106.5,14.68,0.523,6.64,7.0,火成岩
control.geojson#274,0,群馬県,726.7,7.33,34.1,8.92,0.402,8.62,2.0,火成岩
control.geojson#275,0,群馬県,199.0,1.25,15.5,13.43,0.581,11.451,1.0,火成岩
control.geojson#276,0,群馬県,543.9,1.19,5.7,24.9,0.439,2.284,2.0,堆積岩
control.geojson#277,0,群馬県,370.7,21.26,168.4,40.56,0.385,0.151,6.0,変成岩
control.geojson#278,0,群馬県,90.4,3.72,11.1,21.49,0.467,21.922,2.0,火成岩
control.geojson#279,0,群馬県,652.6,9.43,35.5,16.23,0.072,14.338,2.0,火成岩
control.geojson#280,0,群馬県,119.7,1.32,16.7,34.06,0.387,2.119,2.0,堆積岩
control.geojson#281,0,群馬県,252.9,7.38,55.3,14.64,0.036,8.86,6.0,付加体
control.geojson#282,0,群馬県,164.3,0.54,2.4,24.39,0.575,13.953,2.0,堆積岩
control.geojson#283,0,群馬県,106.8,0.73,4.0,21.14,0.594,10.065,2.0,堆積岩
control.geojson#284,0,群馬県,413.7,1.13,4.8,16.37,0.373,11.551,2.0,堆積岩
control.geojson#285,0,群馬県,1255.0,10.35,35.0,26.61,0.669,0.901,6.0,火成岩
control.geojson#286,0,群馬県,57.5,0.37,1.9,28.38,0.657,20.89,3.0,堆積岩
control.geojson#287,0,群馬県,620.2,10.25,130.1,14.11,0.154,9.774,7.0,堆積岩
control.geojson#288,0,群馬県,95.1,0.73,5.6,24.26,1.522,14.487,2.0,堆積岩
control.geojson#289,0,群馬県,304.0,15.86,43.7,14.19,0.31,8.452,6.0,堆積岩
control.geojson#290,0,群馬県,291.4,1.84,23.9,27.88,0.561,12.402,6.0,堆積岩
control.geojson#291,0,群馬県,101.2,0.72,6.0,26.95,0.395,6.664,1.0,堆積岩
control.geojson#292,0,群馬県,21.3,0.24,0.7,46.39,0.771,16.342,2.0,堆積岩
control.geojson#293,0,群馬県,34.4,0.34,0.7,35.1,0.212,16.774,2.0,堆積岩
control.geojson#294,0,群馬県,55.4,0.45,1.7,31.07,0.17,12.531,3.0,堆積岩
control.geojson#295,0,群馬県,199.3,1.26,17.8,13.31,0.156,0.588,2.0,火成岩
control.geojson#296,0,群馬県,119.9,0.47,3.8,20.04,0.501,18.554,2.0,堆積岩
control.geojson#297,0,群馬県,536.5,6.85,60.4,8.7,0.072,6.512,6.0,火成岩
control.geojson#298,0,群馬県,106.8,0.73,4.0,21.14,0.594,10.065,2.0,堆積岩
control.geojson#299,0,群馬県,118.7,0.39,5.0,17.83,0.269,8.725,2.0,堆積岩
control.geojson#300,0,群馬県,49.1,1.2,20.7,32.43,0.271,18.707,6.0,堆積岩
control.geojson#301,0,群馬県,108.4,8.38,47.5,24.83,1.326,14.34,2.0,火成岩
control.geojson#302,0,群馬県,97.6,1.09,24.8,22.14,0.088,9.202,1.0,堆積岩
control.geojson#303,0,群馬県,116.4,0.63,1.8,19.14,0.411,9.435,2.0,堆積岩
control.geojson#304,0,群馬県,502.7,16.75,25.4,16.54,0.022,7.823,2.0,堆積岩
control.geojson#305,0,群馬県,199.3,1.26,17.8,13.31,0.156,0.588,2.0,火成岩
control.geojson#306,0,群馬県,1040.3,7.48,79.1,14.12,0.71,12.784,2.0,堆積岩
control.geojson#307,0,群馬県,136.8,2.15,9.6,16.83,0.207,9.966,3.0,堆積岩
control.geojson#308,0,群馬県,142.2,2.84,18.4,18.26,0.364,17.663,3.0,堆積岩
control.geojson#309,0,群馬県,362.2,1.17,24.5,10.74,0.247,6.182,2.0,堆積岩
control.geojson#310,0,群馬県,354.2,9.18,26.0,32.28,0.026,17.053,7.0,付加体
control.geojson#311,0,群馬県,616.5,4.49,57.9,8.09,0.628,14.2,6.0,火成岩
control.geojson#312,0,群馬県,36.7,0.03,1.0,34.06,0.248,16.827,2.0,堆積岩
control.geojson#313,0,群馬県,606.4,17.91,97.2,17.22,0.574,2.622,6.0,火成岩
control.geojson#314,0,群馬県,471.4,14.76,127.9,29.95,0.656,14.485,6.0,変成岩
control.geojson#315,0,群馬県,206.6,0.77,5.8,23.86,0.018,9.711,2.0,
control.geojson#316,0,群馬県,1037.7,8.54,65.4,14.0,0.609,12.841,2.0,堆積岩
control.geojson#317,0,群馬県,530.5,1.5,33.5,16.85,0.236,8.068,2.0,堆積岩
control.geojson#318,0,埼玉県,55.0,0.41,9.8,35.19,0.056,11.572,2.0,堆積岩
control.geojson#319,0,埼玉県,71.0,1.13,6.6,75.0,0.416,4.505,2.0,堆積岩
control.geojson#320,0,埼玉県,14.4,0.08,0.8,74.12,0.06,16.618,1.0,堆積岩
control.geojson#321,0,埼玉県,63.4,1.93,10.2,62.04,0.032,10.055,7.0,堆積岩
control.geojson#322,0,埼玉県,7.9,0.99,4.6,83.3,0.104,18.551,6.0,堆積岩
control.geojson#323,0,埼玉県,115.0,0.0,0.0,69.86,0.058,0.184,7.0,
control.geojson#324,0,埼玉県,19.8,0.0,0.3,52.4,0.393,8.875,1.0,堆積岩
control.geojson#325,0,埼玉県,5.5,0.08,0.5,86.02,0.262,17.501,2.0,堆積岩
control.geojson#326,0,埼玉県,73.3,3.91,27.9,66.84,0.212,5.201,6.0,堆積岩
control.geojson#327,0,埼玉県,46.1,0.44,2.6,79.41,0.471,8.839,7.0,堆積岩
control.geojson#328,0,埼玉県,383.1,2.77,69.1,47.53,0.787,2.339,2.0,変成岩
control.geojson#329,0,埼玉県,13.6,0.52,2.8,74.79,0.276,16.063,1.0,堆積岩
control.geojson#330,0,埼玉県,15.9,0.35,1.1,55.1,0.068,9.536,2.0,堆積岩
control.geojson#331,0,埼玉県,13.2,0.36,0.8,79.06,1.067,21.904,1.0,堆積岩
control.geojson#332,0,埼玉県,39.7,0.28,9.1,41.72,0.065,11.838,1.0,堆積岩
control.geojson#333,0,千葉県,2.6,0.21,0.8,126.83,0.394,3.749,2.0,堆積岩
control.geojson#334,0,千葉県,1.9,0.0,0.4,140.23,1.609,13.618,2.0,堆積岩
control.geojson#335,0,千葉県,35.9,9.76,23.2,137.39,0.587,15.993,6.0,堆積岩
control.geojson#336,0,千葉県,45.8,2.38,13.7,135.04,0.607,11.746,2.0,堆積岩
control.geojson#337,0,千葉県,4.7,0.0,0.2,142.86,0.06,19.658,2.0,堆積岩
control.geojson#338,0,千葉県,0.2,0.18,0.7,135.47,0.065,10.793,2.0,
control.geojson#339,0,千葉県,90.1,0.0,4.5,119.83,0.595,6.614,2.0,堆積岩
control.geojson#340,0,千葉県,30.7,1.74,16.4,129.27,0.827,8.689,6.0,堆積岩
control.geojson#341,0,千葉県,29.9,0.91,6.1,100.39,0.08,8.882,2.0,堆積岩
control.geojson#342,0,千葉県,70.9,4.36,21.6,164.08,0.543,30.799,2.0,付加体
control.geojson#343,0,千葉県,27.4,9.17,25.4,137.23,0.371,15.743,6.0,堆積岩
control.geojson#344,0,千葉県,3.0,0.0,0.8,78.06,0.995,20.68,1.0,その他
control.geojson#345,0,千葉県,80.5,0.42,13.7,108.41,1.572,1.687,1.0,堆積岩
control.geojson#346,0,千葉県,0.6,,6.5,51.26,0.661,32.834,1.0,堆積岩
control.geojson#347,0,千葉県,94.3,1.35,38.5,79.3,0.419,4.316,7.0,堆積岩
control.geojson#348,0,千葉県,4.4,0.45,1.4,108.16,0.175,15.776,1.0,堆積岩
control.geojson#349,0,千葉県,4.9,1.08,6.1,90.53,0.625,27.164,2.0,その他
control.geojson#350,0,千葉県,4.8,0.7,3.7,101.51,0.082,18.411,2.0,堆積岩
control.geojson#351,0,神奈川県,25.9,8.62,45.3,49.69,0.489,31.453,7.0,堆積岩
control.geojson#352,0,新潟県,41.8,10.01,43.0,125.25,0.159,16.127,7.0,堆積岩
control.geojson#353,0,新潟県,140.8,9.66,35.6,64.81,0.035,19.746,6.0,堆積岩
control.geojson#354,0,新潟県,65.7,0.96,11.9,15.97,0.126,22.074,2.0,堆積岩
control.geojson#355,0,新潟県,10.8,1.01,16.2,76.08,0.306,20.854,6.0,堆積岩
control.geojson#356,0,新潟県,143.1,9.98,52.7,42.44,0.013,9.288,2.0,堆積岩
control.geojson#357,0,新潟県,68.0,2.46,23.1,67.15,0.154,20.134,1.0,堆積岩
control.geojson#358,0,新潟県,59.8,0.38,3.2,27.42,0.054,18.76,1.0,堆積岩
control.geojson#359,0,新潟県,12.2,6.03,5.1,27.42,0.48,27.138,2.0,堆積岩
control.geojson#360,0,新潟県,67.8,3.3,33.9,109.47,0.05,20.864,2.0,火成岩
control.geojson#361,0,新潟県,94.6,4.34,50.5,47.9,0.187,6.054,2.0,堆積岩
control.geojson#362,0,新潟県,119.9,2.85,19.6,34.44,0.575,14.463,7.0,火成岩
control.geojson#363,0,新潟県,567.1,3.24,26.3,7.66,0.352,8.73,6.0,火成岩
control.geojson#364,0,新潟県,3.1,1.8,6.9,27.33,0.307,32.627,,
control.geojson#365,0,新潟県,59.8,0.38,3.2,27.42,0.054,18.761,1.0,堆積岩
control.geojson#366,0,新潟県,33.1,2.52,30.9,43.3,1.454,10.882,1.0,堆積岩
control.geojson#367,0,新潟県,9.9,0.28,4.3,20.19,0.157,25.953,1.0,堆積岩
control.geojson#368,0,新潟県,273.0,35.51,147.3,70.0,0.067,22.848,7.0,火成岩
control.geojson#369,0,新潟県,212.9,18.2,37.7,35.47,0.485,16.633,2.0,火成岩
control.geojson#370,0,新潟県,34.8,0.26,1.8,70.34,0.433,17.987,2.0,堆積岩
control.geojson#371,0,新潟県,2.8,2.59,10.0,65.84,0.551,7.757,,堆積岩
control.geojson#372,0,新潟県,55.2,7.04,43.0,76.2,0.405,30.384,7.0,堆積岩
control.geojson#373,0,新潟県,137.0,12.81,58.3,23.27,0.131,27.426,7.0,堆積岩
control.geojson#374,0,新潟県,5.0,0.0,1.0,69.15,0.125,14.376,,堆積岩
control.geojson#375,0,新潟県,0.8,2.97,9.8,55.46,0.011,6.215,,堆積岩
control.geojson#376,0,新潟県,11.6,0.19,0.8,47.69,0.012,5.672,2.0,堆積岩
control.geojson#377,0,新潟県,93.0,1.99,8.8,49.31,0.081,15.467,2.0,堆積岩
control.geojson#378,0,新潟県,15.5,2.85,7.4,75.98,0.89,25.949,,堆積岩
control.geojson#379,0,新潟県,9.5,0.33,1.3,52.29,0.13,0.125,2.0,堆積岩
control.geojson#380,0,新潟県,146.7,24.25,126.4,35.02,0.174,14.924,6.0,付加体
control.geojson#381,0,新潟県,10.0,5.56,34.9,53.45,0.495,3.022,2.0,堆積岩
control.geojson#382,0,新潟県,34.9,0.0,6.4,70.22,0.496,18.043,2.0,堆積岩
control.geojson#383,0,新潟県,59.8,0.38,3.2,27.42,0.054,18.76,1.0,堆積岩
control.geojson#384,0,新潟県,44.0,17.3,49.4,50.97,0.388,15.736,1.0,堆積岩
control.geojson#385,0,新潟県,75.2,6.77,154.6,31.11,0.485,35.118,,火成岩
control.geojson#386,0,新潟県,223.8,2.19,28.5,65.18,0.287,20.142,7.0,堆積岩
control.geojson#387,0,新潟県,18.2,1.6,23.4,67.52,0.033,20.451,2.0,堆積岩
control.geojson#388,0,新潟県,22.2,6.77,39.0,54.0,0.171,7.675,2.0,堆積岩
control.geojson#389,0,新潟県,36.5,21.48,33.6,57.85,0.68,11.138,2.0,火成岩
control.geojson#390,0,新潟県,187.2,2.16,5.2,55.14,0.213,7.193,7.0,堆積岩
control.geojson#391,0,新潟県,68.0,4.14,43.8,50.64,0.075,16.243,6.0,堆積岩
control.geojson#392,0,新潟県,3.2,0.65,3.3,70.2,0.699,2.904,1.0,堆積岩
control.geojson#393,0,新潟県,35.6,1.64,8.4,65.73,0.29,10.295,6.0,堆積岩
control.geojson#394,0,新潟県,153.8,1.76,8.0,50.75,0.1,29.167,2.0,堆積岩
control.geojson#395,0,新潟県,373.4,20.88,95.2,53.88,0.242,26.504,7.0,堆積岩
control.geojson#396,0,新潟県,11.6,0.38,0.7,47.52,0.04,5.828,2.0,堆積岩
control.geojson#397,0,新潟県,1360.3,8.83,82.4,39.25,1.696,8.98,9.0,火成岩
control.geojson#398,0,新潟県,1.4,0.73,3.5,78.19,0.1,18.581,1.0,堆積岩
control.geojson#399,0,新潟県,131.3,12.73,71.5,40.3,0.056,19.734,7.0,堆積岩
control.geojson#400,0,新潟県,58.6,1.37,6.6,66.19,0.171,19.739,7.0,堆積岩
control.geojson#401,0,新潟県,107.9,3.96,31.3,38.94,0.238,21.033,2.0,堆積岩
control.geojson#402,0,新潟県,136.5,1.86,29.6,64.73,0.065,19.635,2.0,堆積岩
control.geojson#403,0,新潟県,9.9,2.68,12.4,70.06,0.651,22.674,10.0,堆積岩
control.geojson#404,0,新潟県,25.0,19.46,22.1,64.69,0.536,7.597,7.0,堆積岩
control.geojson#405,0,新潟県,72.7,6.87,45.8,47.29,0.156,5.59,2.0,堆積岩
control.geojson#406,0,新潟県,101.8,3.02,46.9,19.6,0.407,25.709,1.0,堆積岩
control.geojson#407,0,新潟県,82.7,20.35,36.6,70.6,0.452,27.375,2.0,堆積岩
control.geojson#408,0,新潟県,10.8,0.89,16.6,121.59,1.129,0.102,7.0,堆積岩
control.geojson#409,0,新潟県,355.9,6.29,30.8,41.07,0.076,19.501,1.0,堆積岩
control.geojson#410,0,新潟県,12.3,0.89,3.6,66.45,0.679,8.3,1.0,堆積岩
control.geojson#411,0,新潟県,72.3,1.8,72.9,60.64,0.149,4.161,1.0,堆積岩
control.geojson#412,0,新潟県,1.8,4.01,18.6,75.2,0.009,26.864,,
control.geojson#413,0,新潟県,12.2,1.2,6.5,20.23,0.283,25.981,1.0,堆積岩
control.geojson#414,0,新潟県,465.8,2.95,32.4,50.76,0.456,9.535,8.0,堆積岩
control.geojson#415,0,新潟県,417.1,0.57,4.0,27.02,0.237,11.495,1.0,
control.geojson#416,0,新潟県,769.4,5.66,51.7,22.32,0.111,0.22,8.0,火成岩
control.geojson#417,0,新潟県,0.8,0.27,0.7,70.09,0.682,3.068,1.0,堆積岩
control.geojson#418,0,新潟県,161.5,0.31,1.1,37.94,0.055,18.395,1.0,
control.geojson#419,0,新潟県,147.1,4.35,60.8,21.49,0.018,19.476,7.0,堆積岩
control.geojson#420,0,新潟県,604.0,6.92,49.6,35.2,0.091,12.16,8.0,堆積岩
control.geojson#421,0,新潟県,9.5,0.16,2.3,61.46,0.187,22.677,1.0,堆積岩
control.geojson#422,0,新潟県,176.3,5.26,25.2,38.96,0.092,19.832,2.0,堆積岩
control.geojson#423,0,新潟県,28.1,3.19,45.9,107.56,0.148,22.77,7.0,堆積岩
control.geojson#424,0,新潟県,472.9,2.62,21.8,39.08,0.022,16.067,2.0,堆積岩
control.geojson#425,0,新潟県,840.1,39.47,125.4,39.96,0.887,6.078,9.0,火成岩
control.geojson#426,0,新潟県,3.1,1.8,6.9,27.33,0.307,32.627,,
control.geojson#427,0,新潟県,368.1,11.75,126.7,29.97,0.003,11.774,9.0,変成岩
control.geojson#428,0,新潟県,147.5,5.99,102.9,70.89,0.829,31.157,7.0,火成岩
control.geojson#429,0,新潟県,0.2,,30.3,57.14,0.051,21.089,,
control.geojson#430,0,新潟県,35.4,0.15,1.8,70.47,0.175,17.519,2.0,堆積岩
control.geojson#431,0,新潟県,10.5,0.34,0.5,57.57,0.466,23.006,1.0,堆積岩
control.geojson#432,0,新潟県,2.8,2.59,10.0,65.84,0.551,7.757,,堆積岩
control.geojson#433,0,新潟県,743.1,2.51,9.3,6.09,0.919,4.538,6.0,火成岩
control.geojson#434,0,新潟県,227.4,9.14,110.9,17.25,0.316,23.238,7.0,火成岩
control.geojson#435,0,新潟県,34.4,4.82,33.8,73.58,0.052,22.702,6.0,火成岩
control.geojson#436,0,新潟県,349.5,0.93,14.0,41.32,0.15,18.174,1.0,堆積岩
control.geojson#437,0,新潟県,131.9,6.02,35.2,54.98,0.047,15.771,7.0,堆積岩
control.geojson#438,0,新潟県,36.7,1.42,8.9,41.93,0.103,11.338,2.0,堆積岩
control.geojson#439,0,新潟県,11.1,0.16,0.9,58.28,0.342,24.022,2.0,堆積岩
control.geojson#440,0,新潟県,1073.5,41.3,159.9,44.07,0.596,3.483,8.0,火成岩
control.geojson#441,0,新潟県,1.9,0.34,0.5,63.97,0.064,14.211,2.0,堆積岩
control.geojson#442,0,新潟県,6.3,0.4,2.3,65.57,0.091,7.412,1.0,堆積岩
control.geojson#443,0,新潟県,5.3,0.08,0.5,58.99,0.095,6.385,2.0,
control.geojson#444,0,新潟県,613.5,15.36,69.9,42.07,0.713,21.717,2.0,堆積岩
control.geojson#445,0,新潟県,22.6,1.64,14.1,43.31,1.413,15.995,1.0,堆積岩
control.geojson#446,0,新潟県,437.2,3.48,19.5,9.67,0.443,8.618,6.0,火成岩
control.geojson#447,0,新潟県,4.5,2.43,10.2,23.34,0.021,28.654,,堆積岩
control.geojson#448,0,新潟県,182.2,1.22,11.5,39.67,0.323,18.75,1.0,堆積岩
control.geojson#449,0,新潟県,12.8,8.56,37.5,76.18,0.65,17.343,6.0,堆積岩
control.geojson#450,0,新潟県,1.4,2.78,6.4,78.19,0.2,18.715,10.0,堆積岩
control.geojson#451,0,新潟県,505.5,29.32,63.9,36.41,0.137,16.067,8.0,堆積岩
control.geojson#452,0,新潟県,63.1,8.95,95.1,35.69,0.233,15.365,7.0,堆積岩
control.geojson#453,0,新潟県,135.0,6.73,45.9,47.54,0.124,6.516,6.0,堆積岩
control.geojson#454,0,新潟県,768.3,6.43,49.4,22.33,0.099,0.221,8.0,火成岩
control.geojson#455,0,新潟県,195.8,5.14,12.3,51.89,0.141,20.932,2.0,堆積岩
control.geojson#456,0,新潟県,1.4,3.17,8.4,81.33,0.27,25.352,,堆積岩
control.geojson#457,0,新潟県,313.1,4.06,37.1,28.15,0.083,12.011,7.0,堆積岩
control.geojson#458,0,新潟県,460.1,4.86,25.5,38.15,0.936,13.955,2.0,堆積岩
control.geojson#459,0,新潟県,33.1,2.52,30.9,43.3,1.454,10.882,1.0,堆積岩
control.geojson#460,0,新潟県,127.3,6.57,79.1,40.28,0.042,19.689,7.0,堆積岩
control.geojson#461,0,新潟県,2.4,0.34,3.5,70.57,1.106,3.548,1.0,堆積岩
control.geojson#462,0,新潟県,16.7,4.05,22.5,120.94,0.377,0.092,,堆積岩
control.geojson#463,0,新潟県,105.0,6.6,25.2,47.74,0.097,6.124,2.0,堆積岩
control.geojson#464,0,新潟県,298.0,32.5,114.0,40.83,0.657,18.53,7.0,堆積岩
control.geojson#465,0,新潟県,714.1,3.08,27.9,43.47,0.088,15.212,2.0,堆積岩
control.geojson#466,0,新潟県,64.0,1.82,20.0,27.8,0.219,20.648,6.0,堆積岩
control.geojson#467,0,新潟県,261.5,13.89,64.1,12.22,0.068,10.109,7.0,火成岩
control.geojson#468,0,新潟県,2.0,0.0,0.1,60.44,0.02,8.521,1.0,堆積岩
control.geojson#469,0,新潟県,45.4,0.76,3.6,68.12,0.028,19.07,,堆積岩
control.geojson#470,0,新潟県,102.0,2.32,38.9,50.24,0.179,15.115,2.0,堆積岩
control.geojson#471,0,新潟県,13.8,0.89,14.8,53.92,0.068,7.574,2.0,堆積岩
control.geojson#472,0,新潟県,900.1,10.6,101.9,18.82,0.523,22.588,8.0,火成岩
control.geojson#473,0,新潟県,2142.4,2.06,112.1,26.73,1.312,14.74,9.0,火成岩
control.geojson#474,0,新潟県,437.9,4.14,15.5,39.91,0.13,16.852,2.0,堆積岩
control.geojson#475,0,新潟県,5.1,1.8,8.8,68.33,1.568,18.398,10.0,堆積岩
control.geojson#476,0,新潟県,217.5,2.26,32.0,51.2,0.388,20.624,7.0,堆積岩
control.geojson#477,0,新潟県,3.2,0.65,3.3,70.2,0.699,2.904,1.0,堆積岩
control.geojson#478,0,新潟県,9.8,0.27,13.0,19.56,0.605,25.421,1.0,堆積岩
control.geojson#479,0,新潟県,79.9,2.62,27.7,30.54,0.102,15.297,7.0,堆積岩
control.geojson#480,0,新潟県,50.4,0.38,2.4,59.01,0.161,25.349,2.0,堆積岩
control.geojson#481,0,新潟県,373.5,5.65,58.4,49.61,0.458,19.208,7.0,堆積岩
control.geojson#482,0,新潟県,0.1,0.0,0.8,67.4,0.088,0.359,1.0,堆積岩
control.geojson#483,0,新潟県,153.8,1.76,8.0,50.75,0.1,29.167,2.0,堆積岩
control.geojson#484,0,新潟県,315.4,64.58,168.1,18.13,0.001,22.603,7.0,付加体
control.geojson#485,0,新潟県,122.8,13.24,57.5,60.78,0.073,19.573,7.0,堆積岩
control.geojson#486,0,新潟県,9.9,0.04,0.6,60.13,0.459,13.918,1.0,堆積岩
control.geojson#487,0,新潟県,12.3,1.04,6.5,20.23,0.28,25.978,1.0,堆積岩
control.geojson#488,0,新潟県,15.6,3.33,14.9,74.93,0.769,16.512,,堆積岩
control.geojson#489,0,新潟県,163.2,0.35,1.7,38.34,0.105,18.732,1.0,堆積岩
control.geojson#490,0,新潟県,5.0,2.34,9.8,66.02,0.748,7.935,,堆積岩
control.geojson#491,0,新潟県,130.9,9.09,62.7,40.01,0.463,20.384,6.0,堆積岩
control.geojson#492,0,新潟県,784.5,6.98,42.8,5.54,0.12,9.299,8.0,火成岩
control.geojson#493,0,新潟県,51.3,0.37,14.1,58.67,0.034,25.435,2.0,堆積岩
control.geojson#494,0,新潟県,20.7,0.18,0.9,62.91,0.35,25.837,1.0,堆積岩
control.geojson#495,0,新潟県,82.6,0.76,4.4,45.42,0.082,16.583,2.0,堆積岩
control.geojson#496,0,新潟県,16.6,34.57,84.3,80.3,19.551,40.723,6.0,火成岩
control.geojson#497,0,新潟県,5.7,6.12,37.8,73.92,0.685,16.709,10.0,火成岩
control.geojson#498,0,新潟県,292.9,5.01,67.1,32.13,0.11,7.044,2.0,堆積岩
control.geojson#499,0,新潟県,18.4,1.17,16.4,67.48,0.185,32.255,7.0,堆積岩
control.geojson#500,0,新潟県,93.0,1.99,8.8,49.31,0.081,15.467,2.0,堆積岩
control.geojson#501,0,新潟県,127.3,6.57,79.1,40.28,0.042,19.689,7.0,堆積岩
control.geojson#502,0,新潟県,2.1,8.25,13.4,80.67,19.481,40.375,2.0,堆積岩
control.geojson#503,0,新潟県,3.7,3.0,16.1,137.35,0.329,15.151,,火成岩
control.geojson#504,0,新潟県,1524.2,16.35,89.0,33.39,0.789,11.619,9.0,火成岩
control.geojson#505,0,新潟県,155.2,2.45,21.1,47.19,0.134,14.302,3.0,堆積岩
control.geojson#506,0,新潟県,210.0,17.22,66.3,35.28,0.064,0.013,8.0,
control.geojson#507,0,新潟県,126.5,1.96,12.8,51.42,0.069,27.879,2.0,堆積岩
control.geojson#508,0,新潟県,3.2,0.16,0.7,63.92,0.086,16.703,2.0,堆積岩
control.geojson#509,0,新潟県,28.0,10.43,23.0,62.83,0.272,15.722,2.0,堆積岩
control.geojson#510,0,新潟県,131.9,2.37,34.7,64.64,0.052,19.5,2.0,堆積岩
control.geojson#511,0,新潟県,890.2,15.7,85.6,128.94,1.152,6.617,8.0,火成岩
control.geojson#512,0,新潟県,709.9,7.7,69.7,42.14,0.076,14.044,6.0,堆積岩
control.geojson#513,0,新潟県,15.8,6.65,29.5,53.96,0.131,7.644,2.0,堆積岩
control.geojson#514,0,新潟県,432.6,3.62,35.2,37.65,0.151,15.248,2.0,堆積岩
control.geojson#515,0,新潟県,2.4,3.94,29.9,60.53,0.04,4.283,,堆積岩
control.geojson#516,0,新潟県,41.3,2.44,21.0,78.02,0.195,20.832,2.0,堆積岩
control.geojson#517,0,新潟県,94.0,16.81,54.4,59.18,0.14,14.399,7.0,堆積岩
control.geojson#518,0,新潟県,237.0,3.61,9.5,36.84,0.059,15.087,2.0,堆積岩
control.geojson#519,0,新潟県,0.3,1.36,6.4,74.42,0.268,30.224,,
control.geojson#520,0,新潟県,3.5,4.04,12.4,71.27,1.393,3.883,,堆積岩
control.geojson#521,0,新潟県,145.9,2.73,20.7,63.93,0.044,18.967,6.0,堆積岩
control.geojson#522,0,新潟県,334.3,7.64,27.6,10.81,0.129,12.46,7.0,火成岩
control.geojson#523,0,新潟県,387.4,5.05,40.5,38.08,0.102,15.762,7.0,堆積岩
control.geojson#524,0,新潟県,213.6,1.0,5.1,41.72,0.197,19.432,2.0,堆積岩
control.geojson#525,0,新潟県,56.6,3.55,49.6,66.07,0.005,11.552,7.0,堆積岩
control.geojson#526,0,新潟県,59.8,0.38,3.2,27.42,0.054,18.76,1.0,堆積岩
control.geojson#527,0,新潟県,234.8,0.37,7.6,40.09,0.69,21.169,2.0,堆積岩
control.geojson#528,0,新潟県,15.3,0.03,1.1,68.96,0.478,21.901,2.0,堆積岩
control.geojson#529,0,新潟県,374.2,6.75,38.6,48.99,0.896,10.141,7.0,堆積岩
control.geojson#530,0,新潟県,10.1,0.31,0.6,57.94,0.441,23.133,1.0,堆積岩
control.geojson#531,0,新潟県,7.9,8.36,85.5,67.22,0.847,19.793,2.0,堆積岩
control.geojson#532,0,新潟県,264.6,13.83,97.4,50.99,0.451,8.317,7.0,火成岩
control.geojson#533,0,新潟県,4.8,0.0,0.1,55.21,0.07,1.975,1.0,堆積岩
control.geojson#534,0,新潟県,1441.9,13.94,109.9,24.64,0.194,21.786,9.0,火成岩
control.geojson#535,0,新潟県,163.8,4.96,8.2,49.47,0.114,24.948,,
control.geojson#536,0,新潟県,1.6,0.0,0.4,60.76,0.153,8.644,1.0,堆積岩
control.geojson#537,0,新潟県,4.5,0.68,3.4,20.6,0.02,26.394,1.0,堆積岩
control.geojson#538,0,新潟県,8.0,0.1,0.6,52.94,0.12,0.314,1.0,堆積岩
control.geojson#539,0,新潟県,140.9,9.91,53.0,71.82,0.065,11.117,2.0,堆積岩
control.geojson#540,0,新潟県,23.4,0.23,1.4,63.1,0.292,25.665,1.0,堆積岩
control.geojson#541,0,新潟県,59.8,0.38,3.2,27.42,0.054,18.761,1.0,堆積岩
control.geojson#542,0,新潟県,2.7,0.4,2.5,70.02,0.529,2.734,1.0,堆積岩
control.geojson#543,0,新潟県,12.9,0.42,5.2,51.13,0.114,15.492,1.0,堆積岩
control.geojson#544,0,新潟県,750.6,5.49,33.7,5.6,0.322,5.23,8.0,火成岩
control.geojson#545,0,新潟県,82.8,0.75,4.5,45.35,0.034,16.548,2.0,堆積岩
control.geojson#546,0,新潟県,2.9,3.89,16.2,28.64,0.482,33.038,,堆積岩
control.geojson#547,0,新潟県,122.4,3.46,37.2,56.88,0.25,15.399,2.0,堆積岩
control.geojson#548,0,新潟県,5.8,7.45,36.1,101.62,0.269,29.301,1.0,堆積岩
control.geojson#549,0,新潟県,4.4,7.07,107.4,65.59,0.526,21.53,,火成岩
control.geojson#550,0,新潟県,80.0,2.56,4.9,63.88,0.158,17.116,2.0,堆積岩
control.geojson#551,0,新潟県,381.7,2.34,15.5,27.98,0.015,15.063,7.0,堆積岩
control.geojson#552,0,新潟県,392.1,38.98,175.9,46.64,0.136,19.794,9.0,堆積岩
control.geojson#553,0,新潟県,10.2,0.17,0.4,58.11,0.326,23.263,1.0,堆積岩
control.geojson#554,0,石川県,297.3,21.64,78.1,72.7,0.28,16.638,7.0,堆積岩
control.geojson#555,0,石川県,15.1,1.8,5.5,75.62,0.029,15.707,2.0,堆積岩
control.geojson#556,0,石川県,28.2,1.19,12.8,46.36,0.19,8.233,1.0,堆積岩
control.geojson#557,0,石川県,49.7,3.47,9.3,46.79,0.637,7.757,1.0,堆積岩
control.geojson#558,0,石川県,28.7,0.97,25.4,46.42,0.243,8.179,1.0,堆積岩
control.geojson#559,0,石川県,5.3,0.72,1.7,85.98,0.108,71.943,2.0,堆積岩
control.geojson#560,0,石川県,11.3,2.87,20.1,77.37,0.343,17.2,2.0,堆積岩
control.geojson#561,0,石川県,7.1,3.22,33.6,99.86,0.009,70.619,,堆積岩
control.geojson#562,0,石川県,54.9,0.8,5.0,39.54,0.987,7.347,2.0,堆積岩
control.geojson#563,0,石川県,5.5,0.0,0.4,42.19,0.39,4.219,2.0,堆積岩
control.geojson#564,0,石川県,25.6,1.24,11.3,76.65,1.079,8.731,7.0,堆積岩
control.geojson#565,0,石川県,25.3,0.39,2.5,42.43,0.462,11.354,2.0,堆積岩
control.geojson#566,0,石川県,101.7,4.49,64.5,47.34,0.694,6.916,1.0,堆積岩
control.geojson#567,0,石川県,40.8,3.81,17.4,38.22,1.444,10.337,2.0,堆積岩
control.geojson#568,0,石川県,26.3,1.62,13.0,77.01,0.041,9.27,7.0,堆積岩
control.geojson#569,0,石川県,18.9,2.45,6.6,47.23,0.145,7.207,1.0,堆積岩
control.geojson#570,0,石川県,63.5,7.17,67.3,37.02,0.042,10.05,7.0,火成岩
control.geojson#571,0,石川県,25.4,1.46,6.4,46.31,0.045,8.338,1.0,堆積岩
control.geojson#572,0,石川県,336.5,5.91,52.8,71.87,0.076,13.036,7.0,堆積岩
control.geojson#573,0,石川県,192.3,5.49,14.7,92.11,1.024,52.977,2.0,火成岩
control.geojson#574,0,石川県,9.4,13.61,53.5,111.09,0.617,52.882,,堆積岩
control.geojson#575,0,石川県,205.5,10.5,120.0,37.77,0.255,5.481,2.0,堆積岩
control.geojson#576,0,石川県,33.5,2.65,4.0,39.98,0.422,10.521,2.0,堆積岩
control.geojson#577,0,石川県,18.9,4.54,28.4,37.57,0.002,5.141,2.0,堆積岩
control.geojson#578,0,石川県,19.2,1.11,6.9,47.06,0.286,7.385,1.0,堆積岩
control.geojson#579,0,石川県,1.8,0.74,2.8,110.2,0.276,52.332,1.0,堆積岩
control.geojson#580,0,石川県,48.3,6.48,30.0,36.98,1.202,10.59,2.0,火成岩
control.geojson#581,0,石川県,5.7,3.18,13.6,89.47,0.482,68.316,7.0,堆積岩
control.geojson#582,0,石川県,52.8,3.8,26.2,37.29,1.608,10.642,2.0,堆積岩
control.geojson#583,0,石川県,27.5,1.04,9.5,46.33,0.155,8.269,1.0,堆積岩
control.geojson#584,0,石川県,7.2,2.62,5.4,110.62,0.213,52.484,7.0,堆積岩
control.geojson#585,0,石川県,51.8,2.14,23.2,46.3,0.329,8.181,1.0,堆積岩
control.geojson#586,0,石川県,5.1,4.54,40.2,83.58,1.286,19.359,,火成岩
control.geojson#587,0,石川県,8.8,1.3,43.4,105.29,0.057,58.695,2.0,堆積岩
control.geojson#588,0,石川県,1.3,1.46,5.8,86.54,0.24,71.094,2.0,その他
control.geojson#589,0,石川県,499.0,3.62,109.6,13.24,0.152,11.488,6.0,堆積岩
control.geojson#590,0,石川県,2.6,0.99,2.9,40.57,0.273,3.606,2.0,堆積岩
control.geojson#591,0,石川県,3.2,6.19,35.3,86.5,1.46,61.357,,火成岩
control.geojson#592,0,石川県,63.9,4.54,47.5,37.19,0.092,10.187,2.0,堆積岩
control.geojson#593,0,石川県,9.1,2.24,12.9,81.7,1.345,27.386,7.0,堆積岩
control.geojson#594,0,石川県,117.0,9.12,88.0,30.16,0.035,9.266,2.0,火成岩
control.geojson#595,0,石川県,155.3,33.4,62.1,98.96,0.282,68.647,7.0,火成岩
control.geojson#596,0,石川県,27.5,1.04,9.5,46.33,0.155,8.269,1.0,堆積岩
control.geojson#597,0,石川県,2.7,11.27,10.8,43.3,0.433,5.435,,堆積岩
control.geojson#598,0,石川県,647.4,4.2,51.5,15.11,0.253,12.66,3.0,堆積岩
control.geojson#599,0,石川県,344.7,3.99,56.8,17.86,0.354,6.435,9.0,堆積岩
control.geojson#600,0,石川県,27.3,15.52,25.7,83.24,0.899,2.797,7.0,堆積岩
control.geojson#601,0,石川県,49.1,2.63,17.1,74.37,0.035,17.063,2.0,堆積岩
control.geojson#602,0,石川県,7.3,0.64,0.8,47.39,0.244,14.115,,堆積岩
control.geojson#603,0,石川県,0.9,3.83,9.6,80.26,0.925,31.844,,堆積岩
control.geojson#604,0,石川県,0.9,2.28,6.2,93.18,0.083,35.37,7.0,堆積岩
control.geojson#605,0,石川県,32.6,3.35,24.0,93.73,0.587,16.342,7.0,堆積岩
control.geojson#606,0,石川県,20.6,5.45,10.9,46.17,0.032,8.698,1.0,堆積岩
control.geojson#607,0,石川県,0.1,0.14,1.0,76.6,0.218,18.492,1.0,
control.geojson#608,0,石川県,548.1,7.17,114.6,14.11,0.324,8.723,,堆積岩
control.geojson#609,0,石川県,2.3,0.11,1.1,52.28,0.284,5.572,1.0,堆積岩
control.geojson#610,0,石川県,81.5,13.01,21.9,90.45,0.198,36.892,2.0,堆積岩
control.geojson#611,0,石川県,5.6,0.49,3.0,87.01,0.112,9.446,2.0,堆積岩
control.geojson#612,0,石川県,30.9,7.15,57.5,84.9,1.431,28.016,,火成岩
control.geojson#613,0,山梨県,266.1,0.88,13.0,44.87,0.303,5.765,2.0,堆積岩
control.geojson#614,0,山梨県,790.0,3.16,11.5,27.62,0.54,11.605,6.0,火成岩
control.geojson#615,0,山梨県,342.6,1.79,9.6,31.97,0.14,14.017,4.0,堆積岩
control.geojson#616,0,山梨県,1126.0,5.5,116.7,45.1,0.0,15.115,7.0,火成岩
control.geojson#617,0,山梨県,720.5,1.89,39.5,36.63,0.26,9.463,3.0,火成岩
control.geojson#618,0,山梨県,866.5,3.91,17.0,25.76,0.349,9.79,3.0,火成岩
control.geojson#619,0,山梨県,373.2,7.91,21.6,33.32,0.045,15.401,3.0,堆積岩
control.geojson#620,0,山梨県,832.3,14.94,45.4,26.46,0.572,6.273,3.0,付加体
control.geojson#621,0,山梨県,414.3,3.03,48.1,32.83,0.252,17.182,7.0,火成岩
control.geojson#622,0,山梨県,1083.9,5.62,69.9,46.72,0.101,14.819,6.0,火成岩
control.geojson#623,0,山梨県,271.2,1.38,7.6,30.38,0.328,11.158,2.0,堆積岩
control.geojson#624,0,山梨県,306.8,1.66,5.7,37.65,0.183,4.181,1.0,堆積岩
control.geojson#625,0,山梨県,267.5,0.8,4.1,36.46,0.084,4.381,1.0,堆積岩
control.geojson#626,0,山梨県,282.2,1.61,7.8,31.88,0.77,10.73,3.0,堆積岩
control.geojson#627,0,山梨県,265.2,1.24,4.0,32.83,0.111,9.618,1.0,堆積岩
control.geojson#628,0,山梨県,400.7,6.12,24.4,37.27,0.264,16.335,3.0,堆積岩
control.geojson#629,0,山梨県,908.7,11.04,49.7,21.61,0.052,5.29,7.0,堆積岩
control.geojson#630,0,山梨県,315.3,0.1,2.4,42.39,0.127,6.552,2.0,堆積岩
control.geojson#631,0,山梨県,459.6,1.15,8.4,40.98,0.33,12.575,3.0,堆積岩
control.geojson#632,0,山梨県,899.5,4.17,23.9,12.8,0.37,5.658,2.0,火成岩
control.geojson#633,0,山梨県,893.0,11.68,40.8,12.88,0.085,5.349,5.0,火成岩
control.geojson#634,0,山梨県,273.1,0.36,2.0,37.38,0.2,4.478,4.0,堆積岩
control.geojson#635,0,山梨県,357.1,2.02,16.4,43.64,0.159,8.988,1.0,堆積岩
control.geojson#636,0,山梨県,257.9,3.78,36.5,27.12,0.089,9.454,7.0,堆積岩
control.geojson#637,0,山梨県,247.9,1.65,7.9,32.54,0.536,5.643,3.0,堆積岩
control.geojson#638,0,山梨県,249.9,0.28,0.7,31.09,0.375,7.928,2.0,堆積岩
control.geojson#639,0,山梨県,895.2,3.96,48.7,30.45,0.171,0.092,,付加体
control.geojson#640,0,山梨県,265.2,1.24,4.0,32.83,0.111,9.618,1.0,堆積岩
control.geojson#641,0,山梨県,572.9,2.55,98.1,44.47,0.005,2.123,9.0,火成岩
control.geojson#642,0,山梨県,245.9,1.45,5.6,32.35,0.472,5.494,1.0,堆積岩
control.geojson#643,0,山梨県,244.0,2.99,13.9,27.83,0.035,9.876,6.0,堆積岩
control.geojson#644,0,山梨県,235.7,35.99,166.9,24.22,0.081,9.427,2.0,堆積岩
control.geojson#645,0,山梨県,362.1,2.92,10.2,43.06,0.101,9.982,1.0,堆積岩
control.geojson#646,0,山梨県,838.4,4.15,23.4,15.98,0.493,0.105,,火成岩
control.geojson#647,0,山梨県,452.8,7.27,34.7,40.98,0.164,12.403,3.0,堆積岩
control.geojson#648,0,山梨県,572.8,5.61,28.0,39.82,0.482,16.562,3.0,堆積岩
control.geojson#649,0,山梨県,569.0,24.97,66.0,33.09,0.069,7.505,5.0,付加体
control.geojson#650,0,山梨県,570.8,5.08,20.0,34.35,0.343,14.561,3.0,堆積岩
control.geojson#651,0,山梨県,3711.0,32.17,127.1,0.51,6.836,12.84,,火成岩
control.geojson#652,0,山梨県,732.6,4.69,19.4,29.22,0.257,14.916,7.0,堆積岩
control.geojson#653,0,長野県,422.7,25.95,71.6,19.11,0.543,15.177,1.0,堆積岩
control.geojson#654,0,長野県,311.7,1.81,5.3,23.01,0.118,7.334,1.0,堆積岩
control.geojson#655,0,長野県,933.7,1.34,6.9,11.45,0.475,0.687,6.0,堆積岩
control.geojson#656,0,長野県,1862.0,12.24,45.8,4.91,0.354,2.165,6.0,火成岩
control.geojson#657,0,長野県,338.7,0.0,0.4,25.68,0.149,12.486,2.0,堆積岩
control.geojson#658,0,長野県,1266.9,5.35,25.3,11.23,0.664,1.198,6.0,火成岩
control.geojson#659,0,長野県,347.7,0.86,3.4,26.45,0.201,10.256,1.0,堆積岩
control.geojson#660,0,長野県,592.2,1.56,9.0,34.56,0.394,4.487,1.0,堆積岩
control.geojson#661,0,長野県,1219.2,1.18,9.8,15.46,0.522,5.637,6.0,堆積岩
control.geojson#662,0,長野県,623.0,18.55,117.0,55.4,0.23,0.016,7.0,火成岩
control.geojson#663,0,長野県,1047.6,11.75,22.9,20.99,0.474,3.623,8.0,
control.geojson#664,0,長野県,824.8,14.51,90.0,13.96,0.156,2.723,5.0,火成岩
control.geojson#665,0,長野県,583.2,4.92,37.3,19.08,0.514,5.856,2.0,火成岩
control.geojson#666,0,長野県,1420.2,3.94,35.4,7.4,0.588,0.049,6.0,火成岩
control.geojson#667,0,長野県,378.2,0.56,3.1,35.08,0.394,6.613,1.0,堆積岩
control.geojson#668,0,長野県,527.4,0.53,2.8,30.53,0.048,11.939,2.0,堆積岩
control.geojson#669,0,長野県,422.7,25.95,71.6,19.11,0.543,15.177,1.0,堆積岩
control.geojson#670,0,長野県,1431.8,13.9,87.5,18.84,0.253,4.919,8.0,火成岩
control.geojson#671,0,長野県,315.1,0.21,3.2,22.49,0.652,7.782,2.0,堆積岩
control.geojson#672,0,長野県,1430.3,24.08,117.8,51.53,1.595,5.919,7.0,変成岩
control.geojson#673,0,長野県,409.0,3.11,12.3,18.27,1.765,14.417,3.0,堆積岩
control.geojson#674,0,長野県,446.2,10.84,47.2,28.26,0.358,11.855,2.0,堆積岩
control.geojson#675,0,長野県,815.0,5.77,31.6,13.96,0.41,3.175,5.0,火成岩
control.geojson#676,0,長野県,2963.6,3.33,119.2,37.35,0.914,13.892,9.0,火成岩
control.geojson#677,0,長野県,1224.8,11.43,44.6,19.96,0.049,9.871,7.0,火成岩
control.geojson#678,0,長野県,839.1,1.71,14.0,9.51,0.314,4.503,2.0,火成岩
control.geojson#679,0,長野県,962.9,5.37,52.4,16.74,0.769,5.356,6.0,火成岩
control.geojson#680,0,長野県,318.3,1.6,23.8,22.84,0.257,7.026,1.0,堆積岩
control.geojson#681,0,長野県,1269.2,3.03,24.7,13.03,0.156,7.989,7.0,火成岩
control.geojson#682,0,長野県,848.6,2.58,40.5,17.67,0.17,0.141,8.0,火成岩
control.geojson#683,0,長野県,335.9,1.03,4.7,23.74,0.425,8.606,2.0,堆積岩
control.geojson#684,0,長野県,932.5,1.1,8.4,11.38,0.502,0.683,6.0,堆積岩
control.geojson#685,0,長野県,828.9,4.09,26.5,37.45,0.349,0.198,7.0,堆積岩
control.geojson#686,0,長野県,348.9,0.72,3.4,30.84,0.363,12.91,1.0,堆積岩
control.geojson#687,0,長野県,1769.8,6.18,32.9,11.67,0.095,3.334,5.0,火成岩
control.geojson#688,0,長野県,686.1,5.26,33.2,10.55,0.106,1.579,2.0,堆積岩
control.geojson#689,0,長野県,543.6,14.07,68.2,33.83,0.08,6.39,3.0,堆積岩
control.geojson#690,0,長野県,498.3,11.44,97.9,68.85,0.0,17.681,6.0,火成岩
control.geojson#691,0,長野県,365.5,0.49,2.3,27.6,0.052,10.129,1.0,堆積岩
control.geojson#692,0,長野県,1076.9,2.5,38.2,23.14,0.405,15.297,6.0,堆積岩
control.geojson#693,0,長野県,2646.5,11.47,134.7,32.67,0.681,8.41,9.0,火成岩
control.geojson#694,0,長野県,801.3,5.5,88.2,51.56,0.107,15.22,2.0,火成岩
control.geojson#695,0,長野県,725.1,1.5,8.0,20.44,0.258,4.99,2.0,堆積岩
control.geojson#696,0,長野県,426.3,3.99,29.6,20.23,0.12,6.948,7.0,堆積岩
control.geojson#697,0,長野県,1299.3,3.52,22.1,12.83,0.31,8.012,7.0,火成岩
control.geojson#698,0,長野県,713.1,2.33,10.0,45.65,0.535,6.825,2.0,堆積岩
control.geojson#699,0,長野県,932.2,2.1,78.4,33.93,0.924,10.355,7.0,堆積岩
control.geojson#700,0,長野県,355.1,0.72,3.7,30.8,0.391,13.746,2.0,堆積岩
control.geojson#701,0,長野県,599.4,8.49,43.2,22.51,1.909,9.211,6.0,堆積岩
control.geojson#702,0,長野県,680.5,0.65,18.3,12.32,0.075,6.993,2.0,火成岩
control.geojson#703,0,長野県,2000.0,33.97,165.3,5.05,1.159,9.267,9.0,火成岩
control.geojson#704,0,長野県,634.8,0.24,6.0,26.65,0.142,11.758,2.0,堆積岩
control.geojson#705,0,長野県,1345.9,9.83,61.4,15.1,0.368,5.886,6.0,堆積岩
control.geojson#706,0,長野県,1115.0,0.0,16.4,23.35,0.076,13.913,6.0,付加体
control.geojson#707,0,長野県,423.1,3.15,10.4,53.06,0.103,10.126,2.0,
control.geojson#708,0,長野県,1305.2,0.97,65.8,24.16,0.414,6.81,7.0,付加体
control.geojson#709,0,長野県,1600.0,8.35,75.2,12.09,0.434,10.791,8.0,火成岩
control.geojson#710,0,長野県,379.5,1.35,8.6,19.19,0.536,14.931,1.0,堆積岩
control.geojson#711,0,長野県,383.9,3.2,17.3,38.09,0.131,4.272,9.0,堆積岩
control.geojson#712,0,長野県,624.8,8.35,58.3,32.84,0.93,16.116,1.0,堆積岩
control.geojson#713,0,長野県,793.1,6.1,75.6,36.67,0.101,0.195,2.0,堆積岩
control.geojson#714,0,長野県,891.8,1.76,95.8,29.17,0.09,14.515,6.0,変成岩
control.geojson#715,0,長野県,488.4,4.21,42.5,32.79,0.086,5.05,7.0,堆積岩
control.geojson#716,0,長野県,1106.4,3.78,49.9,9.84,0.682,10.307,6.0,火成岩
control.geojson#717,0,長野県,3166.5,54.22,188.0,13.87,1.471,18.645,9.0,変成岩
control.geojson#718,0,長野県,936.1,4.31,17.5,11.39,0.598,0.789,6.0,堆積岩
control.geojson#719,0,長野県,318.2,3.06,23.9,22.45,0.652,7.448,1.0,堆積岩
control.geojson#720,0,長野県,725.1,2.9,66.7,20.02,0.175,2.658,2.0,火成岩
control.geojson#721,0,長野県,602.3,1.01,4.9,34.16,0.44,4.184,1.0,堆積岩
control.geojson#722,0,長野県,759.0,0.0,0.0,19.41,0.058,0.007,,
control.geojson#723,0,長野県,315.7,3.35,94.1,72.96,0.074,9.668,7.0,火成岩
control.geojson#724,0,長野県,585.7,1.99,6.8,34.39,0.372,4.646,1.0,堆積岩
control.geojson#725,0,長野県,755.6,4.29,27.8,36.41,0.202,0.986,7.0,堆積岩
control.geojson#726,0,長野県,1000.6,3.06,89.2,29.47,0.983,10.187,7.0,火成岩
control.geojson#727,0,長野県,587.4,0.65,3.4,34.29,0.018,4.924,1.0,堆積岩
control.geojson#728,0,長野県,842.8,5.09,42.5,41.76,0.069,0.808,9.0,堆積岩
control.geojson#729,0,長野県,568.5,0.27,2.5,27.09,0.26,12.59,2.0,堆積岩
control.geojson#730,0,岐阜県,214.8,5.37,55.5,63.17,0.094,4.13,8.0,付加体
control.geojson#731,0,岐阜県,403.7,18.73,128.0,59.64,0.248,7.645,9.0,付加体
control.geojson#732,0,岐阜県,10.1,0.0,0.3,84.29,1.01,19.429,1.0,堆積岩
control.geojson#733,0,岐阜県,14.2,0.62,2.0,85.33,0.623,9.152,2.0,堆積岩
control.geojson#734,0,岐阜県,244.7,15.44,70.6,48.43,0.034,16.263,6.0,付加体
control.geojson#735,0,岐阜県,435.2,3.61,23.7,66.0,0.209,11.304,4.0,堆積岩
control.geojson#736,0,岐阜県,526.0,5.08,19.5,58.8,0.065,4.06,1.0,堆積岩
control.geojson#737,0,岐阜県,358.0,13.26,91.3,56.65,0.043,16.382,2.0,火成岩
control.geojson#738,0,岐阜県,616.0,10.9,39.7,11.9,0.235,4.107,2.0,火成岩
control.geojson#739,0,岐阜県,436.5,1.56,38.3,26.33,0.033,6.846,2.0,火成岩
control.geojson#740,0,岐阜県,322.1,3.9,38.1,45.54,0.378,7.298,7.0,堆積岩
control.geojson#741,0,岐阜県,160.1,5.28,73.8,60.11,0.029,12.2,6.0,付加体
control.geojson#742,0,岐阜県,134.9,6.03,43.9,70.3,0.489,13.494,2.0,付加体
control.geojson#743,0,岐阜県,14.8,0.69,2.5,80.57,0.105,15.085,1.0,堆積岩
control.geojson#744,0,岐阜県,145.6,4.34,34.4,71.77,0.484,9.58,7.0,付加体
control.geojson#745,0,岐阜県,508.0,1.12,23.5,22.58,0.041,12.397,2.0,堆積岩
control.geojson#746,0,岐阜県,244.9,7.29,42.2,62.62,1.05,6.125,7.0,堆積岩
control.geojson#747,0,岐阜県,344.6,12.22,88.1,34.71,0.079,4.448,2.0,堆積岩
control.geojson#748,0,岐阜県,21.2,0.85,3.6,88.03,0.363,5.954,2.0,堆積岩
control.geojson#749,0,岐阜県,126.0,2.27,46.4,70.01,0.344,5.455,2.0,堆積岩
control.geojson#750,0,岐阜県,383.3,4.16,33.0,51.09,0.582,4.207,6.0,堆積岩
control.geojson#751,0,岐阜県,19.6,0.0,0.5,78.75,0.335,14.768,1.0,堆積岩
control.geojson#752,0,岐阜県,854.0,25.39,75.5,29.38,0.052,4.018,6.0,堆積岩
control.geojson#753,0,岐阜県,276.9,1.27,7.7,49.71,0.269,3.062,1.0,堆積岩
control.geojson#754,0,岐阜県,194.8,12.17,119.8,52.49,0.024,2.74,7.0,付加体
control.geojson#755,0,岐阜県,32.0,2.21,8.4,89.99,0.34,4.565,2.0,堆積岩
control.geojson#756,0,岐阜県,89.1,0.87,61.2,71.39,0.076,9.334,7.0,付加体
control.geojson#757,0,岐阜県,137.7,3.54,32.4,61.86,0.611,6.615,7.0,火成岩
control.geojson#758,0,岐阜県,419.9,0.35,14.8,24.35,0.301,8.604,2.0,堆積岩
control.geojson#759,0,岐阜県,560.0,2.36,24.3,34.34,0.216,0.029,2.0,火成岩
control.geojson#760,0,岐阜県,126.1,2.74,20.3,68.81,0.223,5.111,2.0,堆積岩
control.geojson#761,0,岐阜県,6.7,0.04,0.7,92.66,1.47,20.936,1.0,堆積岩
control.geojson#762,0,岐阜県,412.7,4.62,30.2,55.56,0.065,2.622,6.0,火成岩
control.geojson#763,0,岐阜県,64.8,8.96,65.3,67.96,0.343,16.571,7.0,付加体
control.geojson#764,0,岐阜県,137.7,3.54,32.4,61.86,0.611,6.615,7.0,火成岩
control.geojson#765,0,岐阜県,842.3,39.22,170.4,34.68,0.096,10.444,9.0,火成岩
control.geojson#766,0,岐阜県,213.4,1.47,11.2,67.72,0.272,8.775,7.0,堆積岩
control.geojson#767,0,岐阜県,5.5,0.0,0.5,89.83,0.038,11.985,1.0,堆積岩
control.geojson#768,0,岐阜県,791.7,11.11,57.8,35.96,0.352,15.406,7.0,火成岩
control.geojson#769,0,岐阜県,493.5,0.57,3.1,34.98,0.31,13.415,1.0,堆積岩
control.geojson#770,0,岐阜県,174.2,6.97,52.5,69.07,0.473,10.139,7.0,堆積岩
control.geojson#771,0,岐阜県,98.8,1.0,22.3,69.78,0.378,11.045,1.0,堆積岩
control.geojson#772,0,岐阜県,57.8,0.22,0.8,67.29,0.132,17.064,2.0,堆積岩
control.geojson#773,0,岐阜県,98.7,0.98,20.4,69.78,0.374,11.047,1.0,堆積岩
control.geojson#774,0,岐阜県,2.6,0.0,0.4,97.28,1.557,14.577,2.0,堆積岩
control.geojson#775,0,岐阜県,40.3,0.05,1.2,76.45,0.038,11.898,2.0,堆積岩
control.geojson#776,0,岐阜県,13.8,3.5,5.0,87.32,0.245,20.629,,堆積岩
control.geojson#777,0,岐阜県,179.7,29.79,114.9,59.71,0.557,8.006,2.0,付加体
control.geojson#778,0,岐阜県,108.5,2.81,57.2,67.07,0.086,15.093,7.0,付加体
control.geojson#779,0,岐阜県,961.4,26.15,136.1,34.0,0.318,14.985,9.0,火成岩
control.geojson#780,0,岐阜県,524.5,2.35,36.2,64.2,0.347,10.314,2.0,火成岩
control.geojson#781,0,岐阜県,653.6,0.77,4.9,28.44,0.064,15.532,2.0,堆積岩
control.geojson#782,0,岐阜県,58.5,0.46,3.1,69.68,0.026,12.934,2.0,堆積岩
control.geojson#783,0,岐阜県,413.5,3.36,44.1,57.63,0.227,9.877,6.0,付加体
control.geojson#784,0,岐阜県,244.7,15.44,70.6,48.43,0.034,16.263,6.0,付加体
control.geojson#785,0,岐阜県,105.0,0.0,7.1,58.39,0.213,3.706,1.0,堆積岩
control.geojson#786,0,岐阜県,163.3,18.52,90.7,71.15,0.603,9.875,7.0,付加体
control.geojson#787,0,静岡県,20.7,33.92,79.5,16.03,0.794,12.315,1.0,堆積岩
control.geojson#788,0,静岡県,229.1,17.91,79.7,17.5,0.446,14.194,6.0,火成岩
control.geojson#789,0,静岡県,122.1,10.21,119.3,64.01,0.699,36.692,1.0,付加体
control.geojson#790,0,静岡県,24.2,0.91,2.8,15.45,0.146,11.148,1.0,火成岩
control.geojson#791,0,静岡県,21.0,0.82,3.7,53.12,1.826,28.45,1.0,堆積岩
control.geojson#792,0,静岡県,10.4,0.73,2.3,101.15,0.398,17.063,2.0,堆積岩
control.geojson#793,0,静岡県,125.6,28.4,121.5,17.13,0.718,12.504,1.0,火成岩
control.geojson#794,0,静岡県,,,,17.17,0.375,13.107,6.0,
control.geojson#795,0,静岡県,17.7,1.94,4.9,55.11,0.223,29.113,1.0,堆積岩
control.geojson#796,0,静岡県,267.8,5.72,66.4,19.83,0.603,16.664,6.0,火成岩
control.geojson#797,0,静岡県,39.8,11.63,32.3,97.77,0.284,9.701,6.0,堆積岩
control.geojson#798,0,静岡県,317.8,1.44,38.5,8.66,0.042,5.265,6.0,火成岩
control.geojson#799,0,静岡県,28.4,15.92,47.5,16.77,8.368,13.467,,火成岩
control.geojson#800,0,静岡県,5.2,0.4,1.3,65.66,0.034,36.572,1.0,堆積岩
control.geojson#801,0,静岡県,51.2,9.99,20.6,3.18,0.356,5.552,7.0,火成岩
control.geojson#802,0,静岡県,547.9,3.79,21.2,14.77,0.803,9.266,2.0,火成岩
control.geojson#803,0,静岡県,9.8,8.58,26.2,129.81,0.402,0.395,2.0,堆積岩
control.geojson#804,0,静岡県,11.2,0.57,2.6,52.29,0.388,29.816,1.0,堆積岩
control.geojson#805,0,静岡県,0.0,0.35,1.3,22.58,0.406,14.588,1.0,
control.geojson#806,0,静岡県,21.3,2.06,3.8,18.54,0.158,6.226,1.0,堆積岩
control.geojson#807,0,静岡県,25.3,1.7,32.3,52.85,0.991,27.425,1.0,堆積岩
control.geojson#808,0,静岡県,69.9,0.0,25.0,75.72,0.343,32.942,1.0,付加体
control.geojson#809,0,静岡県,10.0,3.07,20.2,16.23,0.171,11.562,1.0,堆積岩
control.geojson#810,0,静岡県,34.3,36.81,60.9,52.8,0.87,27.284,1.0,堆積岩
control.geojson#811,0,静岡県,23.9,1.11,2.8,15.49,0.102,11.191,1.0,火成岩
control.geojson#812,0,静岡県,49.5,2.73,48.2,25.46,0.484,16.747,3.0,堆積岩
control.geojson#813,0,静岡県,27.5,2.58,9.9,104.72,0.021,15.996,6.0,堆積岩
control.geojson#814,0,静岡県,45.4,1.5,29.2,107.82,0.219,8.978,3.0,堆積岩
control.geojson#815,0,静岡県,2.0,,60.0,6.61,2.446,3.497,6.0,火成岩
control.geojson#816,0,静岡県,0.2,1.42,3.4,16.55,0.448,11.957,1.0,その他
control.geojson#817,0,静岡県,3054.4,27.51,235.1,1.17,7.699,14.092,,火成岩
control.geojson#818,0,静岡県,4.3,1.42,4.0,56.29,0.412,33.358,,堆積岩
control.geojson#819,0,静岡県,25.1,4.21,21.9,116.32,0.219,2.386,1.0,堆積岩
control.geojson#820,0,静岡県,119.7,17.07,71.2,84.18,0.256,28.158,6.0,堆積岩
control.geojson#821,0,静岡県,26.5,0.94,4.4,106.97,0.464,13.569,3.0,堆積岩
control.geojson#822,0,静岡県,43.6,3.74,36.3,107.45,0.189,4.118,3.0,堆積岩
control.geojson#823,0,静岡県,16.5,21.04,12.4,93.97,0.106,39.999,10.0,堆積岩
control.geojson#824,0,静岡県,118.6,4.06,9.2,18.45,0.06,10.172,1.0,火成岩
control.geojson#825,0,静岡県,5.5,4.16,81.3,28.55,0.468,30.323,1.0,堆積岩
control.geojson#826,0,静岡県,7.6,10.94,36.9,3.95,2.303,5.275,3.0,火成岩
control.geojson#827,0,静岡県,14.8,2.68,13.0,24.55,0.441,23.332,2.0,堆積岩
control.geojson#828,0,静岡県,432.9,1.9,35.7,17.55,0.312,14.328,6.0,火成岩
control.geojson#829,0,静岡県,8.0,5.0,30.8,15.3,0.123,17.842,1.0,堆積岩
control.geojson#830,0,静岡県,3.4,0.95,10.1,86.19,1.751,49.089,1.0,堆積岩
control.geojson#831,0,静岡県,5.1,0.0,0.3,115.97,0.532,3.878,1.0,堆積岩
control.geojson#832,0,静岡県,3.1,0.35,1.4,115.79,0.086,1.457,1.0,堆積岩
control.geojson#833,0,静岡県,805.4,2.22,13.6,14.4,0.173,4.348,2.0,火成岩
control.geojson#834,0,静岡県,45.5,0.32,1.1,115.82,0.609,3.721,2.0,堆積岩
control.geojson#835,0,静岡県,24.8,0.07,2.1,104.9,0.06,8.874,2.0,堆積岩
control.geojson#836,0,静岡県,0.0,0.37,0.9,44.23,0.51,29.499,1.0,その他
control.geojson#837,0,静岡県,132.8,29.14,114.2,30.63,0.859,20.014,,堆積岩
control.geojson#838,0,静岡県,4.2,4.88,30.3,16.54,0.11,11.894,1.0,堆積岩
control.geojson#839,0,静岡県,8.2,0.58,2.0,130.26,0.057,0.558,,堆積岩
control.geojson#840,0,静岡県,35.1,25.1,63.9,32.56,1.395,25.503,9.0,堆積岩
control.geojson#841,0,静岡県,0.7,,47.9,31.19,1.787,17.088,,堆積岩
control.geojson#842,0,静岡県,5.2,0.46,4.9,50.41,0.187,29.037,1.0,堆積岩
control.geojson#843,0,静岡県,11.9,0.74,3.1,27.12,0.212,19.104,5.0,堆積岩
control.geojson#844,0,静岡県,52.7,7.61,77.6,99.01,0.033,1.493,6.0,変成岩
control.geojson#845,0,静岡県,301.8,12.77,66.4,42.57,0.051,9.034,6.0,付加体
control.geojson#846,0,静岡県,79.5,4.43,32.8,95.38,0.406,36.756,2.0,堆積岩
control.geojson#847,0,静岡県,26.4,7.67,37.4,68.87,0.383,36.277,3.0,付加体
control.geojson#848,0,静岡県,147.4,23.87,78.9,80.3,0.026,25.043,5.0,付加体
control.geojson#849,0,静岡県,3.0,5.17,29.4,17.32,0.266,13.251,6.0,堆積岩
control.geojson#850,0,静岡県,59.1,0.55,2.1,76.97,0.317,33.252,1.0,堆積岩
control.geojson#851,0,静岡県,5.2,0.29,0.6,81.49,0.199,41.071,2.0,堆積岩
control.geojson#852,0,静岡県,91.7,5.41,64.4,5.84,1.055,3.154,1.0,火成岩
control.geojson#853,0,静岡県,2.8,4.0,28.8,15.93,0.118,12.043,,堆積岩
control.geojson#854,0,静岡県,3.0,5.17,29.4,17.32,0.266,13.251,6.0,堆積岩
control.geojson#855,0,静岡県,20.4,0.84,3.3,69.6,0.151,37.257,3.0,堆積岩
control.geojson#856,0,静岡県,607.3,3.0,21.2,12.4,0.172,2.611,7.0,火成岩
control.geojson#857,0,静岡県,27.2,9.37,69.4,27.8,0.252,15.44,6.0,火成岩
control.geojson#858,0,静岡県,432.8,4.65,16.2,14.29,0.095,5.087,2.0,火成岩
control.geojson#859,0,静岡県,110.7,16.83,68.3,97.01,0.45,29.416,6.0,堆積岩
control.geojson#860,0,静岡県,59.1,0.55,2.1,76.97,0.317,33.252,1.0,堆積岩
control.geojson#861,0,静岡県,84.9,8.18,75.8,5.83,1.092,3.112,1.0,火成岩
control.geojson#862,0,静岡県,617.2,3.62,49.7,17.78,0.583,5.214,7.0,堆積岩
control.geojson#863,0,静岡県,238.8,4.35,39.2,48.51,0.739,32.051,4.0,堆積岩
control.geojson#864,0,静岡県,122.4,1.68,8.1,18.61,0.468,10.784,1.0,火成岩
control.geojson#865,0,三重県,406.6,13.37,115.3,129.06,0.005,23.606,7.0,火成岩
control.geojson#866,0,三重県,5.2,1.45,14.7,171.42,0.148,27.39,1.0,堆積岩
control.geojson#867,0,三重県,3.3,0.66,2.1,116.43,0.661,27.049,1.0,堆積岩
control.geojson#868,0,三重県,481.7,2.73,32.3,182.67,0.928,2.473,6.0,変成岩
control.geojson#869,0,三重県,184.2,3.78,23.8,160.04,0.219,7.451,1.0,堆積岩
control.geojson#870,0,三重県,144.9,2.57,97.7,187.2,0.087,13.778,6.0,火成岩
control.geojson#871,0,三重県,32.5,0.38,4.4,121.4,0.214,20.066,2.0,堆積岩
control.geojson#872,0,三重県,64.0,5.47,17.7,164.87,0.375,11.778,7.0,堆積岩
control.geojson#873,0,三重県,123.9,2.61,33.6,142.67,0.258,11.181,6.0,堆積岩
control.geojson#874,0,三重県,0.8,0.46,1.7,115.58,0.708,29.711,1.0,堆積岩
control.geojson#875,0,三重県,4.0,0.34,1.1,129.29,0.771,27.712,1.0,堆積岩
control.geojson#876,0,三重県,,,,188.47,2.273,47.16,,
control.geojson#877,0,三重県,71.9,1.21,5.8,147.31,0.285,8.204,1.0,堆積岩
control.geojson#878,0,三重県,2.7,0.22,1.4,170.89,0.454,27.433,1.0,堆積岩
control.geojson#879,0,三重県,77.6,3.44,39.5,147.07,0.22,8.192,6.0,堆積岩
control.geojson#880,0,三重県,101.3,2.59,44.5,148.78,0.83,5.718,2.0,堆積岩
control.geojson#881,0,三重県,2.7,0.14,0.5,144.05,0.046,18.526,1.0,堆積岩
control.geojson#882,0,三重県,4.3,0.37,2.2,116.48,0.696,27.274,1.0,堆積岩
control.geojson#883,0,三重県,81.0,13.87,54.7,272.67,0.042,21.683,3.0,火成岩
control.geojson#884,0,三重県,158.5,1.53,8.6,164.59,0.27,12.576,1.0,堆積岩
control.geojson#885,0,三重県,762.1,8.27,94.0,155.75,0.419,1.18,6.0,火成岩
control.geojson#886,0,三重県,-0.1,0.0,0.4,111.82,0.67,22.559,1.0,堆積岩
control.geojson#887,0,三重県,68.0,1.77,28.6,147.19,0.17,8.239,1.0,堆積岩
control.geojson#888,0,三重県,44.5,23.89,34.0,174.06,0.414,8.075,2.0,火成岩
control.geojson#889,0,三重県,34.2,1.47,5.0,171.76,0.205,4.404,2.0,堆積岩
control.geojson#890,0,三重県,134.3,4.56,26.0,167.51,0.475,12.565,6.0,堆積岩
control.geojson#891,0,三重県,286.1,4.64,134.9,186.2,0.0,1.798,8.0,火成岩
control.geojson#892,0,三重県,93.8,1.36,7.3,148.82,0.596,5.001,1.0,堆積岩
control.geojson#893,0,三重県,12.8,2.71,36.1,233.29,0.038,5.046,6.0,堆積岩
control.geojson#894,0,滋賀県,167.6,0.73,6.7,91.7,0.126,9.289,2.0,堆積岩
control.geojson#895,0,滋賀県,105.1,0.25,2.1,140.06,0.77,7.477,1.0,堆積岩
control.geojson#896,0,滋賀県,274.2,8.13,105.7,96.15,1.897,0.37,,付加体
control.geojson#897,0,滋賀県,88.9,0.44,5.0,108.32,0.37,1.198,2.0,堆積岩
control.geojson#898,0,滋賀県,87.9,0.0,0.6,113.93,0.031,1.893,2.0,堆積岩
control.geojson#899,0,滋賀県,248.2,3.48,23.4,151.5,0.643,6.75,6.0,堆積岩
control.geojson#900,0,滋賀県,87.4,0.0,10.1,125.25,0.328,1.687,2.0,堆積岩
control.geojson#901,0,滋賀県,257.9,1.49,7.0,142.7,0.099,13.935,2.0,堆積岩
control.geojson#902,0,滋賀県,161.9,6.6,49.4,84.23,0.087,3.406,6.0,付加体
control.geojson#903,0,滋賀県,86.4,0.0,0.8,139.82,0.995,0.236,2.0,
control.geojson#904,0,滋賀県,90.8,0.35,2.2,141.98,0.412,0.162,,堆積岩
control.geojson#905,0,滋賀県,172.0,4.61,15.4,117.27,0.212,10.671,2.0,付加体
control.geojson#906,0,滋賀県,184.3,29.89,104.3,123.51,1.149,0.147,,火成岩
control.geojson#907,0,滋賀県,96.8,0.13,2.3,146.55,0.195,3.359,1.0,堆積岩
control.geojson#908,0,滋賀県,86.1,0.0,0.2,97.88,0.05,0.208,1.0,堆積岩
control.geojson#909,0,京都府,111.7,6.4,105.0,156.82,1.244,7.346,1.0,付加体
control.geojson#910,0,京都府,2.4,3.54,7.4,150.87,0.571,10.971,,堆積岩
control.geojson#911,0,京都府,40.0,6.93,40.9,174.42,0.36,22.232,7.0,堆積岩
control.geojson#912,0,京都府,167.9,3.18,59.0,148.43,0.042,11.586,7.0,堆積岩
control.geojson#913,0,京都府,14.1,8.21,16.6,166.64,0.253,7.051,1.0,堆積岩
control.geojson#914,0,京都府,310.1,13.86,42.3,170.8,0.081,19.251,6.0,変成岩
control.geojson#915,0,京都府,197.3,2.8,51.1,171.22,0.344,7.482,7.0,堆積岩
control.geojson#916,0,京都府,22.9,2.21,17.6,165.59,0.155,13.463,1.0,堆積岩
control.geojson#917,0,京都府,38.1,3.14,32.8,173.82,0.151,21.933,1.0,堆積岩
control.geojson#918,0,京都府,217.4,12.91,57.7,173.62,0.049,10.231,7.0,火成岩
control.geojson#919,0,京都府,205.7,6.32,99.8,173.96,0.477,18.802,7.0,変成岩
control.geojson#920,0,京都府,102.9,1.93,7.8,166.84,0.093,12.965,1.0,堆積岩
control.geojson#921,0,京都府,65.0,7.77,66.3,177.99,0.559,18.329,2.0,堆積岩
control.geojson#922,0,京都府,306.5,10.46,138.1,165.94,0.248,10.692,7.0,火成岩
control.geojson#923,0,京都府,50.5,6.08,27.6,177.32,0.11,21.161,2.0,堆積岩
control.geojson#924,0,京都府,92.7,3.03,24.9,168.62,0.603,16.357,7.0,堆積岩
control.geojson#925,0,京都府,156.4,6.09,53.5,159.03,0.051,6.824,6.0,付加体
control.geojson#926,0,京都府,51.6,1.91,22.5,166.03,0.329,16.979,1.0,堆積岩
control.geojson#927,0,京都府,133.0,3.05,34.3,165.5,0.291,5.905,2.0,付加体
control.geojson#928,0,京都府,95.4,4.17,41.5,175.2,0.349,15.877,2.0,変成岩
control.geojson#929,0,京都府,16.6,0.64,2.5,165.99,0.124,14.364,2.0,堆積岩
control.geojson#930,0,京都府,19.9,3.57,9.6,165.53,0.096,13.402,1.0,堆積岩
control.geojson#931,0,京都府,15.8,1.0,4.6,176.47,0.339,28.003,1.0,堆積岩
control.geojson#932,0,京都府,60.4,13.51,24.6,181.3,0.109,21.962,1.0,堆積岩
control.geojson#933,0,京都府,18.2,2.16,7.1,165.44,0.042,13.33,1.0,堆積岩
control.geojson#934,0,京都府,240.3,8.6,24.0,144.44,0.237,6.261,7.0,堆積岩
control.geojson#935,0,京都府,36.1,4.68,46.1,174.7,0.037,26.925,7.0,火成岩
control.geojson#936,0,京都府,78.2,6.24,29.2,166.61,0.741,14.452,7.0,堆積岩
control.geojson#937,0,兵庫県,181.6,7.39,25.1,205.95,0.556,10.098,2.0,堆積岩
control.geojson#938,0,兵庫県,24.1,0.6,2.2,178.0,0.31,17.85,,堆積岩
control.geojson#939,0,兵庫県,39.5,0.82,5.4,194.99,0.074,10.571,2.0,堆積岩
control.geojson#940,0,兵庫県,1.9,3.3,44.8,171.35,1.52,18.477,7.0,
control.geojson#941,0,兵庫県,173.2,8.3,74.9,201.11,0.18,8.077,4.0,堆積岩
control.geojson#942,0,兵庫県,13.8,0.78,5.2,195.83,0.344,13.73,1.0,堆積岩
control.geojson#943,0,兵庫県,4.7,3.48,22.3,215.95,0.701,56.736,8.0,その他
control.geojson#944,0,兵庫県,3.9,0.0,0.3,166.81,0.222,16.562,1.0,その他
control.geojson#945,0,兵庫県,14.3,1.09,7.5,195.74,0.318,13.554,1.0,堆積岩
control.geojson#946,0,兵庫県,137.5,4.88,25.5,216.01,0.256,4.054,2.0,堆積岩
control.geojson#947,0,兵庫県,22.2,0.55,3.5,213.7,0.134,7.553,7.0,堆積岩
control.geojson#948,0,兵庫県,0.3,0.74,2.8,212.58,0.98,50.374,6.0,
control.geojson#949,0,兵庫県,14.2,0.47,3.4,187.69,0.109,16.16,2.0,堆積岩
control.geojson#950,0,兵庫県,90.4,9.36,42.3,220.06,0.343,51.413,7.0,堆積岩
control.geojson#951,0,兵庫県,59.3,2.63,50.0,175.38,0.019,28.677,7.0,火成岩
control.geojson#952,0,兵庫県,32.4,0.19,3.3,197.55,0.18,9.151,1.0,堆積岩
control.geojson#953,0,兵庫県,668.0,9.79,52.1,177.62,0.199,13.729,2.0,火成岩
control.geojson#954,0,兵庫県,61.6,5.12,48.8,212.87,0.25,6.894,7.0,火成岩
control.geojson#955,0,兵庫県,1.0,0.86,3.0,226.57,0.122,26.441,2.0,堆積岩
control.geojson#956,0,兵庫県,105.6,3.87,66.8,203.14,0.106,9.351,7.0,火成岩
control.geojson#957,0,兵庫県,53.5,14.93,64.5,196.98,0.204,21.395,2.0,堆積岩
control.geojson#958,0,兵庫県,9.5,0.0,1.5,194.82,0.015,13.656,1.0,堆積岩
control.geojson#959,0,兵庫県,715.3,26.58,125.1,175.33,0.218,3.303,7.0,火成岩
control.geojson#960,0,兵庫県,103.7,17.57,98.7,168.49,0.045,13.953,7.0,火成岩
control.geojson#961,0,兵庫県,110.5,1.76,40.0,190.69,0.003,18.158,2.0,堆積岩
control.geojson#962,0,兵庫県,19.9,0.37,3.8,192.37,0.046,9.181,1.0,堆積岩
control.geojson#963,0,兵庫県,150.7,2.96,18.6,206.17,0.517,0.309,2.0,堆積岩
control.geojson#964,0,兵庫県,202.9,0.38,1.8,184.9,0.338,12.911,1.0,堆積岩
control.geojson#965,0,兵庫県,7.7,0.62,4.9,195.71,0.025,14.481,5.0,堆積岩
control.geojson#966,0,兵庫県,61.4,3.85,11.9,213.75,0.302,9.282,1.0,堆積岩
control.geojson#967,0,兵庫県,1.0,1.01,3.8,188.88,0.249,11.617,,
control.geojson#968,0,兵庫県,1.3,0.64,1.9,205.01,0.187,12.437,1.0,堆積岩
control.geojson#969,0,兵庫県,15.1,0.29,2.8,198.89,0.068,11.546,1.0,堆積岩
control.geojson#970,0,兵庫県,0.4,0.91,2.8,218.51,0.332,54.871,2.0,
control.geojson#971,0,兵庫県,7.5,0.83,3.1,222.57,0.803,13.107,1.0,堆積岩
control.geojson#972,0,兵庫県,43.8,3.25,9.7,212.78,0.105,9.306,2.0,堆積岩
control.geojson#973,0,兵庫県,32.4,0.19,3.3,197.55,0.18,9.151,1.0,堆積岩
control.geojson#974,0,兵庫県,0.6,0.0,0.6,202.1,0.176,6.895,1.0,堆積岩
control.geojson#975,0,兵庫県,185.0,5.25,20.5,203.17,0.932,3.675,2.0,堆積岩
control.geojson#976,0,兵庫県,41.9,7.61,27.6,189.9,0.284,15.977,1.0,付加体
control.geojson#977,0,兵庫県,3.1,0.0,0.6,198.04,0.123,17.44,1.0,堆積岩
control.geojson#978,0,兵庫県,604.8,6.6,91.0,224.33,0.856,52.594,8.0,堆積岩
control.geojson#979,0,兵庫県,281.6,5.92,45.8,165.37,0.276,14.771,7.0,火成岩
control.geojson#980,0,兵庫県,43.5,4.67,54.1,214.01,0.624,41.925,1.0,堆積岩
control.geojson#981,0,兵庫県,4.9,0.0,2.6,206.72,0.182,3.672,1.0,堆積岩
control.geojson#982,0,兵庫県,18.7,0.92,19.3,191.69,0.368,14.163,1.0,付加体
control.geojson#983,0,兵庫県,155.1,2.98,72.5,204.71,0.025,3.889,7.0,付加体
control.geojson#984,0,兵庫県,5.8,2.12,4.9,174.61,0.038,28.203,1.0,堆積岩
control.geojson#985,0,兵庫県,0.6,1.24,2.5,215.52,0.141,58.593,1.0,
control.geojson#986,0,兵庫県,116.1,14.24,92.5,179.5,0.946,25.251,2.0,火成岩
control.geojson#987,0,兵庫県,6.4,0.86,3.3,200.16,0.239,6.568,7.0,堆積岩
control.geojson#988,0,兵庫県,60.0,5.68,18.8,212.63,0.096,10.572,7.0,堆積岩
control.geojson#989,0,兵庫県,26.7,10.06,40.3,191.15,0.155,14.753,1.0,付加体
control.geojson#990,0,兵庫県,922.1,1.0,40.3,185.97,0.538,9.953,7.0,火成岩
control.geojson#991,0,兵庫県,3.9,0.0,0.3,166.81,0.222,16.562,1.0,その他
control.geojson#992,0,兵庫県,24.8,0.52,2.0,196.62,0.233,12.793,2.0,堆積岩
control.geojson#993,0,奈良県,67.3,0.45,2.7,185.11,0.257,16.992,1.0,堆積岩
control.geojson#994,0,奈良県,96.3,3.11,36.7,205.31,0.05,10.526,1.0,火成岩
control.geojson#995,0,奈良県,520.7,16.38,169.4,194.96,0.281,2.823,6.0,火成岩
control.geojson#996,0,奈良県,115.9,2.94,25.9,183.81,0.075,16.175,6.0,堆積岩
control.geojson#997,0,奈良県,71.0,0.47,3.2,203.52,0.445,10.397,2.0,堆積岩
control.geojson#998,0,奈良県,40.9,1.8,5.0,199.0,0.231,19.101,1.0,堆積岩
control.geojson#999,0,奈良県,986.8,26.79,80.5,193.19,0.812,8.225,6.0,火成岩
control.geojson#1000,0,奈良県,132.5,4.71,24.2,206.45,0.091,8.815,3.0,火成岩
control.geojson#1001,0,奈良県,217.0,15.42,108.7,185.26,0.19,13.601,7.0,変成岩
control.geojson#1002,0,奈良県,76.3,1.18,3.9,186.62,0.204,19.509,1.0,堆積岩
control.geojson#1003,0,奈良県,398.9,4.18,51.1,247.86,0.255,2.139,1.0,付加体
control.geojson#1004,0,奈良県,69.8,2.07,7.6,184.73,0.421,18.758,7.0,堆積岩
control.geojson#1005,0,奈良県,1323.8,33.65,109.2,226.59,1.21,11.091,6.0,付加体
control.geojson#1006,0,奈良県,645.7,9.39,96.5,235.54,0.225,14.096,7.0,付加体
control.geojson#1007,0,奈良県,123.7,1.95,17.8,190.3,0.162,10.042,2.0,堆積岩
control.geojson#1008,0,奈良県,127.3,13.73,34.4,203.88,0.402,9.513,3.0,火成岩
control.geojson#1009,0,奈良県,360.0,0.0,83.7,215.31,0.132,4.513,6.0,付加体
control.geojson#1010,0,奈良県,573.9,12.27,78.0,179.44,0.677,1.704,2.0,火成岩
control.geojson#1011,0,奈良県,359.1,2.53,28.8,201.61,0.1,7.419,6.0,堆積岩
control.geojson#1012,0,奈良県,379.5,0.94,26.6,202.14,0.291,7.032,2.0,火成岩
control.geojson#1013,0,奈良県,94.2,1.51,8.1,223.33,0.053,18.686,1.0,堆積岩
control.geojson#1014,0,奈良県,83.6,7.48,24.0,187.87,0.625,12.588,2.0,堆積岩
control.geojson#1015,0,奈良県,233.4,12.85,102.8,211.02,0.082,0.044,,付加体
control.geojson#1016,0,奈良県,826.7,9.05,84.2,225.46,0.022,11.845,6.0,付加体
control.geojson#1017,0,奈良県,215.4,4.26,23.7,219.6,0.206,17.143,2.0,堆積岩
control.geojson#1018,0,奈良県,86.5,0.45,8.0,185.09,0.325,16.195,1.0,堆積岩
control.geojson#1019,0,奈良県,179.4,2.69,31.4,182.91,0.151,28.36,7.0,堆積岩
control.geojson#1020,0,奈良県,74.9,4.75,24.2,207.14,0.171,13.389,2.0,火成岩
control.geojson#1021,0,奈良県,168.1,4.98,85.8,212.43,0.152,2.956,3.0,堆積岩
control.geojson#1022,0,奈良県,300.4,2.87,51.2,207.07,0.1,3.055,6.0,火成岩
control.geojson#1023,0,奈良県,1337.7,23.34,104.9,227.29,1.075,5.75,9.0,付加体
control.geojson#1024,0,奈良県,42.5,0.57,3.4,197.04,0.074,15.519,2.0,堆積岩
control.geojson#1025,0,奈良県,108.3,2.42,29.1,204.69,0.066,10.108,3.0,堆積岩
control.geojson#1026,0,奈良県,457.2,15.29,60.0,191.21,0.047,7.353,6.0,堆積岩
control.geojson#1027,0,奈良県,686.8,21.94,109.4,186.94,0.393,4.203,6.0,火成岩
control.geojson#1028,0,奈良県,573.9,12.27,78.0,179.44,0.677,1.704,2.0,火成岩
control.geojson#1029,0,和歌山県,8.8,0.22,1.3,254.08,0.221,23.554,1.0,堆積岩
control.geojson#1030,0,和歌山県,,,,297.76,0.942,17.718,1.0,堆積岩
control.geojson#1031,0,和歌山県,777.0,16.57,97.0,262.91,1.204,3.571,6.0,変成岩
control.geojson#1032,0,和歌山県,85.1,6.53,48.8,249.39,0.776,28.905,7.0,堆積岩
control.geojson#1033,0,和歌山県,4.3,0.0,0.6,270.27,0.361,28.32,1.0,堆積岩
control.geojson#1034,0,和歌山県,3.2,6.34,47.5,254.48,0.821,21.995,,変成岩
control.geojson#1035,0,和歌山県,8.8,0.24,1.0,264.35,0.233,17.121,1.0,堆積岩
control.geojson#1036,0,和歌山県,8.8,0.22,1.3,254.08,0.221,23.554,1.0,堆積岩
control.geojson#1037,0,和歌山県,0.6,,4.3,258.08,1.793,18.328,1.0,その他
control.geojson#1038,0,和歌山県,29.1,42.49,49.6,253.38,0.968,23.116,,変成岩
control.geojson#1039,0,和歌山県,123.6,7.46,67.3,245.74,0.145,21.697,6.0,堆積岩
control.geojson#1040,0,和歌山県,2.2,0.17,2.8,260.8,0.24,15.655,1.0,堆積岩
control.geojson#1041,0,和歌山県,4.3,0.0,0.6,270.27,0.361,28.32,1.0,堆積岩
control.geojson#1042,0,和歌山県,45.7,6.16,55.0,247.86,0.254,30.044,6.0,堆積岩
control.geojson#1043,0,和歌山県,80.4,4.19,66.2,291.65,0.619,23.068,1.0,付加体
control.geojson#1044,0,和歌山県,654.6,42.02,114.9,249.16,0.023,13.756,6.0,付加体
control.geojson#1045,0,和歌山県,81.9,6.48,43.6,270.7,0.201,19.531,,付加体
control.geojson#1046,0,和歌山県,6.8,11.61,29.6,259.47,0.092,16.96,2.0,堆積岩
control.geojson#1047,0,和歌山県,83.8,3.48,29.3,234.54,0.175,26.833,1.0,堆積岩
control.geojson#1048,0,和歌山県,174.9,7.69,64.5,277.15,0.533,28.831,7.0,付加体
control.geojson#1049,0,和歌山県,6.9,0.44,3.8,276.46,0.446,26.055,,堆積岩
control.geojson#1050,0,和歌山県,50.4,0.8,6.9,245.57,0.052,19.464,3.0,堆積岩
control.geojson#1051,0,鳥取県,774.7,9.91,52.2,87.72,0.115,8.557,8.0,火成岩
control.geojson#1052,0,鳥取県,775.4,14.34,86.3,85.21,0.877,10.975,6.0,堆積岩
control.geojson#1053,0,鳥取県,383.2,7.35,72.1,137.83,0.147,12.021,6.0,堆積岩
control.geojson#1054,0,鳥取県,31.2,8.81,49.8,145.85,0.672,0.952,6.0,火成岩
control.geojson#1055,0,鳥取県,5.3,0.0,0.6,149.96,0.097,3.557,1.0,堆積岩
control.geojson#1056,0,鳥取県,5.0,0.04,5.3,110.17,0.184,10.921,1.0,堆積岩
control.geojson#1057,0,鳥取県,4.7,1.15,15.4,147.83,1.378,1.948,4.0,堆積岩
control.geojson#1058,0,鳥取県,170.1,8.28,28.1,103.18,0.201,16.57,2.0,火成岩
control.geojson#1059,0,鳥取県,112.5,9.03,46.8,151.55,0.358,16.76,3.0,変成岩
control.geojson#1060,0,鳥取県,5.2,0.42,2.0,151.73,0.518,5.524,1.0,堆積岩
control.geojson#1061,0,鳥取県,250.7,7.71,71.3,122.76,0.266,4.845,3.0,火成岩
control.geojson#1062,0,鳥取県,5.2,0.42,2.0,151.73,0.518,5.524,1.0,堆積岩
control.geojson#1063,0,鳥取県,3.1,4.28,19.5,163.43,0.12,17.206,,火成岩
control.geojson#1064,0,鳥取県,19.0,0.48,25.1,116.75,0.068,3.119,2.0,堆積岩
control.geojson#1065,0,鳥取県,5.4,3.12,16.5,72.82,0.248,1.692,2.0,堆積岩
control.geojson#1066,0,鳥取県,566.7,5.41,33.1,69.11,0.44,10.292,2.0,堆積岩
control.geojson#1067,0,鳥取県,4.6,0.37,2.1,152.03,0.497,5.704,9.0,堆積岩
control.geojson#1068,0,鳥取県,49.0,2.31,48.8,131.67,0.101,10.125,2.0,火成岩
control.geojson#1069,0,鳥取県,260.8,9.88,64.4,95.14,0.079,19.647,7.0,火成岩
control.geojson#1070,0,鳥取県,14.9,3.13,40.1,82.22,0.959,11.175,2.0,火成岩
control.geojson#1071,0,島根県,65.8,1.2,44.0,39.53,0.033,10.934,6.0,堆積岩
control.geojson#1072,0,島根県,17.1,7.82,25.5,55.99,0.217,1.463,2.0,堆積岩
control.geojson#1073,0,島根県,7.2,0.39,6.8,114.5,0.019,61.873,2.0,堆積岩
control.geojson#1074,0,島根県,50.8,2.61,40.5,23.41,0.63,1.401,6.0,堆積岩
control.geojson#1075,0,島根県,45.8,7.46,49.8,63.0,0.42,9.305,2.0,変成岩
control.geojson#1076,0,島根県,24.8,6.54,56.8,66.88,0.901,11.196,8.0,変成岩
control.geojson#1077,0,島根県,36.2,14.47,61.5,17.04,0.53,4.793,,堆積岩
control.geojson#1078,0,島根県,163.1,12.47,40.2,32.5,0.254,13.247,2.0,火成岩
control.geojson#1079,0,島根県,324.6,4.88,37.4,34.58,0.209,19.188,2.0,火成岩
control.geojson#1080,0,島根県,5.3,0.8,4.8,60.02,0.438,11.8,1.0,その他
control.geojson#1081,0,島根県,7.1,1.09,10.2,56.21,0.08,18.935,1.0,堆積岩
control.geojson#1082,0,島根県,1140.8,4.18,87.0,50.64,0.933,13.023,9.0,火成岩
control.geojson#1083,0,島根県,27.5,21.12,25.2,53.83,0.15,0.881,2.0,堆積岩
control.geojson#1084,0,島根県,119.2,11.34,57.6,36.81,0.2,2.354,3.0,火成岩
control.geojson#1085,0,島根県,449.3,1.86,63.5,15.93,0.145,4.15,7.0,火成岩
control.geojson#1086,0,島根県,14.3,6.68,32.6,47.91,0.319,27.016,,変成岩
control.geojson#1087,0,島根県,82.1,3.17,28.7,41.5,0.744,2.114,8.0,火成岩
control.geojson#1088,0,島根県,13.5,4.22,22.6,27.83,0.428,7.699,1.0,堆積岩
control.geojson#1089,0,島根県,184.9,5.73,47.2,30.15,0.549,14.227,8.0,火成岩
control.geojson#1090,0,島根県,99.9,10.48,107.0,66.39,2.51,9.309,,火成岩
control.geojson#1091,0,島根県,37.8,17.81,51.5,52.76,0.314,4.445,2.0,堆積岩
control.geojson#1092,0,島根県,386.2,5.38,52.4,34.92,0.602,20.14,1.0,火成岩
control.geojson#1093,0,島根県,179.0,6.64,62.7,15.99,0.457,24.347,6.0,火成岩
control.geojson#1094,0,島根県,84.3,8.29,49.7,19.37,0.117,13.06,2.0,火成岩
control.geojson#1095,0,島根県,,,,52.07,0.134,23.575,,
control.geojson#1096,0,島根県,532.5,8.05,67.5,61.52,0.044,8.564,7.0,火成岩
control.geojson#1097,0,岡山県,24.1,9.44,94.6,133.22,0.69,7.737,7.0,火成岩
control.geojson#1098,0,岡山県,226.0,26.5,55.9,117.02,0.422,10.807,2.0,堆積岩
control.geojson#1099,0,岡山県,5.5,0.17,0.7,120.95,0.245,9.305,1.0,堆積岩
control.geojson#1100,0,岡山県,408.3,2.21,15.8,91.02,0.018,9.088,2.0,堆積岩
control.geojson#1101,0,岡山県,9.8,1.4,51.6,139.29,0.023,14.762,7.0,火成岩
control.geojson#1102,0,岡山県,40.1,0.38,23.3,145.84,0.046,11.35,7.0,堆積岩
control.geojson#1103,0,岡山県,535.9,0.95,30.5,93.18,0.173,8.516,2.0,堆積岩
control.geojson#1104,0,岡山県,6.1,4.51,53.1,157.28,0.692,16.17,1.0,
control.geojson#1105,0,岡山県,7.9,3.71,47.3,124.45,0.145,10.239,2.0,付加体
control.geojson#1106,0,岡山県,192.7,2.5,9.5,77.88,0.047,6.785,2.0,堆積岩
control.geojson#1107,0,岡山県,448.3,4.44,70.7,130.27,0.121,8.972,6.0,火成岩
control.geojson#1108,0,岡山県,5.0,15.3,29.8,134.77,0.176,15.836,2.0,堆積岩
control.geojson#1109,0,岡山県,760.1,9.89,37.2,125.31,0.332,0.193,2.0,堆積岩
control.geojson#1110,0,岡山県,486.7,8.59,73.4,143.24,0.328,19.762,7.0,火成岩
control.geojson#1111,0,岡山県,2.7,0.29,0.9,129.59,0.164,7.915,1.0,堆積岩
control.geojson#1112,0,岡山県,535.4,5.24,26.8,95.12,0.23,8.163,2.0,堆積岩
control.geojson#1113,0,岡山県,29.4,0.0,27.5,97.28,0.036,24.664,1.0,堆積岩
control.geojson#1114,0,岡山県,23.2,1.05,7.3,116.89,0.19,10.782,7.0,堆積岩
control.geojson#1115,0,岡山県,3.7,0.36,2.4,123.9,0.508,9.01,2.0,堆積岩
control.geojson#1116,0,岡山県,270.4,2.29,28.7,147.78,0.765,7.042,2.0,火成岩
control.geojson#1117,0,岡山県,476.1,6.46,72.9,89.49,0.536,10.455,6.0,火成岩
control.geojson#1118,0,岡山県,424.3,1.43,9.3,101.83,0.107,5.434,2.0,堆積岩
control.geojson#1119,0,岡山県,119.1,5.94,35.7,138.9,0.638,2.612,7.0,火成岩
control.geojson#1120,0,岡山県,83.1,3.23,34.0,152.62,0.647,21.122,3.0,火成岩
control.geojson#1121,0,岡山県,4.7,0.87,5.7,132.29,0.561,0.699,2.0,その他
control.geojson#1122,0,岡山県,6.8,0.73,5.3,109.63,0.026,24.83,7.0,堆積岩
control.geojson#1123,0,岡山県,700.2,9.15,44.7,123.28,0.052,2.801,4.0,火成岩
control.geojson#1124,0,山口県,3.9,1.7,68.4,78.41,3.364,15.037,2.0,堆積岩
control.geojson#1125,0,山口県,40.6,1.9,14.3,57.42,0.495,4.767,2.0,堆積岩
control.geojson#1126,0,山口県,168.8,0.38,43.6,20.54,0.036,14.957,7.0,付加体
control.geojson#1127,0,山口県,4.2,0.37,2.0,84.59,0.132,10.062,2.0,堆積岩
control.geojson#1128,0,山口県,17.9,2.1,14.2,47.0,0.073,15.356,7.0,堆積岩
control.geojson#1129,0,山口県,5.7,1.65,9.8,69.11,1.79,19.223,1.0,堆積岩
control.geojson#1130,0,山口県,29.6,17.38,38.6,84.99,1.11,14.371,,火成岩
control.geojson#1131,0,山口県,160.5,6.18,33.1,80.36,0.49,6.413,7.0,付加体
control.geojson#1132,0,山口県,45.5,11.71,84.4,50.4,0.971,8.062,7.0,堆積岩
control.geojson#1133,0,山口県,5.5,14.15,61.4,62.8,0.256,22.255,6.0,火成岩
control.geojson#1134,0,山口県,984.8,16.4,122.9,26.92,0.308,15.249,5.0,火成岩
control.geojson#1135,0,山口県,37.9,10.61,62.2,93.72,0.587,19.021,,火成岩
control.geojson#1136,0,山口県,42.8,23.84,79.7,87.83,2.411,18.414,2.0,火成岩
control.geojson#1137,0,山口県,488.4,16.59,146.2,47.03,0.409,12.954,8.0,火成岩
control.geojson#1138,0,山口県,8.5,5.25,58.2,97.69,0.128,23.021,,火成岩
control.geojson#1139,0,山口県,0.1,0.53,1.6,19.43,0.692,2.148,,
control.geojson#1140,0,山口県,5.1,1.9,10.0,57.61,0.537,22.742,2.0,堆積岩
control.geojson#1141,0,山口県,160.5,6.18,33.1,80.36,0.49,6.413,7.0,付加体
control.geojson#1142,0,山口県,132.0,2.89,17.8,33.2,0.451,0.388,7.0,堆積岩
control.geojson#1143,0,山口県,29.1,0.93,23.3,30.83,0.247,2.842,6.0,堆積岩
control.geojson#1144,0,山口県,357.4,4.21,20.5,58.56,0.451,1.715,2.0,火成岩
control.geojson#1145,0,山口県,280.9,4.06,19.4,45.49,0.049,0.088,7.0,
control.geojson#1146,0,山口県,9.0,0.24,0.9,77.59,0.26,4.891,2.0,堆積岩
control.geojson#1147,0,山口県,1.4,0.94,3.3,69.36,1.854,19.206,1.0,
control.geojson#1148,0,山口県,32.3,42.0,47.3,79.58,0.063,5.643,1.0,堆積岩
control.geojson#1149,0,山口県,1.7,7.96,39.6,67.5,0.368,20.885,1.0,
control.geojson#1150,0,山口県,3.6,5.32,5.3,71.35,0.225,10.331,2.0,堆積岩
control.geojson#1151,0,山口県,8.2,0.76,8.1,32.75,0.157,13.051,7.0,堆積岩
control.geojson#1152,0,山口県,4.8,0.16,2.3,47.57,0.483,20.053,2.0,堆積岩
control.geojson#1153,0,山口県,30.8,11.05,50.5,81.91,0.446,7.548,7.0,変成岩
control.geojson#1154,0,山口県,5.8,5.94,23.7,51.95,4.832,26.913,,堆積岩
control.geojson#1155,0,山口県,45.6,7.16,66.9,67.33,0.268,20.956,1.0,堆積岩
control.geojson#1156,0,山口県,4.0,0.39,4.0,93.19,0.107,18.331,,堆積岩
control.geojson#1157,0,山口県,9.1,0.35,1.7,83.9,0.074,11.564,2.0,堆積岩
control.geojson#1158,0,山口県,178.7,4.0,25.6,7.56,0.149,6.118,6.0,火成岩
control.geojson#1159,0,徳島県,13.9,0.0,0.4,198.85,0.091,27.346,2.0,堆積岩
control.geojson#1160,0,徳島県,368.4,12.96,91.9,206.54,0.727,23.243,7.0,変成岩
control.geojson#1161,0,徳島県,1.5,0.05,0.5,229.24,0.388,31.938,2.0,堆積岩
control.geojson#1162,0,徳島県,129.7,29.21,52.8,226.64,0.018,18.705,7.0,堆積岩
control.geojson#1163,0,徳島県,26.4,4.38,67.5,203.19,0.13,40.236,3.0,堆積岩
control.geojson#1164,0,徳島県,195.6,5.28,146.1,186.25,0.006,25.067,6.0,変成岩
control.geojson#1165,0,徳島県,24.5,1.27,61.9,203.2,0.157,40.193,3.0,堆積岩
control.geojson#1166,0,徳島県,331.4,12.45,115.4,210.05,0.07,9.107,6.0,堆積岩
control.geojson#1167,0,徳島県,5.9,1.41,39.3,235.04,0.272,18.191,8.0,付加体
control.geojson#1168,0,徳島県,136.4,9.41,84.4,192.82,0.126,34.409,7.0,堆積岩
control.geojson#1169,0,徳島県,298.9,7.38,127.9,179.67,0.007,20.797,2.0,変成岩
control.geojson#1170,0,徳島県,80.6,4.04,21.7,169.08,0.175,12.823,2.0,堆積岩
control.geojson#1171,0,徳島県,4.9,4.18,42.1,222.89,0.084,28.339,7.0,堆積岩
control.geojson#1172,0,徳島県,16.4,0.53,4.2,203.45,0.193,39.428,2.0,堆積岩
control.geojson#1173,0,徳島県,35.1,1.28,6.5,184.0,0.073,20.382,4.0,堆積岩
control.geojson#1174,0,徳島県,1.8,0.18,0.8,213.85,0.1,32.862,1.0,
control.geojson#1175,0,徳島県,7.3,0.0,0.5,204.36,0.311,29.229,2.0,堆積岩
control.geojson#1176,0,徳島県,38.5,1.75,25.2,191.1,0.094,26.748,2.0,堆積岩
control.geojson#1177,0,徳島県,22.3,32.49,75.2,219.7,1.095,30.738,7.0,変成岩
control.geojson#1178,0,徳島県,8.4,0.79,43.4,235.9,0.647,21.635,7.0,付加体
control.geojson#1179,0,徳島県,435.4,32.14,185.2,205.27,0.0,14.708,6.0,付加体
control.geojson#1180,0,徳島県,903.2,20.08,81.2,158.92,0.688,17.755,7.0,堆積岩
control.geojson#1181,0,徳島県,706.1,13.65,137.5,201.06,0.393,18.891,6.0,変成岩
control.geojson#1182,0,徳島県,450.4,12.05,114.6,195.85,0.53,37.889,7.0,堆積岩
control.geojson#1183,0,徳島県,18.5,9.29,22.0,233.79,0.432,20.527,2.0,堆積岩
control.geojson#1184,0,徳島県,32.4,1.17,25.7,186.86,0.007,23.248,3.0,堆積岩
control.geojson#1185,0,徳島県,99.0,16.52,40.4,193.59,0.281,33.585,7.0,堆積岩
control.geojson#1186,0,愛媛県,274.6,3.64,80.9,101.47,0.532,6.904,2.0,付加体
control.geojson#1187,0,愛媛県,807.0,11.07,73.4,100.01,0.651,22.336,6.0,変成岩
control.geojson#1188,0,愛媛県,199.1,26.22,55.2,115.88,0.034,7.371,7.0,付加体
control.geojson#1189,0,愛媛県,61.6,12.64,92.5,118.74,1.051,14.049,7.0,火成岩
control.geojson#1190,0,愛媛県,164.6,12.02,85.0,110.49,0.243,41.724,2.0,付加体
control.geojson#1191,0,愛媛県,5.0,2.79,23.2,102.08,0.107,35.324,,付加体
control.geojson#1192,0,愛媛県,10.3,1.67,7.9,106.61,0.097,14.3,1.0,堆積岩
control.geojson#1193,0,愛媛県,114.7,3.04,30.3,148.29,0.213,9.112,3.0,堆積岩
control.geojson#1194,0,愛媛県,196.0,4.52,40.4,128.96,0.875,7.666,7.0,火成岩
control.geojson#1195,0,愛媛県,5.4,0.53,1.2,144.59,0.172,15.259,1.0,堆積岩
control.geojson#1196,0,愛媛県,387.9,25.96,176.7,147.89,0.673,9.369,6.0,堆積岩
control.geojson#1197,0,愛媛県,275.5,6.34,88.4,133.07,0.043,12.997,6.0,変成岩
control.geojson#1198,0,愛媛県,104.4,3.57,37.2,130.09,0.218,9.044,2.0,火成岩
control.geojson#1199,0,愛媛県,9.8,0.0,1.5,142.3,0.203,8.241,2.0,堆積岩
control.geojson#1200,0,愛媛県,0.8,0.33,0.5,143.31,0.152,7.872,2.0,その他
control.geojson#1201,0,愛媛県,5.7,1.11,5.2,105.36,0.18,14.042,1.0,堆積岩
control.geojson#1202,0,愛媛県,141.3,16.81,30.9,116.66,0.153,13.397,2.0,堆積岩
control.geojson#1203,0,愛媛県,188.1,1.67,23.0,108.5,0.321,4.388,2.0,付加体
control.geojson#1204,0,愛媛県,181.3,12.61,76.3,125.54,0.041,15.286,6.0,堆積岩
control.geojson#1205,0,愛媛県,2.9,0.13,0.3,145.13,0.096,5.852,2.0,堆積岩
control.geojson#1206,0,愛媛県,321.1,17.85,122.6,163.02,0.409,9.123,6.0,変成岩
control.geojson#1207,0,愛媛県,0.8,0.33,0.5,143.31,0.152,7.872,2.0,その他
control.geojson#1208,0,愛媛県,3.8,1.16,5.3,105.58,0.258,14.836,3.0,堆積岩
control.geojson#1209,0,愛媛県,45.5,8.05,55.3,135.41,0.292,10.902,2.0,火成岩
control.geojson#1210,0,愛媛県,35.9,4.58,73.3,138.23,0.842,7.807,1.0,堆積岩
control.geojson#1211,0,愛媛県,5.7,0.49,1.5,144.57,0.227,15.213,1.0,堆積岩
control.geojson#1212,0,愛媛県,91.6,4.06,23.1,119.28,0.111,16.375,2.0,堆積岩
control.geojson#1213,0,愛媛県,6.3,0.54,2.8,144.41,0.204,16.577,10.0,堆積岩
control.geojson#1214,0,愛媛県,320.5,2.0,84.0,72.89,0.512,37.301,9.0,変成岩
control.geojson#1215,0,愛媛県,5.6,0.54,2.1,144.3,0.24,16.629,10.0,堆積岩
control.geojson#1216,0,愛媛県,3.0,11.93,67.7,75.46,2.023,34.941,9.0,堆積岩
control.geojson#1217,0,愛媛県,110.2,14.37,68.0,135.62,0.087,9.43,2.0,火成岩
control.geojson#1218,0,愛媛県,102.0,3.49,58.0,117.31,0.174,10.8,2.0,変成岩
control.geojson#1219,0,愛媛県,6.3,4.46,26.9,111.39,0.887,28.739,7.0,火成岩
control.geojson#1220,0,愛媛県,368.2,8.93,55.5,75.43,1.681,35.462,3.0,変成岩
control.geojson#1221,0,愛媛県,2.8,0.07,0.3,145.16,0.099,5.824,2.0,堆積岩
control.geojson#1222,0,愛媛県,0.9,0.33,0.5,143.51,0.248,7.795,2.0,その他
control.geojson#1223,0,高知県,214.9,12.62,77.5,150.97,0.027,42.533,7.0,付加体
control.geojson#1224,0,高知県,22.8,1.89,25.5,200.91,0.026,12.864,6.0,堆積岩
control.geojson#1225,0,高知県,255.0,2.47,18.8,177.0,0.116,0.798,6.0,堆積岩
control.geojson#1226,0,高知県,6.3,1.62,4.4,204.61,0.155,16.462,1.0,堆積岩
control.geojson#1227,0,高知県,32.0,6.01,36.2,194.54,0.321,14.043,1.0,変成岩
control.geojson#1228,0,高知県,2.8,5.07,9.2,150.95,0.305,70.049,9.0,
control.geojson#1229,0,高知県,256.3,34.68,137.2,192.97,0.585,5.041,6.0,付加体
control.geojson#1230,0,高知県,309.0,12.76,125.9,181.25,0.254,6.948,6.0,変成岩
control.geojson#1231,0,高知県,4.8,0.48,2.5,195.34,0.012,14.257,1.0,
control.geojson#1232,0,高知県,11.3,3.5,55.9,143.16,0.268,49.048,8.0,堆積岩
control.geojson#1233,0,高知県,355.2,12.48,112.0,175.97,0.217,0.06,,変成岩
control.geojson#1234,0,高知県,4.5,1.11,5.3,171.73,0.121,33.93,2.0,堆積岩
control.geojson#1235,0,高知県,9.4,0.65,67.9,157.13,0.114,51.405,8.0,堆積岩
control.geojson#1236,0,高知県,8.0,0.58,3.0,148.05,0.0,54.205,2.0,
control.geojson#1237,0,高知県,4.2,0.47,2.8,196.18,0.11,12.337,1.0,堆積岩
control.geojson#1238,0,福岡県,91.0,1.18,17.1,87.87,0.453,11.951,2.0,堆積岩
control.geojson#1239,0,福岡県,9.8,9.36,18.3,87.37,0.471,10.149,2.0,堆積岩
control.geojson#1240,0,福岡県,30.1,0.18,0.6,53.81,0.047,27.047,2.0,堆積岩
control.geojson#1241,0,福岡県,5.1,0.19,4.8,85.48,0.156,13.315,8.0,堆積岩
control.geojson#1242,0,福岡県,22.6,0.86,3.7,59.09,0.252,33.266,6.0,堆積岩
control.geojson#1243,0,福岡県,6.0,0.5,2.9,85.48,0.228,13.065,2.0,堆積岩
control.geojson#1244,0,福岡県,6.9,0.4,3.1,91.46,0.141,16.501,2.0,堆積岩
control.geojson#1245,0,福岡県,16.5,4.3,41.7,96.37,0.183,21.214,6.0,変成岩
control.geojson#1246,0,福岡県,2.5,5.11,16.5,94.0,0.171,19.787,,堆積岩
control.geojson#1247,0,福岡県,5.5,0.41,1.9,42.29,0.168,36.769,1.0,堆積岩
control.geojson#1248,0,福岡県,10.1,0.26,2.8,89.35,0.606,14.264,2.0,堆積岩
control.geojson#1249,0,福岡県,24.1,16.39,21.0,41.42,0.44,39.592,1.0,堆積岩
control.geojson#1250,0,福岡県,16.9,13.06,29.9,95.11,0.314,20.528,,堆積岩
control.geojson#1251,0,福岡県,4.8,1.08,5.1,92.8,0.397,15.12,1.0,その他
control.geojson#1252,0,福岡県,63.7,4.39,41.6,43.46,0.452,42.166,3.0,火成岩
control.geojson#1253,0,福岡県,5.9,1.28,2.9,46.92,0.299,34.642,2.0,堆積岩
control.geojson#1254,0,福岡県,0.8,3.44,5.9,93.84,0.733,20.98,,堆積岩
control.geojson#1255,0,福岡県,28.6,0.38,2.3,86.84,0.264,14.022,1.0,堆積岩
control.geojson#1256,0,福岡県,4.4,0.45,5.1,101.93,0.181,19.23,6.0,堆積岩
control.geojson#1257,0,福岡県,37.0,0.61,18.5,75.29,0.778,25.151,1.0,堆積岩
control.geojson#1258,0,佐賀県,14.5,0.34,2.8,61.15,0.088,11.899,2.0,堆積岩
control.geojson#1259,0,佐賀県,0.1,0.0,0.4,45.98,0.723,27.077,,その他
control.geojson#1260,0,佐賀県,225.2,41.48,136.3,63.26,0.011,10.535,8.0,火成岩
control.geojson#1261,0,佐賀県,,,,95.08,0.826,34.428,,
control.geojson#1262,0,佐賀県,4.8,0.09,3.3,53.29,0.027,26.113,2.0,堆積岩
control.geojson#1263,0,佐賀県,65.7,5.33,42.1,62.79,0.185,25.676,2.0,堆積岩
control.geojson#1264,0,佐賀県,4.6,0.15,3.1,79.31,0.117,18.015,2.0,堆積岩
control.geojson#1265,0,佐賀県,,,,94.3,0.08,33.873,2.0,堆積岩
control.geojson#1266,0,佐賀県,101.0,29.04,65.3,60.45,0.214,24.588,8.0,火成岩
control.geojson#1267,0,佐賀県,18.5,0.78,4.1,62.85,0.165,15.674,2.0,堆積岩
control.geojson#1268,0,佐賀県,86.3,4.96,79.4,63.79,0.497,12.283,3.0,変成岩
control.geojson#1269,0,佐賀県,100.8,1.26,36.9,61.92,0.236,21.08,6.0,堆積岩
control.geojson#1270,0,佐賀県,104.4,23.54,44.7,72.14,0.069,20.47,1.0,火成岩
control.geojson#1271,0,佐賀県,166.6,2.42,36.8,83.62,0.347,33.408,8.0,火成岩
control.geojson#1272,0,佐賀県,36.6,0.98,26.2,60.72,0.083,13.398,2.0,堆積岩
control.geojson#1273,0,長崎県,9.1,2.52,49.9,105.78,0.02,68.361,1.0,火成岩
control.geojson#1274,0,長崎県,69.3,3.92,17.5,6.03,0.307,32.607,1.0,火成岩
control.geojson#1275,0,長崎県,237.2,12.11,110.7,79.17,0.866,40.937,3.0,堆積岩
control.geojson#1276,0,長崎県,12.3,7.65,43.8,96.69,0.427,58.643,8.0,堆積岩
control.geojson#1277,0,長崎県,30.6,9.68,54.8,61.85,0.262,24.038,1.0,堆積岩
control.geojson#1278,0,長崎県,22.3,10.09,22.2,54.51,4.752,44.823,,堆積岩
control.geojson#1279,0,長崎県,5.5,0.89,3.9,47.04,0.033,8.795,2.0,堆積岩
control.geojson#1280,0,長崎県,1.2,,29.6,19.85,0.634,38.008,,
control.geojson#1281,0,長崎県,1.4,4.41,15.0,95.41,1.021,66.456,1.0,
control.geojson#1282,0,長崎県,4.5,0.83,4.6,35.71,0.442,7.455,1.0,堆積岩
control.geojson#1283,0,長崎県,,,,30.7,0.095,,4.0,
control.geojson#1284,0,長崎県,6.5,1.23,11.3,25.09,0.024,15.691,1.0,堆積岩
control.geojson#1285,0,長崎県,0.6,3.37,12.9,62.18,0.28,30.439,9.0,変成岩
control.geojson#1286,0,長崎県,111.4,1.97,58.8,90.43,1.069,47.051,8.0,火成岩
control.geojson#1287,0,大分県,106.5,5.46,67.2,25.16,0.065,26.941,2.0,堆積岩
control.geojson#1288,0,大分県,3.2,8.83,76.5,73.1,0.753,60.372,9.0,付加体
control.geojson#1289,0,大分県,16.7,7.75,26.7,38.92,0.167,32.849,1.0,火成岩
control.geojson#1290,0,大分県,303.0,8.69,71.6,19.7,0.21,16.221,8.0,火成岩
control.geojson#1291,0,大分県,6.0,0.15,1.2,30.15,0.326,32.664,1.0,堆積岩
control.geojson#1292,0,大分県,1033.0,4.95,31.1,4.61,0.43,20.279,8.0,火成岩
control.geojson#1293,0,大分県,17.8,5.75,70.5,10.08,1.015,6.229,9.0,火成岩
control.geojson#1294,0,大分県,6.2,0.55,2.4,23.09,0.336,23.073,2.0,その他
control.geojson#1295,0,大分県,85.6,0.5,2.2,39.55,0.14,15.569,6.0,堆積岩
control.geojson#1296,0,大分県,54.7,2.84,17.2,5.61,0.369,3.798,2.0,火成岩
control.geojson#1297,0,大分県,7.5,1.71,4.3,13.78,0.156,13.993,3.0,その他
control.geojson#1298,0,大分県,726.1,2.03,23.1,6.32,0.11,18.763,6.0,火成岩
control.geojson#1299,0,大分県,613.2,4.94,44.6,27.99,0.029,10.155,5.0,火成岩
control.geojson#1300,0,大分県,5.8,0.18,1.2,30.05,0.389,32.567,1.0,堆積岩
control.geojson#1301,0,大分県,53.9,14.06,43.9,20.15,0.036,14.84,1.0,堆積岩
control.geojson#1302,0,大分県,5.4,0.18,1.2,30.13,0.434,32.647,1.0,堆積岩
control.geojson#1303,0,大分県,348.3,3.23,61.8,16.33,0.036,0.809,7.0,火成岩
control.geojson#1304,0,大分県,5.8,0.32,0.8,39.85,0.279,39.606,1.0,堆積岩
control.geojson#1305,0,大分県,464.5,12.89,45.0,12.6,0.166,5.937,2.0,堆積岩
control.geojson#1306,0,大分県,56.9,2.32,33.4,31.32,0.108,31.428,2.0,堆積岩
control.geojson#1307,0,大分県,9.6,0.39,16.8,52.25,0.103,41.303,10.0,堆積岩
control.geojson#1308,0,大分県,15.6,7.77,16.3,44.99,1.179,36.267,,火成岩
control.geojson#1309,0,大分県,85.1,0.32,2.0,38.84,0.307,14.388,1.0,堆積岩
control.geojson#1310,0,大分県,4.2,0.3,2.2,36.96,0.047,39.258,2.0,その他
control.geojson#1311,0,大分県,0.5,1.62,30.4,38.1,0.049,34.541,,堆積岩
control.geojson#1312,0,大分県,480.6,2.64,17.4,15.98,0.447,20.866,7.0,火成岩
control.geojson#1313,0,大分県,9.3,2.9,58.3,41.95,1.27,38.429,7.0,変成岩
control.geojson#1314,0,大分県,3.5,0.0,0.3,17.65,0.652,13.656,1.0,堆積岩
control.geojson#1315,0,大分県,333.7,16.54,78.5,33.1,0.871,34.808,6.0,火成岩
control.geojson#1316,0,鹿児島県,8.3,17.24,118.9,7.91,0.856,25.002,8.0,堆積岩
control.geojson#1317,0,鹿児島県,128.3,0.76,22.6,21.72,0.211,17.424,6.0,火成岩
control.geojson#1318,0,沖縄県,14.9,6.19,22.3,143.77,0.429,12.727,9.0,堆積岩
control.geojson#1319,0,沖縄県,136.2,3.83,33.0,181.8,0.527,14.878,2.0,堆積岩
